"job_count",title,"company_name",location,"source_url",schedule
1,"Trưởng Nhóm Thiết Kế - Graphic Design Lead","CÔNG TY CỔ PHẦN TẬP ĐOÀN KHẢI HOÀN LAND","- Hồ Chí Minh: 11 Hưng Gia 4, Phú Mỹ Hưng, Quận 7, Phường Tân Hưng (Quận 7 cũ)","https://www.topcv.vn/viec-lam/truong-nhom-thiet-ke-graphic-design-lead/2118731.html","Thứ 2 - Thứ 6 (từ 08:30 đến 17:30)
Thứ 7 (từ 08:30 đến 12:00)
Nghỉ trưa: 1 tiếng 30 phút"
1,"Nhân Viên System Engineer (HCM)","CÔNG TY CỔ PHẦN GIẢI PHÁP ĐIỆN TỬ VIỆT HỒNG QUANG","- Hồ Chí Minh: 328 Võ Văn Kiệt, Phường Cầu Ông Lãnh (Quận 1 cũ)","https://www.topcv.vn/viec-lam/nhan-vien-system-engineer-hcm/2072272.html","Thứ 2 - Thứ 6 (từ 08:00 đến 17:00)
Thứ 7 (từ 08:00 đến 12:00)
Thứ 7 chỉ làm buổi sáng, không bắt buộc phải lên văn phòng"
1,"Nhân Viên Designer","CÔNG TY TNHH GIẢI PHÁP THIẾT KẾ BÌNH NGUYÊN","- Hà Nội: Ngõ 2 Nghĩa Lộ, Phường Yên Nghĩa (quận Hà Đông cũ)","https://www.topcv.vn/viec-lam/nhan-vien-designer/1568633.html","Thứ 2 - Thứ 7 (từ 08:00 đến 17:30)"
1,"Nhân Viên Kinh Doanh Phần Mềm","Công ty CP Đầu tư thương mại và công nghệ BKT","- Hà Nội: P308, SẢNH 2, TÒA A1, CHUNG CƯ IA20, Phường Phú Thượng (quận Tây Hồ cũ)","https://www.topcv.vn/viec-lam/nhan-vien-kinh-doanh-phan-mem/2117986.html","Thứ 2 - Thứ 6 (từ 08:00 đến 17:30)
Thứ 7 (từ 08:00 đến 12:00)"
1,"Expert, Finance Systems & AI","NGÂN HÀNG THƯƠNG MẠI CỔ PHẦN KỸ THƯƠNG VIỆT NAM","- Hà Nội: Hội sở Techcombank 06 Quang Trung, Phường Hoàn Kiếm (quận Hoàn Kiếm cũ)","https://www.topcv.vn/brand/techcombank/tuyen-dung/expert-finance-systems-ai-j2142201.html","[""Thứ 2 - Thứ 6 (từ 09:00 đến 18:00)\nThứ 7 (từ 08:00 đến 12:00)""]"
1,"Nhân Viên IT","Chi Nhánh Công Ty Cổ Phần Đầu Tư Thế Giới Sữa tại Nghệ An","- Nghệ An: Lô 9, Khu Công Nghiệp Nhỏ Hưng Lộc, Phường Vinh Lộc (Thành phố Vinh cũ)","https://www.topcv.vn/viec-lam/nhan-vien-it/2120097.html","Thứ 2 - Thứ 7 (từ 07:30 đến 16:30)"
1,"Chuyên Viên Tư Vấn Phát Triển ERP Cao Cấp","CÔNG TY TNHH MENAS","- Hồ Chí Minh: 58 Nguyễn Đình Chiểu cũ), Phường Tân Định (Quận 1 cũ)","https://www.topcv.vn/viec-lam/chuyen-vien-tu-van-phat-trien-erp-cao-cap/2108153.html","Thứ 2 - Thứ 6 (từ 08:00 đến 17:00)
Thứ 7 (từ 08:00 đến 12:00)"
1,"Graphic/Visual Designer, Thời Trang Nữ Cao Cấp, Quận 2, Thu Nhập Tốt, Nhiều Không Gian Sáng Tạo, Kết Hợp AI, Đi Làm Ngay","Thương hiệu thời trang Oceana London","- Hồ Chí Minh: Oceana Baga Office, 9 Đường Số 40, Phường An Khánh (Thành phố Thủ Đức cũ)","https://www.topcv.vn/viec-lam/graphic-visual-designer-thoi-trang-nu-cao-cap-quan-2-thu-nhap-tot-nhieu-khong-gian-sang-tao-ket-hop-ai-di-lam-ngay/2093786.html","Thứ 2 - Thứ 6 (từ 09:00 đến 18:00)
Thứ 7 (từ 09:00 đến 13:00)"
1,"Kỹ Sư Giải Pháp","Công Ty Cổ Phần Quốc Tế World Star (Wsi)","- Hưng Yên: Khu Công Nghiệp Số 3, Xã Xuân Trúc (huyện Ân Thi cũ)","https://www.topcv.vn/viec-lam/ky-su-giai-phap/1804157.html","Thứ 2 - Thứ 6 (từ 08:00 đến 17:00)
Luân phiên Thứ 7 tù 8h-12h"
1,"Chuyên Viên Thiết Kế","Công Ty Cổ Phần Hoàn Cầu Resort Vịnh Kim Cương","- Khánh Hòa: Đại Lộ Nguyễn Tất Thành, thôn Phước Hạ, Phường Nam Nha Trang (Thành phố Nha Trang cũ)","https://www.topcv.vn/viec-lam/chuyen-vien-thiet-ke/2118247.html","Thứ 2 - Thứ 7 (từ 08:00 đến 17:00)"
1,"Graphic Designer - Thiết Kế Nhận Diện Thương Hiệu","CÔNG TY CP 100B HOLDING","- Hà Nội: (Tất cả phường)","https://www.topcv.vn/viec-lam/graphic-designer-thiet-ke-nhan-dien-thuong-hieu/2113787.html","Thứ 2 - Thứ 6 (từ 08:30 đến 17:30)
Thứ 7 (từ 08:30 đến 12:30)"
1,"Mobile Developer","Công ty Cổ Phần Đầu tư Công nghệ Trip","- Hà Nội: Phường Từ Liêm (quận Nam Từ Liêm cũ)","https://www.topcv.vn/viec-lam/mobile-developer/1913414.html","Thứ 2 - Thứ 6 (từ 08:30 đến 18:00)
2 thứ 7 trong tháng: 8h30 - 17:00."
1,"Nhân Viên Kỹ Thuật Phần Cứng Công Nghệ Thông Tin","CÔNG TY CỔ PHẦN VDO","- Hà Nội: Tầng 18 toà nhà Detech Tower, số 8 Tôn Thất Thuyết, Phường Cầu Giấy (quận Cầu Giấy cũ)","https://www.topcv.vn/viec-lam/nhan-vien-ky-thuat-phan-cung-cong-nghe-thong-tin/1708345.html","Thứ 2 - Thứ 6 (từ 08:00 đến 17:30)
Thứ 7 làm cách tuần"
1,"Chuyên Viên Giám Sát Vận Hành Dữ Liệu","CÔNG TY CỔ PHẦN TƯ VẤN XÂY DỰNG HÀ NỘI","- Hà Nội: Toà nhà vườn Đào, 689 Lạc Long Quân, Phường Tây Hồ (quận Tây Hồ cũ)","https://www.topcv.vn/viec-lam/chuyen-vien-giam-sat-van-hanh-du-lieu/2114149.html","Thứ 2 - Thứ 6 (từ 08:00 đến 17:30)
Thứ 7 (từ 08:00 đến 16:30)"
1,"Nhân Viên DevOps","CÔNG TY TNHH CỘNG ĐỒNG BẦU","- Hồ Chí Minh: 33/3 Bùi Đình Túy, Phường Bình Thạnh (quận Bình Thạnh cũ)","https://www.topcv.vn/viec-lam/nhan-vien-devops/2137782.html","Thứ 2 - Thứ 7 (từ 08:30 đến 17:30)"
1,"Nhân Viên Middle Java Backend","Công ty cổ phần công nghệ ứng dụng Arabica Việt Nam","- Hà Nội: Số 68 ngõ 72 Dương Khuê, Mỹ Đình 2, Phường Từ Liêm (quận Nam Từ Liêm cũ)","https://www.topcv.vn/viec-lam/nhan-vien-middle-java-backend/2137632.html","Thứ 2 - Thứ 6 (từ 08:30 đến 18:00)
Từ thứ 2 đến thứ 6 và 1 thứ 7 đầu tiên của tháng."
1,"Graphic Designer","CÔNG TY CỔ PHẦN THỜI TRANG DMC VIỆT NAM","- Hồ Chí Minh: 326 Võ Văn Tần, Bàn Cờ, Phường Bàn Cờ (Quận 3 cũ)","https://www.topcv.vn/viec-lam/graphic-designer/2074994.html","Thứ 2 - Thứ 7 (từ 08:00 đến 17:00)"
1,"Nhân Viên Thiết Kế (Thu Nhập Từ 15-20 Triệu + Thưởng)","CÔNG TY TNHH PHÁT TRIỂN THƯƠNG MẠI TRẦN GIA","- Hà Nội: số 122 đường Phú Diễn, Phường Phú Diễn (quận Bắc Từ Liêm, quận Cầu Giấy cũ)","https://www.topcv.vn/viec-lam/nhan-vien-thiet-ke-thu-nhap-tu-15-20-trieu-thuong/2099643.html","Thứ 2 - Thứ 7 (từ 08:00 đến 17:15)"
1,"Nhân Viên Thiết Kế Hình Ảnh","CÔNG TY TNHH WHITESTAR BEAUTY","- Hồ Chí Minh: 41 Hoàng Quốc Việt, Phường Phú Thuận (Quận 7 cũ)","https://www.topcv.vn/viec-lam/nhan-vien-thiet-ke-hinh-anh/1712665.html","Thứ 2 - Thứ 7 (từ 08:30 đến 17:30)
Thứ 7 hai ngày off, 2 ngày lên công ty theo lịch"
1,"Nhân Viên Kinh Doanh Dịch Vụ Cloud Và IDC","CÔNG TY CỔ PHẦN VDO","- Hồ Chí Minh: 155 Võ Văn Tần, Phường Xuân Hòa (Quận 3 cũ)","https://www.topcv.vn/viec-lam/nhan-vien-kinh-doanh-dich-vu-cloud-va-idc/2001554.html","Thứ 2 - Thứ 6 (từ 08:00 đến 17:30)
Thứ 7 làm việc cách tuần"
1,"Chuyên Viên Designer (Truyền Thông)","HỘ KINH DOANH TUỆ TÂM","- Hà Nội: D10 lô1, toà Việt Hương - làng nghề Tân Triều (ngõ 300 Nguyễn Xiển), Phường Thanh Liệt (huyện Thanh Trì cũ)","https://www.topcv.vn/viec-lam/chuyen-vien-designer-truyen-thong/2118082.html","Thứ 2 - Thứ 7 (từ 08:30 đến 17:30)"
1,"Trợ Lý Hành Chính (Nam,Làm Tại Long Biên)","CÔNG TY CỔ PHẦN XÂY DỰNG VÀ CÔNG NGHIỆP NSN","- Hà Nội: Số 11, Ngõ 89, Phố Kim Quan Thượng, Phường Việt Hưng, Long Biên, Phường Long Biên (quận Long Biên cũ)","https://www.topcv.vn/viec-lam/tro-ly-hanh-chinh-nam-lam-tai-long-bien/2078791.html","Thứ 2 - Thứ 7 (từ 08:00 đến 17:00)
Sáng: Từ 8h-12h, Chiều: Từ 13h-17h
Từ thứ 2- thứ 7 (tháng nghỉ full 02 ngày thứ 7)"
1,"PM Dự Án/ Project Manager/PM","CÔNG TY CỔ PHẦN LIFETEX","- Hà Nội: 15 Tố Hữu, Phường Thanh Xuân (quận Thanh Xuân cũ)","https://www.topcv.vn/viec-lam/pm-du-an-project-manager-pm/1535765.html","Thứ 2 - Thứ 6 (từ 08:00 đến 17:00)
Thứ 7 - Thứ 6 (từ 08:00 đến 12:00)"
1,"IT Infrastructure Executive","Công ty Đấu giá Hợp danh Việt Nam","- Hà Nội: 103 Nguyễn Tuân, Phường Thanh Xuân (quận Thanh Xuân cũ)","https://www.topcv.vn/viec-lam/it-infrastructure-executive/1914856.html","Thứ 2 - Thứ 6 (từ 08:00 đến 17:30)
Nghỉ 2 thứ 7 trong tháng"
1,"Tester (QA/QC)","Công ty cổ phần phần mềm phân phối và bán lẻ BeeC","- Hà Nội: Khu đô thị Eden Rose, Phường Thanh Liệt (huyện Thanh Trì cũ)","https://www.topcv.vn/viec-lam/tester-qa-qc/2132485.html","Thứ 2 - Thứ 6 (từ 08:30 đến 18:00)
Thứ 7 cách tuần"
1,"Tech Project Manager Làm Hybrid","CÔNG TY CỔ PHẦN TRUYỀN THÔNG VÀ GIẢI TRÍ CHICMEDIA","- Hà Nội: Phường Nghĩa Đô (quận Bắc Từ Liêm, quận Cầu Giấy cũ)","https://www.topcv.vn/viec-lam/tech-project-manager-lam-hybrid/2024708.html","Thứ 2 - Thứ 7 (từ 08:30 đến 18:00)
Linh hoạt theo công việc của cá nhân và sắp xếp của Giám đốc"
1,"Nhân Viên Thiết Kế Nội Thất","CÔNG TY CỔ PHẦN AN VIỆT SÔNG HỒNG SÀI GÒN","- Hồ Chí Minh: Số 24 – 26 đường B4 Khu đô thị sala Q2, Phường An Khánh (Thành phố Thủ Đức cũ)","https://www.topcv.vn/viec-lam/nhan-vien-thiet-ke-noi-that/2127932.html","Thứ 2 - Thứ 7 (từ 08:30 đến 17:30)
Từ thứ 2 - thứ 7: 8h30 - 17h30"
1,"CTV Xếp Level Game Design","CÔNG TY TNHH CÔNG NGHỆ NHẬN THỨC MÁY HORUS AI","- Hà Nội: tòa văn phòng CT2D, VOV, đường Lương Thế Vinh, Từ Liêm, Phường Từ Liêm (quận Nam Từ Liêm cũ)","https://www.topcv.vn/viec-lam/ctv-xep-level-game-design/2021745.html","Thứ 2 - Thứ 6 (từ 08:00 đến 17:00)
Thứ 7 (từ 08:00 đến 12:00)"
1,"Giám Đốc Vận Hành Công Ty CP Đầu Tư Trạm Sạc (COO)","CÔNG TY CỔ PHẦN Ô TÔ TMT","- Hà Nội: Toà nhà Coninco, Số 4 Tôn Thất Tùng, Kim Liên, Phường Đống Đa (quận Đống Đa cũ)","https://www.topcv.vn/viec-lam/giam-doc-van-hanh-cong-ty-cp-dau-tu-tram-sac-coo/2131284.html","Thứ 2 - Thứ 6 (từ 07:30 đến 17:00)
Thứ 7 (từ 07:30 đến 11:30)"
1,"Nhân Viên Graphic Design","Công ty TNHH Đầu tư và Thương mại Dịch vụ Tâm An Việt Nam","- Hà Nội: CC C14 Bắc Hà, Tố Hữu, Phường Đại Mỗ (quận Nam Từ Liêm cũ)","https://www.topcv.vn/viec-lam/nhan-vien-graphic-design/1419427.html","Thứ 2 - Thứ 7 (từ 08:00 đến 17:00)"
1,"Game Designer (Hyper-Casual / Casual Mobile Game)","CÔNG TY TNHH ADTIREX","- Hà Nội: G06 - L15 Khu An Qúy Villa - Dương Nội, Phường Hà Đông (quận Hà Đông cũ)","https://www.topcv.vn/viec-lam/game-designer-hyper-casual-casual-mobile-game/2141128.html","Thứ 2 - Thứ 7 (từ 08:30 đến 17:30)
•	Thứ 2 – Thứ 7 từ 08h30 – 17h30 (nghỉ trưa 1,5h)"
1,"Marketing Designer (B2B TECH)","CÔNG TY TNHH GIẢI PHÁP VÀ XÂY LẮP TRƯỜNG SƠN","- Hồ Chí Minh: Số 14 Phan Văn Trị, Phường Hạnh Thông (quận Gò Vấp cũ)","https://www.topcv.vn/viec-lam/marketing-designer-b2b-tech/2145265.html","Thứ 2 - Thứ 6 (từ 08:00 đến 17:00)
Thứ 7 (từ 08:00 đến 11:30)"
1,"Nhân Viên Graphic Design","CÔNG TY TNHH THƯƠNG MẠI VÀ LỮ HÀNH FAMTRIP GLOBAL","- Hồ Chí Minh: 37 Lê Quốc Hưng, Phường Xóm Chiếu (Quận 4 cũ)","https://www.topcv.vn/viec-lam/nhan-vien-graphic-design/2126260.html","Thứ 2 - Thứ 6 (từ 08:00 đến 17:00)
Từ 8h00 - 12h00 và 13h30 - 17h30 (từ thứ Hai đến thứ Sáu)
Từ 8h00 - 12h00 (thứ Bảy)"
1,"Nhân Viên IT Helpdesk","CÔNG TY TNHH CÔNG NGHIỆP INTCO VIỆT NAM","- Thanh Hóa: Lô CN - 01 /02 và CN - 01/03 Nam Khu A, KCN Bỉm Sơn, Phường Quang Trung (Thị xã Bỉm Sơn cũ)","https://www.topcv.vn/viec-lam/nhan-vien-it-helpdesk/1620293.html","Thứ 2 - Thứ 7 (từ 08:00 đến 17:00)"
1,"Trưởng Nhóm Tester","CÔNG TY CỔ PHẦN LIFETEX","- Hà Nội: 15 Tố Hữu, Phường Thanh Xuân (quận Thanh Xuân cũ)","https://www.topcv.vn/viec-lam/truong-nhom-tester/1812013.html","Thứ 2 - Thứ 6 (từ 08:00 đến 17:00)
Thứ 7 (từ 08:00 đến 12:00)"
1,"Thực Tập Sinh Kinh Doanh Phần Mềm","CÔNG TY TNHH CÔNG NGHỆ EMPOWER SC","- Hồ Chí Minh: Tầng 6, Tòa nhà Gia Phú, 854 Sư Vạn Hạnh, Phường Hòa Hưng (Quận 10 cũ)","https://www.topcv.vn/viec-lam/thuc-tap-sinh-kinh-doanh-phan-mem/2124855.html","Thứ 2 - Thứ 6 (từ 08:30 đến 18:00)
Thứ 2 - Thứ 6 (từ 08:30 đến 18:00), sáng thứ 7 (8:00-12:00)"
1,"DESIGN MEDIA - Thiết Kế Ấn Phẩm Sự Kiện","CÔNG TY CỔ PHẦN ĐẦU TƯ VÀ PHÁT TRIỂN TRUYỀN THÔNG AN","- Hà Nội: 44 Phương Liệt Thanh Xuân, Phường Thanh Xuân (quận Thanh Xuân cũ)","https://www.topcv.vn/viec-lam/design-media-thiet-ke-an-pham-su-kien/1850013.html","Thứ 2 - Thứ 7 (từ 08:30 đến 18:00)
Thứ 2 - Sáng thứ 7 từ 08h30 đến 18h00 (Nghỉ trưa 1 tiếng 30 phút)"
1,"Product Management Specialist - Beauty","CÔNG TY CỔ PHẦN HASAKI BEAUTY & CLINIC","- Hồ Chí Minh: 568 Lũy Bán Bích, Phường Tân Phú (quận Tân Phú cũ)","https://www.topcv.vn/viec-lam/product-management-specialist-beauty/2146422.html","Thứ 2 - Thứ 6 (từ 08:30 đến 17:30)
Thứ 7 (từ 08:30 đến 12:30)"
1,"Nhân Viên Quản Trị Hệ Thống Mạng Và Máy Chủ (IT)","CÔNG TY CỔ PHẦN ĐẦU TƯ XÂY DỰNG PHÁT TRIỂN HẠ TẦNG VIỆT NAM","- Hồ Chí Minh: Số 2-4-6 đường 9A, KDC Trung Sơn, Xã Bình Hưng (huyện Bình Chánh cũ)","https://www.topcv.vn/viec-lam/nhan-vien-quan-tri-he-thong-mang-va-may-chu-it/2119565.html","Thứ 2 - Thứ 6 (từ 08:00 đến 17:00)
Thứ 7 (từ 08:00 đến 12:00)"
1,"Chuyên Viên Thiết Kế Đồ Họa & Media","CÔNG TY TNHH THƯƠNG MẠI ĐIỆN TỬ AKI","- Hà Nội: Vinhomes Gardenia Hàm Nghi, Phường Từ Liêm (quận Nam Từ Liêm cũ)","https://www.topcv.vn/viec-lam/chuyen-vien-thiet-ke-do-hoa-media/2130596.html","Thứ 2 - Thứ 7 (từ 08:30 đến 17:30)
Làm việc 8 tiếng/ ngày."
1,"Chuyên Viên Kinh Doanh Nền Tảng Quản Trị Doanh Nghiệp - MISA AMIS","Công ty Cổ phần MISA","- Hà Nội: Tầng 5, Tòa nhà Công Đoàn Ngân hàng Việt Nam, Số 6, ngõ 82 Dịch Vọng Hậu, Phường Cầu Giấy (quận Cầu Giấy cũ)
- Hồ Chí Minh: Tòa nhà MISA Lô 5, Công viên Phần mềm Quang Trung, 49 Tô Ký, Phường Trung Mỹ Tây (Quận 12 cũ)","https://www.topcv.vn/brand/misa/tuyen-dung/chuyen-vien-kinh-doanh-nen-tang-quan-tri-doanh-nghiep-misa-amis-j2139820.html","[""Từ 1/5 đến 30/11: Thứ Hai đến Thứ Sáu, 8h00–17h30 (nghỉ trưa 12h00–13h30); sáng Thứ Bảy linh hoạt theo yêu cầu và tiến độ công việc\nTừ 1/12 đến 30/4: Thứ Hai đến Thứ Sáu, 8h00–17h30 (nghỉ trưa 12h00–13h30); Thứ Bảy làm buổi sáng 8h00–12h00""]"
1,"Kỹ Thuật Hệ Thống Mạng Và Thiết Bị","Viện nghiên cứu và phát triển Sản phẩm thiên nhiên","- Hà Nội: 12 Phùng Khoang 2, Trung Văn, Phường Đại Mỗ (quận Nam Từ Liêm cũ)","https://www.topcv.vn/viec-lam/ky-thuat-he-thong-mang-va-thiet-bi/1497125.html","Thứ 2 - Thứ 6 (từ 08:00 đến 17:00)
Thứ 7 (từ 08:00 đến 12:00)"
1,"Creative Graphic Designer","PPP Laser Clinic","- Hà Nội: Tầng G01, Tòa nhà HCO, 44B Lý Thường Kiệt, Phường Cửa Nam (quận Hoàn Kiếm cũ)","https://www.topcv.vn/viec-lam/creative-graphic-designer/2074329.html","Thứ 2 - Thứ 7 (từ 09:00 đến 18:00)
Thứ 7 (từ 09:00 đến 13:00)"
1,"Thực Tập Sinh Công Nghệ Thông Tin Fulltime","CÔNG TY TNHH CÔNG NGHỆ PHẦN MỀM NASANI","- Hồ Chí Minh: Lầu 1 Tòa nhà Saigon ICT, Lô 46 Công viên phần mềm Quang Trung, Phường Trung Mỹ Tây (Quận 12 cũ)","https://www.topcv.vn/viec-lam/thuc-tap-sinh-cong-nghe-thong-tin-fulltime/1975885.html","Thứ 2 - Thứ 6 (từ 08:00 đến 17:00)
Thứ 7 (từ 08:00 đến 12:00)"
1,"Business Analyst Lead","Công ty cổ phần EcoIT","- Hà Nội: Nguyễn Tuân, Thanh Xuân, Phường Thanh Xuân (quận Thanh Xuân cũ)","https://www.topcv.vn/viec-lam/business-analyst-lead/1915622.html","Thứ 2 - Thứ 6 (từ 08:00 đến 17:30)
Và 02 thứ 7 trong tháng"
1,"Chuyên Viên Thiết Kế","CÔNG TY CỔ PHẦN PHÁT TRIỂN BẤT ĐỘNG SẢN EMERALD","- Đà Nẵng: Số 188 Đường 30/4, Phường Hòa Cường (quận Hải Châu cũ)","https://www.topcv.vn/viec-lam/chuyen-vien-thiet-ke/2078200.html","Thứ 2 - Thứ 6 (từ 08:00 đến 12:00)
Thứ 2 - Thứ 6 (từ 13:00 đến 17:00)
Thứ 7 (từ 08:00 đến 12:00)"
1,"Nhân Viên Quản Lý Sản Phẩm (ECOMMERCE)","SUNHOUSE GROUP JSC","- Hà Nội: Số 35 Mạc Thái Tổ, Phường Yên Hòa (quận Cầu Giấy cũ)","https://www.topcv.vn/viec-lam/nhan-vien-quan-ly-san-pham-ecommerce/2049151.html","Thứ 2 - Thứ 6 (từ 08:00 đến 17:00)
Thứ Bảy làm việc từ 8-12h nghỉ chiều Thứ 7"
1,"BA (Business Analyst)","Bizfly Martech (Công ty Cổ phần VCCorp)","- Hà Nội: Phường Thanh Xuân (quận Thanh Xuân cũ)","https://www.topcv.vn/viec-lam/ba-business-analyst/2065419.html","Thứ 2 - Thứ 6 (từ 08:00 đến 17:00)
Thời gian: 9h00 đến 18h30 (Thứ 2 đến sáng thứ 7)"
1,"Chuyên Viên Computer Vision (Junior)","Công ty TNHH Horus Productions","- Hà Nội: tòa văn phòng CT2D, VOV, đường Lương Thế Vinh, Phường Từ Liêm (quận Nam Từ Liêm cũ)","https://www.topcv.vn/viec-lam/chuyen-vien-computer-vision-junior/1959723.html","Thứ 2 - Thứ 6 (từ 08:00 đến 17:30)
Thứ 7 (từ 08:00 đến 12:00)"
1,"Nhân Viên Graphic Designer","CÔNG TY CỔ PHẦN RYO MELLO","- Hà Nội: 89 Lạc Long Quân, Phường Tây Hồ (quận Tây Hồ cũ)","https://www.topcv.vn/viec-lam/nhan-vien-graphic-designer/1773604.html","Thứ 2 - Thứ 7 (từ 09:00 đến 18:00)
- Thời gian từ: 9h00 - 18h
* Nghỉ trưa: 11h45 - 13h15"
1,"Chuyên Viên Tư Vấn Phần Mềm Trực Tiếp - Hộ Kinh Doanh","CÔNG TY CỔ PHẦN CÔNG NGHỆ KIOTVIET","- Hà Nội: 1A Yết Kiêu, Phường Cửa Nam (quận Hoàn Kiếm cũ)","https://www.topcv.vn/viec-lam/chuyen-vien-tu-van-phan-mem-truc-tiep-ho-kinh-doanh/2134931.html","Thứ 2 - Thứ 6 (từ 08:00 đến 17:00)
Làm từ thứ 2 - 6 & Làm 2 thứ 7 - nghỉ 2 thứ 7 trong tháng"
1,"Chuyên Viên Tư Vấn Phần Mềm Trực Tiếp - Hộ Kinh Doanh","CÔNG TY CỔ PHẦN CÔNG NGHỆ KIOTVIET","- Bắc Ninh: 56 Nguyễn Gia Thiều, Phường Kinh Bắc (Thành phố Bắc Ninh cũ)","https://www.topcv.vn/viec-lam/chuyen-vien-tu-van-phan-mem-truc-tiep-ho-kinh-doanh/2134931.html","Thứ 2 - Thứ 6 (từ 08:00 đến 17:00)
Làm từ thứ 2 - 6 & Làm 2 thứ 7 - nghỉ 2 thứ 7 trong tháng"
1,"Chuyên Viên Tư Vấn Phần Mềm Trực Tiếp - Hộ Kinh Doanh","CÔNG TY CỔ PHẦN CÔNG NGHỆ KIOTVIET","- Ninh Bình: 110 Trần Huy Liệu, Phường Trường Thi (Thành phố Nam Định, huyện Vụ Bản cũ)","https://www.topcv.vn/viec-lam/chuyen-vien-tu-van-phan-mem-truc-tiep-ho-kinh-doanh/2134931.html","Thứ 2 - Thứ 6 (từ 08:00 đến 17:00)
Làm từ thứ 2 - 6 & Làm 2 thứ 7 - nghỉ 2 thứ 7 trong tháng"
1,"Chuyên Viên Tư Vấn Phần Mềm Trực Tiếp - Hộ Kinh Doanh","CÔNG TY CỔ PHẦN CÔNG NGHỆ KIOTVIET","- Ninh Bình: 268  Nguyễn Công Trứ, Phường Hoa Lư (Thành phố Hoa Lư cũ)","https://www.topcv.vn/viec-lam/chuyen-vien-tu-van-phan-mem-truc-tiep-ho-kinh-doanh/2134931.html","Thứ 2 - Thứ 6 (từ 08:00 đến 17:00)
Làm từ thứ 2 - 6 & Làm 2 thứ 7 - nghỉ 2 thứ 7 trong tháng"
1,"Chuyên Viên Tư Vấn Phần Mềm Trực Tiếp - Hộ Kinh Doanh","CÔNG TY CỔ PHẦN CÔNG NGHỆ KIOTVIET","- Thái Nguyên: 174 Đường Bắc Sơn, Phường Phan Đình Phùng (Thành phố Thái Nguyên cũ)","https://www.topcv.vn/viec-lam/chuyen-vien-tu-van-phan-mem-truc-tiep-ho-kinh-doanh/2134931.html","Thứ 2 - Thứ 6 (từ 08:00 đến 17:00)
Làm từ thứ 2 - 6 & Làm 2 thứ 7 - nghỉ 2 thứ 7 trong tháng"
1,"Chuyên Viên Tư Vấn Phần Mềm Trực Tiếp - Hộ Kinh Doanh","CÔNG TY CỔ PHẦN CÔNG NGHỆ KIOTVIET","- Thanh Hóa: Lô 17 LK1 KDC An Phú Hưng, Phường Hạc Thành (Thành phố Thanh Hóa cũ)","https://www.topcv.vn/viec-lam/chuyen-vien-tu-van-phan-mem-truc-tiep-ho-kinh-doanh/2134931.html","Thứ 2 - Thứ 6 (từ 08:00 đến 17:00)
Làm từ thứ 2 - 6 & Làm 2 thứ 7 - nghỉ 2 thứ 7 trong tháng"
1,"Chuyên Viên Tư Vấn Phần Mềm Trực Tiếp - Hộ Kinh Doanh","CÔNG TY CỔ PHẦN CÔNG NGHỆ KIOTVIET","- Nghệ An: 28 Nguyễn Sỹ Sách, Phường Thành Vinh (Thành phố Vinh cũ)","https://www.topcv.vn/viec-lam/chuyen-vien-tu-van-phan-mem-truc-tiep-ho-kinh-doanh/2134931.html","Thứ 2 - Thứ 6 (từ 08:00 đến 17:00)
Làm từ thứ 2 - 6 & Làm 2 thứ 7 - nghỉ 2 thứ 7 trong tháng"
1,"Chuyên Viên Tư Vấn Phần Mềm Trực Tiếp - Hộ Kinh Doanh","CÔNG TY CỔ PHẦN CÔNG NGHỆ KIOTVIET","- Quảng Ninh: 19 Cao Xanh, Phường Cao Xanh (Thành phố Hạ Long cũ)","https://www.topcv.vn/viec-lam/chuyen-vien-tu-van-phan-mem-truc-tiep-ho-kinh-doanh/2134931.html","Thứ 2 - Thứ 6 (từ 08:00 đến 17:00)
Làm từ thứ 2 - 6 & Làm 2 thứ 7 - nghỉ 2 thứ 7 trong tháng"
1,"Chuyên Viên Tư Vấn Phần Mềm Trực Tiếp - Hộ Kinh Doanh","CÔNG TY CỔ PHẦN CÔNG NGHỆ KIOTVIET","- Hải Phòng: 176A Tôn Đức Thắng, Phường An Biên (quận Lê Chân cũ)","https://www.topcv.vn/viec-lam/chuyen-vien-tu-van-phan-mem-truc-tiep-ho-kinh-doanh/2134931.html","Thứ 2 - Thứ 6 (từ 08:00 đến 17:00)
Làm từ thứ 2 - 6 & Làm 2 thứ 7 - nghỉ 2 thứ 7 trong tháng"
1,"Chuyên Viên Tư Vấn Phần Mềm Trực Tiếp - Hộ Kinh Doanh","CÔNG TY CỔ PHẦN CÔNG NGHỆ KIOTVIET","- Hải Phòng: 32 Hồng Quang, Phường Hải Dương (Thành phố Hải Dương cũ)","https://www.topcv.vn/viec-lam/chuyen-vien-tu-van-phan-mem-truc-tiep-ho-kinh-doanh/2134931.html","Thứ 2 - Thứ 6 (từ 08:00 đến 17:00)
Làm từ thứ 2 - 6 & Làm 2 thứ 7 - nghỉ 2 thứ 7 trong tháng"
1,"Chuyên Viên Tư Vấn Phần Mềm Trực Tiếp - Hộ Kinh Doanh","CÔNG TY CỔ PHẦN CÔNG NGHỆ KIOTVIET","- Đà Nẵng: 110 Đống Đa, Phường Hải Châu (quận Hải Châu cũ)","https://www.topcv.vn/viec-lam/chuyen-vien-tu-van-phan-mem-truc-tiep-ho-kinh-doanh/2134931.html","Thứ 2 - Thứ 6 (từ 08:00 đến 17:00)
Làm từ thứ 2 - 6 & Làm 2 thứ 7 - nghỉ 2 thứ 7 trong tháng"
1,"Chuyên Viên Tư Vấn Phần Mềm Trực Tiếp - Hộ Kinh Doanh","CÔNG TY CỔ PHẦN CÔNG NGHỆ KIOTVIET","- Phú Thọ: 514 Châu Phong, Phường Việt Trì (Thành phố Việt Trì cũ)","https://www.topcv.vn/viec-lam/chuyen-vien-tu-van-phan-mem-truc-tiep-ho-kinh-doanh/2134931.html","Thứ 2 - Thứ 6 (từ 08:00 đến 17:00)
Làm từ thứ 2 - 6 & Làm 2 thứ 7 - nghỉ 2 thứ 7 trong tháng"
1,"Chuyên Viên Tư Vấn Phần Mềm Trực Tiếp - Hộ Kinh Doanh","CÔNG TY CỔ PHẦN CÔNG NGHỆ KIOTVIET","- Phú Thọ: 125 Nguyễn Văn Linh, Phường Vĩnh Phúc (Thành phố Vĩnh Yên cũ)","https://www.topcv.vn/viec-lam/chuyen-vien-tu-van-phan-mem-truc-tiep-ho-kinh-doanh/2134931.html","Thứ 2 - Thứ 6 (từ 08:00 đến 17:00)
Làm từ thứ 2 - 6 & Làm 2 thứ 7 - nghỉ 2 thứ 7 trong tháng"
1,"Chuyên Viên Tư Vấn Phần Mềm Trực Tiếp - Hộ Kinh Doanh","CÔNG TY CỔ PHẦN CÔNG NGHỆ KIOTVIET","- Gia Lai: 136 Chương Dương, Phường Quy Nhơn Nam (Thành phố Quy Nhơn cũ)","https://www.topcv.vn/viec-lam/chuyen-vien-tu-van-phan-mem-truc-tiep-ho-kinh-doanh/2134931.html","Thứ 2 - Thứ 6 (từ 08:00 đến 17:00)
Làm từ thứ 2 - 6 & Làm 2 thứ 7 - nghỉ 2 thứ 7 trong tháng"
1,"Chuyên Viên Tư Vấn Phần Mềm Trực Tiếp - Hộ Kinh Doanh","CÔNG TY CỔ PHẦN CÔNG NGHỆ KIOTVIET","- Huế: 138 Trường Chinh, Phường An Cựu (Thành phố Huế cũ)","https://www.topcv.vn/viec-lam/chuyen-vien-tu-van-phan-mem-truc-tiep-ho-kinh-doanh/2134931.html","Thứ 2 - Thứ 6 (từ 08:00 đến 17:00)
Làm từ thứ 2 - 6 & Làm 2 thứ 7 - nghỉ 2 thứ 7 trong tháng"
1,"NV MARKETING (Thế Mạnh Thiết Kế & Quay Dựng)","CÔNG TY TNHH THƯƠNG MẠI DỊCH VỤ THIẾT BỊ Y TẾ ĐẠI DƯƠNG","- Hồ Chí Minh: 39 Bàu Cát 3, Phường Tân Bình (quận Tân Bình cũ)","https://www.topcv.vn/viec-lam/nv-marketing-the-manh-thiet-ke-quay-dung/2122689.html","Thứ 2 - Thứ 7 (từ 08:00 đến 17:00)
Thời gian làm việc: Thứ 2- Thứ 6, thứ 7 làm việc buổi sáng."
1,"Kỹ Sư Giải Pháp","CÔNG TY CỔ PHẦN MERITRONICS VIỆT NAM","- Hà Nội: Tố Hữu, Phường Đại Mỗ (quận Nam Từ Liêm cũ)","https://www.topcv.vn/viec-lam/ky-su-giai-phap/2124137.html","Thứ 2 - Thứ 6 (từ 09:00 đến 18:00)
Thứ 7 (từ 08:30 đến 12:00)"
1,"Nhân Viên Graphic Design","CÔNG TY TNHH FUMO AUTO","- Hà Nội: Toà báo Nông Thôn Ngày Nay, Ngõ 68 Dương Đình Nghệ, Phường Cầu Giấy (quận Cầu Giấy cũ)","https://www.topcv.vn/viec-lam/nhan-vien-graphic-design/2126589.html","Thứ 2 - Thứ 7 (từ 08:15 đến 17:30)
Thứ 7 làm việc cách tuần"
1,"Kỹ Thuật Camera, Mạng, Máy Tính , Máy In / Tại Phường Bình Dương - HCM","CÔNG TY TNHH TM DV ĐT TIN HỌC BÁCH VIỆT","- Hồ Chí Minh: Số 3, Đường N17, Khu phố 01 Thành phố Hồ Chí Minh, Việt Nam, Phường Bình Dương (Thành phố Tân Uyên, Thành phố Thủ Dầu Một cũ)","https://www.topcv.vn/viec-lam/ky-thuat-camera-mang-may-tinh-may-in-tai-phuong-binh-duong-hcm/2093705.html","Thứ 2 - Thứ 7 (từ 07:30 đến 17:00)"
1,"Thực Tập Sinh HR Tổng Hợp","Công ty Cổ phần HouseNow","- Hà Nội: 216 Nguyễn Trãi, Phường Thanh Xuân (quận Thanh Xuân cũ)","https://www.topcv.vn/viec-lam/thuc-tap-sinh-hr-tong-hop/2140951.html","Thứ 2 - Thứ 6: 8h00 - 17h00
Thứ 7 cách tuần: 8h00 - 15h00"
1,"Nhân Viên Kinh Doanh - Phát Triển Thị Trường","CÔNG TY CỔ PHẦN CÔNG NGHỆ VCS VIỆT NAM","- Hà Nội: 101 Phố Láng Hạ, Phường Đống Đa (quận Đống Đa cũ)","https://www.topcv.vn/viec-lam/nhan-vien-kinh-doanh-phat-trien-thi-truong/1746146.html","Thứ 2 - Thứ 6 (từ 08:00 đến 17:30)
Thứ 7 (từ 08:00 đến 12:00)"
1,"Chuyên Viên IT","Công ty TNHH MTV Thực Phẩm Hạnh Nguyên","- Cần Thơ: Mái Dầm, Xã Châu Thành (huyện Châu Thành cũ)","https://www.topcv.vn/viec-lam/chuyen-vien-it/1955989.html","Thứ 2 - Thứ 7 (từ 08:00 đến 17:00)"
1,"Nhân Viên Thiết Kế (Designer)","Công ty CP Nguyễn Việt Tiên","- Hồ Chí Minh: 118/33A Huỳnh Thiện Lộc, Phường Tân Phú (quận Tân Phú cũ)","https://www.topcv.vn/viec-lam/nhan-vien-thiet-ke-designer/2071314.html","Thứ 2 - Thứ 7 (từ 08:00 đến 17:00)
Nghỉ 2 ngày thứ 7/ tháng."
1,"Data Analyst Marketing/ Marketing Analyst - Yêu Cầu Từ 6 Tháng Kinh Nghiệm",EDUPIA,"- Hà Nội: Tầng 6 Tòa Comatce Tower - 61 Ngụy Như Kon Tum, Thanh Xuân, Phường Thanh Xuân (quận Thanh Xuân cũ)","https://www.topcv.vn/brand/educa/tuyen-dung/data-analyst-marketing-marketing-analyst-yeu-cau-tu-6-thang-kinh-nghiem-j2113806.html","[""Thứ 2 - Thứ 6 (từ 08:00 đến 17:30)\nThứ 7 (từ 08:00 đến 12:00)""]"
1,"Graphic Designer (Nhân Viên Thiết Kế Đồ Họa)","CÔNG TY TNHH THƯƠNG MẠI VÀ DỊCH VỤ 102","- Cần Thơ: 88/31 Lê Lai, Phường Ninh Kiều (quận Ninh Kiều cũ)","https://www.topcv.vn/viec-lam/graphic-designer-nhan-vien-thiet-ke-do-hoa/2129067.html","Thứ 2 - Thứ 7 (từ 08:00 đến 17:00)"
1,"Nhân Viên Kinh Doanh Phân Phối","CÔNG TY CỔ PHẦN VDO","- Hà Nội: 08 tôn thất thuyết, Phường Cầu Giấy (quận Cầu Giấy cũ)","https://www.topcv.vn/viec-lam/nhan-vien-kinh-doanh-phan-phoi/1608603.html","Thứ 2 - Thứ 6 (từ 08:00 đến 17:30)
Thứ 7 làm cách tuần"
1,"Nhân Viên Kinh Doanh Hosting, VPS, Cloud, Server","CÔNG TY TNHH DỮ LIỆU TRỰC TUYẾN THẾ GIỚI SỐ","- Hồ Chí Minh: 128/38 Đường Tân Hương, Phường Phú Thọ Hòa (quận Tân Phú cũ)","https://www.topcv.vn/viec-lam/nhan-vien-kinh-doanh-hosting-vps-cloud-server/1959195.html","Thứ 2 - Thứ 6 (từ 08:00 đến 17:30)
Từ 8h00 – 17h30 Thứ 2 – Thứ 6 (Nghỉ thứ 7 trước ngày 15 hàng tháng, sau ngày 15 đi làm nguyên ngày)."
1,"Thực Tập Sinh Thiết Kế Đồ Họa (Full-Time)","Công ty TNHH Homenay Việt Nam","- Hồ Chí Minh: 302 Lê Văn Sỹ, Phường Tân Sơn Hòa (quận Tân Bình cũ)","https://www.topcv.vn/viec-lam/thuc-tap-sinh-thiet-ke-do-hoa-full-time/1772282.html","Thứ 2 - Thứ 6 (từ 08:00 đến 17:00)
Thứ 7 (từ 08:00 đến 12:00)"
1,"Nhân Viên IT- Helpdesk","CÔNG TY TNHH GIẢI PHÁP SỐ G2 VIỆT NAM","- Hải Phòng: thôn Quàn Minh Đức, Xã Tứ Kỳ (huyện Tứ Kỳ cũ)","https://www.topcv.vn/viec-lam/nhan-vien-it-helpdesk/1702355.html","Thứ 2 - Thứ 7 (từ 08:00 đến 17:30)"
1,"Nhân Viên Kinh Doanh/ Telesales","Công ty Cổ phần giải pháp Công nghệ Gadget","- Hà Nội: số 1 ngõ 92 Nguyễn Khánh Toàn, Phường Nghĩa Đô (quận Bắc Từ Liêm, quận Cầu Giấy cũ)","https://www.topcv.vn/viec-lam/nhan-vien-kinh-doanh-telesales/2084495.html","– Ca sáng: Từ 8h00 đến 12h00
– Ca chiều: Từ 13h30 – 17h30. Nghỉ trưa: 1h30
– Làm việc từ sáng thứ 2 đến hết sáng thứ 7 hàng tuần"
1,"Chuyên Viên Phân Tích Dữ Liệu & AI Agent","Công ty Cổ phần Thương mại Dịch vụ 4B","- Hồ Chí Minh: 66 - 68 Võ Văn Tần, Phường Xuân Hòa (Quận 3 cũ)","https://www.topcv.vn/viec-lam/chuyen-vien-phan-tich-du-lieu-ai-agent/2106718.html","Thứ 2 - Thứ 7 (từ 08:30 đến 17:30)"
1,"Nhân Viên Tư Vấn Triển Khai Phần Mềm","CÔNG TY TNHH CÔNG NGHỆ PHẦN MỀM NASANI","- Hồ Chí Minh: Lầu 1 Tòa nhà Saigon ICT, Lô 46 Công viên phần mềm Quang Trung, Phường Trung Mỹ Tây (Quận 12 cũ)","https://www.topcv.vn/viec-lam/nhan-vien-tu-van-trien-khai-phan-mem/1990674.html","Thứ 2 - Thứ 6 (từ 08:00 đến 17:00)
Thứ 7 làm buổi sáng"
1,"IT Support & Helpdesk","CÔNG TY CỔ PHẦN SAVISTA","- Hồ Chí Minh: Phường Phú Nhuận (quận Phú Nhuận cũ)","https://www.topcv.vn/viec-lam/it-support-helpdesk/2120882.html","8h - 17h Thứ Hai đến sáng Thứ Bảy"
1,"Service Desk L1","CÔNG TY TNHH TÍN BẢO LAN","- Hồ Chí Minh: 160/47 Bùi Đình Tuý, Phường Bình Thạnh (quận Bình Thạnh cũ)","https://www.topcv.vn/viec-lam/service-desk-l1/2133841.html","Thứ 2 - Thứ 6 (từ 08:00 đến 17:00)
Thứ Bảy (từ 08h00 - 12h00)"
1,Designer,"CÔNG TY CỔ PHẦN PHÁT TRIỂN THƯƠNG HIỆU BISS VIỆT NAM","- Hà Nội: Tầng 7, số 21 Tô Vĩnh Diện, Phường Khương Đình (quận Thanh Xuân cũ)","https://www.topcv.vn/viec-lam/designer/1845974.html","Thứ 2 - Thứ 6 (từ 08:15 đến 17:30)
Thứ 7 (từ 08:15 đến 12:15)"
1,"3D Designer (POSM, Social Media & Trade Marketing)","CÔNG TY TNHH TRUYỀN THÔNG MẸ VÀ CON","- Hồ Chí Minh: 48 Hoa Mai, Phường Phú Nhuận (quận Phú Nhuận cũ)","https://www.topcv.vn/viec-lam/3d-designer-posm-social-media-trade-marketing/2119848.html","Thứ 2 - Thứ 6 (từ 09:00 đến 18:00)
Thứ 7 (từ 09:00 đến 12:00)"
1,"Lập Trình Viên Nodejs Đi Làm Ngay Tại Hà Nội","Công ty cổ phần giải pháp MKT","- Hà Nội: tòa nhà Stellar Garden số 35 Lê Văn Thiêm, Phường Thanh Xuân (quận Thanh Xuân cũ)","https://www.topcv.vn/viec-lam/lap-trinh-vien-nodejs-di-lam-ngay-tai-ha-noi/2049418.html","Thứ 2 - Thứ 6 (từ 08:00 đến 17:30)
Thứ 7 (từ 08:00 đến 12:00)"
1,"Graphic Design","Công ty TNHH Quốc Tế POC Việt Nam","- Hồ Chí Minh: Phường Tây Thạnh (quận Tân Phú cũ)","https://www.topcv.vn/viec-lam/graphic-design/2139969.html","Thứ 2 - Thứ 7 (từ 08:30 đến 17:30)"
1,"Thực Tập Sinh Tư Vấn Thiết Kế Website","CÔNG TY TNHH CÔNG NGHỆ PHẦN MỀM NASANI","- Hồ Chí Minh: Tòa nhà Sài Gòn ICT, Công viên phần mềm Quang Trung, Phường Trung Mỹ Tây (Quận 12 cũ)","https://www.topcv.vn/viec-lam/thuc-tap-sinh-tu-van-thiet-ke-website/2151309.html","Thứ 2 - Thứ 6 (từ 08:00 đến 17:00)
Thứ 7 (từ 08:00 đến 12:00)"
1,"Nhân Viên Thiết Kế Đồ Họa","CÔNG TY TNHH NOVERRA","- Hà Nội: 35 Lê Văn Lương, Phường Thanh Xuân (quận Thanh Xuân cũ)","https://www.topcv.vn/viec-lam/nhan-vien-thiet-ke-do-hoa/2060366.html","Thứ 2 - Thứ 6 (từ 08:00 đến 17:00)
Thứ 2 - Thứ 6: Từ 8:00 - 12:00 & 13:00 - 17:00
Thứ 7 cách tuần: Từ 9:00 - 12:00 & 13:00 - 16:00"
1,"Frontend Engineer","Mac Marketing","- Hồ Chí Minh: 2C Lam Sơn, Phường Tân Sơn Hòa (quận Tân Bình cũ)","https://www.topcv.vn/viec-lam/frontend-engineer/2139532.html","Thứ 2 - Thứ 6 (từ 08:30 đến 05:30)
Thứ 7 (từ 08:30 đến 12:00)"
1,"Java Developer - Spring Boot & Frontend Frameworks","Công ty Cp Công nghệ và Truyền thông Dagoras","- Hà Nội: Mạc Thái Tông, Phường Cầu Giấy (quận Cầu Giấy cũ)","https://www.topcv.vn/viec-lam/java-developer-spring-boot-frontend-frameworks/2118509.html","Thứ 2 - Thứ 6 (từ 08:00 đến 17:30)
+ 2 ngày thứ 7/tháng"
1,"Nhân Viên Tư Vấn Triển Khai Phần Mềm","CÔNG TY TNHH CÔNG NGHỆ PHẦN MỀM NASANI","- Hồ Chí Minh: Lầu 1, Tòa nhà Saigon Tel, Công viên phần mềm Quang Trung, Phường Tân Chánh Hiệp, Phường Trung Mỹ Tây (Quận 12 cũ)","https://www.topcv.vn/viec-lam/nhan-vien-tu-van-trien-khai-phan-mem/1947735.html","Thứ 2 - Thứ 6 (từ 08:00 đến 17:00)
Thứ 7 (từ 08:00 đến 12:00)
Nghỉ trưa: 1 tiếng"
1,"Trưởng Nhóm Thiết Kế Đồ Họa (Design Leader)","CÔNG TY CỔ PHẦN ALC PHÚ QUÝ","- Hồ Chí Minh: 212A Nguyễn Trãi, Cầu Ông Lãnh, Phường Cầu Ông Lãnh (Quận 1 cũ)","https://www.topcv.vn/viec-lam/truong-nhom-thiet-ke-do-hoa-design-leader/2130004.html","8h00 - 17h0, làm 2 thứ 7 một tháng"
1,"Product Owner","CÔNG TY TNHH CÔNG NGHỆ VIKINGS","- Hồ Chí Minh: Số 67 đường Trần Não, Phường An Khánh (Thành phố Thủ Đức cũ)","https://www.topcv.vn/viec-lam/product-owner/1673171.html","Thứ 2 đến thứ 6:  Buổi sáng 08h30  – 12h00, Buổi chiều 13h30 – 18h00. Thứ 7 làm việc cách tuần"
1,"Chuyên Viên Thiết Kế - Graphic Designer","CÔNG TY CP ĐẦU TƯ BĐS ĐÔNG DƯƠNG","- Hồ Chí Minh: Số 8 Nguyễn Siêu, Phường Sài Gòn (Quận 1 cũ)","https://www.topcv.vn/viec-lam/chuyen-vien-thiet-ke-graphic-designer/1683845.html","Thứ 2 - Thứ 6 (từ 08:00 đến 17:30)
Thứ 7 (từ 08:00 đến 12:00)"
1,"Nhân Viên Tư Vấn Không Yêu Cầu Kinh Nghiệm, Lương Cứng Up To 11tr + 35% Hoa Hồng, Phỏng Vấn Đậu Nhận Việc Ngay","CÔNG TY TNHH TMDV CÔNG NGHỆ VPS","- Hồ Chí Minh: Lô 3 Tầng 3B, Toà nhà Genpacific, đường số 16, Công Viên Phần Mềm Quang Trung, Phường Trung Mỹ Tây (Quận 12 cũ)","https://www.topcv.vn/viec-lam/nhan-vien-tu-van-khong-yeu-cau-kinh-nghiem-luong-cung-up-to-11tr-35-hoa-hong-phong-van-dau-nhan-viec-ngay/1901099.html","Thứ 2 - Thứ 6 (từ 08:00 đến 17:00)
Thứ 7 (từ 08:00 đến 12:00)"
1,"Nhân Viên Sales Dịch Vụ Website","Công Ty Cổ Phần Tiếp Thị Thịnh Phát","- Hồ Chí Minh: 842/1/33 Nguyễn Kiệm, Phường Hạnh Thông (quận Gò Vấp cũ)","https://www.topcv.vn/viec-lam/nhan-vien-sales-dich-vu-website/1723394.html","Thứ 2 - Thứ 6 (từ 08:00 đến 17:30)
Thứ 7 (từ 08:00 đến 12:00)
842/1/33 Nguyễn Kiệm, Phường Hạnh Thông, TP Hồ Chí Minh"
1,"Nhân Viên Kinh Doanh Sale Telesale","Công ty TNHH Phần Mềm Việt Đà","- Nghệ An: Lối 2 Đường Hồ Học Lãm - Khối Yên Khang, Phường Vinh Hưng (Thành phố Vinh cũ)","https://www.topcv.vn/viec-lam/nhan-vien-kinh-doanh-sale-telesale/2116270.html","Thứ 2 - Thứ 7 (từ 07:30 đến 16:30)
- Ngày làm 7 tiếng
- Sáng: 7h30-11h30 | chiều 13h30-16h30"
1,"Nhân Viên Kinh Doanh Sale Telesale","Công ty TNHH Phần Mềm Việt Đà","- Đà Nẵng: 568 Nguyễn Hữu Thọ, Phường Cẩm Lệ (quận Cẩm Lệ cũ)","https://www.topcv.vn/viec-lam/nhan-vien-kinh-doanh-sale-telesale/2116270.html","Thứ 2 - Thứ 7 (từ 07:30 đến 16:30)
- Ngày làm 7 tiếng
- Sáng: 7h30-11h30 | chiều 13h30-16h30"
1,"Firmware Developer","Công ty cổ phần phương tiện điện thông minh Selex","- Hà Nội: Số 12, ngõ 36 Xuân Thuỷ, Phường Cầu Giấy (quận Cầu Giấy cũ)","https://www.topcv.vn/viec-lam/firmware-developer/2125543.html","Thứ 2 - Thứ 6 (từ 08:30 đến 17:30)
Thứ 7 (từ 08:30 đến 17:30)
Các ngày thứ 7 cách tuần trong tháng"
1,"Graphic Designer","Công ty Cổ Phần TEECOM","- Hồ Chí Minh: 60 Nguyễn Thông, Phường Nhiêu Lộc (Quận 3 cũ)","https://www.topcv.vn/viec-lam/graphic-designer/2110901.html","Thứ 2 - Thứ 6 (từ 08:00 đến 17:00)
Từ 8h30 – 18h00 (nghỉ trưa 1 tiếng rưỡi), từ Thứ 2 – sáng Thứ 7.
Riêng sáng Thứ 7 tuỳ theo tính chất công việc mà làm việc tại nhà hoặc tại công ty."
1,"Thực Tập Sinh Kinh Doanh Dự Án CNTT","Công ty CP Đầu tư Thương mại và Phát triển Công nghệ FSI - CN HCM","- Hồ Chí Minh: 26/22 đường số 3, cư xá Đô Thành, Phường Bàn Cờ (Quận 3 cũ)","https://www.topcv.vn/viec-lam/thuc-tap-sinh-kinh-doanh-du-an-cntt/1640019.html","Thứ 2 - Thứ 6 (từ 08:00 đến 17:00)
Thứ 7 tuần 2-4 làm online"
1,"Data Platform Engineer (Data DevOps)","Công ty Cổ Phần TEECOM","- Hồ Chí Minh: 60 Nguyễn Thông, Phường Nhiêu Lộc (Quận 3 cũ)","https://www.topcv.vn/viec-lam/data-platform-engineer-data-devops/2129915.html","Thứ 2 - Thứ 6 (từ 08:00 đến 17:00)
Thời gian làm việc: Từ 8h30 – 18h00 (nghỉ trưa 1 tiếng rưỡi), từ Thứ 2 – sáng Thứ 7. Riêng sáng Thứ 7 tuỳ theo tính chất công việc mà làm việc tại nhà hoặc tại công ty."
1,"Thực Tập Sinh Thiết Kế Đa Phương Tiện","CÔNG TY TNHH SAIGON MAISON","- Hồ Chí Minh: 378/4B Điện Biên Phủ, Phường Vườn Lài (Quận 10 cũ)","https://www.topcv.vn/viec-lam/thuc-tap-sinh-thiet-ke-da-phuong-tien/2137284.html","Thứ 2 - Thứ 7 (từ 08:30 đến 17:30)
Thứ 7: Làm việc từ xa (WFH)"
1,"Nhân Viên Thiết Kế","CÔNG TY CP BIA & NGK HẠ LONG","- Hà Nội: Toà nhà Rainbow, đường 19/5, KĐTM Văn Quán, Phường Hà Đông (quận Hà Đông cũ)","https://www.topcv.vn/viec-lam/nhan-vien-thiet-ke/1932204.html","Thứ 2 - Thứ 6 (từ 08:00 đến 17:00)
Thứ 7 (từ 08:00 đến 11:45)"
1,"Graphic Designer","CÔNG TY CỔ PHẦN TIERRA","- Hồ Chí Minh: Số 70 Trương Quyền Quận 3, Phường Xuân Hòa (Quận 3 cũ)","https://www.topcv.vn/viec-lam/graphic-designer/2113641.html","Thứ 2 - Thứ 7 (từ 09:00 đến 18:00)
OFF 2 ngày Thứ Bảy trong tháng"
1,"Lập Trình Game Mobile Unity 3D (Level Junior)","CÔNG TY TNHH CÔNG NGHỆ NHẬN THỨC MÁY HORUS AI","- Hà Nội: tòa văn phòng CT2D, VOV, đường Lương Thế Vinh, Từ Liêm, Phường Từ Liêm (quận Nam Từ Liêm cũ)","https://www.topcv.vn/viec-lam/lap-trinh-game-mobile-unity-3d-level-junior/1927508.html","Thứ 2 - Thứ 6 (từ 08:00 đến 17:00)
Thứ 7 (từ 08:00 đến 12:00)"
1,"Trưởng Phòng Kinh Doanh Phần Mềm Quản Lý Bán Hàng","Công ty Cổ phần đầu tư Công Nghệ và Thương Mại Softdreams","- Hà Nội: Tầng 3 CT5 Văn Khê, Hà Đông, Phường Hà Đông (quận Hà Đông cũ)","https://www.topcv.vn/viec-lam/truong-phong-kinh-doanh-phan-mem-quan-ly-ban-hang/2113846.html","Thứ 2 - Thứ 6 (từ 08:00 đến 17:30)
Thứ 2 - Thứ 6 và 2 Thứ 7/tháng, 8h-12h và 13h30-17h30"
1,"Developer Salesforce","Times Cargo Logistic","- Hồ Chí Minh: Tòa nhà Yuson, 273B Tôn Đản, Phường Khánh Hội (Quận 4 cũ)","https://www.topcv.vn/viec-lam/developer-salesforce/2152797.html","Thứ 2 - Thứ 6 (từ 08:00 đến 17:00)
Thứ 2 đến sáng thứ 7: 8h00 - 12h00, 13h30 - 17h30"
1,"Nhân Viên Thiết Kế","Công ty TNHH Công nghiệp INTCO Việt Nam","- Thanh Hóa: Lô CN-01/02 và CN-01/03, Nam Khu A, KCN Bỉm Sơn, Phường Quang Trung (Thị xã Bỉm Sơn cũ)","https://www.topcv.vn/viec-lam/nhan-vien-thiet-ke/1478077.html","Thứ 2 - Thứ 7 (từ 08:00 đến 17:00)"
1,"Thực Tập Sinh Thiết Kế (Ấn Phẩm Truyền Thông)","3S Media","- Hà Nội: Tầng 3, Tòa Xuân Mai, đường Tô Hiệu, Hà Đông, Phường Hà Đông (quận Hà Đông cũ)","https://www.topcv.vn/viec-lam/thuc-tap-sinh-thiet-ke-an-pham-truyen-thong/2135920.html","Thứ 2 - Thứ 6 (từ 08:25 đến 17:30)
Nghỉ tối thiểu 3 thứ Bảy/tháng. Các thứ Bảy còn lại làm theo lịch cố định của công ty."
1,"Chuyên Viên Tổng Hợp","CÔNG TY CỔ PHẦN VIỄN THÔNG ACT","- Hồ Chí Minh: 2R Bình Giã, Phường Tân Bình (quận Tân Bình cũ)","https://www.topcv.vn/viec-lam/chuyen-vien-tong-hop/2114604.html","Thứ 2 - Thứ 6 (từ 08:00 đến 17:30)
Thứ 7 (từ 08:00 đến 12:00)"
1,"Chuyên Viên Chuyển Đổi Số","Công ty Cổ phần Tập đoàn Đầu tư KLB","- Hà Nội: 91 Nguyễn Chí Thanh, Phường Giảng Võ (quận Ba Đình cũ)","https://www.topcv.vn/viec-lam/chuyen-vien-chuyen-doi-so/2126750.html","Thứ 2 - Thứ 6 (từ 08:00 đến 17:00)
Thứ 7 (từ 08:00 đến 12:00)
Thời gian linh hoạt theo yêu cầu của Sếp - chủ yếu ca hành chính và phát sinh ca tối khi sếp về quê hoặc đi tỉnh công tác"
1,"Nhân Viên IT Phần Cứng, Phần Mềm","Công ty TNHH thương mại và tin học An Thảo","- Hưng Yên: Số 42 đường Nguyễn Lân, Bần Yên Nhân, Phường Mỹ Hào (Thị xã Mỹ Hào cũ)","https://www.topcv.vn/viec-lam/nhan-vien-it-phan-cung-phan-mem/2097246.html","Thứ 2 - Thứ 7 (từ 07:30 đến 17:30)
Giờ hành chính"
1,"Nhân Viên Thiết Kế (Lĩnh Vực BĐS)","CÔNG TY TNHH THƯƠNG MẠI VÀ ĐẦU TƯ SRT MIỀN BẮC","- Hà Nội: R6 Royal City, Thanh Xuân, Phường Thanh Xuân (quận Thanh Xuân cũ)","https://www.topcv.vn/viec-lam/nhan-vien-thiet-ke-linh-vuc-bds/2059698.html","Thứ 2 - Thứ 6 (từ 08:00 đến 17:30)
Sáng thứ 7: 8h00-12h00"
1,"Product Owner (PO)","CÔNG TY CỔ PHẦN TRUYỀN THÔNG VĂN HOÁ VIỆT","- Hà Nội: Phường Nghĩa Đô (quận Bắc Từ Liêm, quận Cầu Giấy cũ)","https://www.topcv.vn/viec-lam/product-owner-po/2117046.html","Thứ 2 - Thứ 7 (từ 08:00 đến 17:30)
Nghỉ thứ 7 cách tuần"
1,"Chuyên Viên Thiết Kế ( Designer)","CÔNG TY CỔ PHẦN GIDEV","- Hồ Chí Minh: Tòa nhà GI Building, 113 Trương Văn Bang (Thành phố Thủ Đức cũ), Phường Cát Lái (Thành phố Thủ Đức cũ)","https://www.topcv.vn/viec-lam/chuyen-vien-thiet-ke-designer/2119608.html","Thứ 2 - Thứ 6 (từ 08:30 đến 17:30)
Thứ 7 (từ 08:30 đến 12:30)"
1,"Kỹ Sư Lập Trình Nhúng Linux, Android","Công ty TNHH một thành viên Tổng Công ty Sản xuất thiết bị Viettel","- Hà Nội: An Bình, Xã An Khánh (huyện Hoài Đức cũ)","https://www.topcv.vn/viec-lam/ky-su-lap-trinh-nhung-linux-android/1739672.html","Thứ 2 - Thứ 6 (từ 08:00 đến 17:30)
Thứ 7 đầu tiên của tháng"
1,"Kỹ Thuật Viên Dự Án","Công ty Cổ phần viễn thông FPT","- Hải Phòng: Số 18 Bà Triệu, Phường Lê Thanh Nghị (Thành phố Hải Dương cũ)","https://www.topcv.vn/viec-lam/ky-thuat-vien-du-an/2143567.html","Thứ 2 - Thứ 7 (từ 07:30 đến 17:30)"
1,"Kỹ Thuật Viên Dự Án","Công ty Cổ phần viễn thông FPT","- Hải Phòng: Phường Hải Dương (Thành phố Hải Dương cũ)","https://www.topcv.vn/viec-lam/ky-thuat-vien-du-an/2143567.html","Thứ 2 - Thứ 7 (từ 07:30 đến 17:30)"
1,"Graphic Design","CÔNG TY TNHH TƯ VẤN ĐẦU TƯ XÂY DỰNG A PLUS","- Hà Nội: Tầng 5, Ngọc Khánh Plaza, Số 1, Phạm Huy Thông, Ba Đình, Phường Ba Đình (quận Ba Đình cũ)","https://www.topcv.vn/viec-lam/graphic-design/1796010.html","Thời gian làm việc: Sáng 8h30 - 12h; Chiều 13h30 - 17h30 từ Thứ 2 đến Sáng Thứ 7"
1,"Thực Tập Sinh Thiết Kế","Công ty cổ phần Bất động sản BHS","- Hà Nội: Số 6 Lê Văn Thiêm, Phường Thanh Xuân (quận Thanh Xuân cũ)","https://www.topcv.vn/viec-lam/thuc-tap-sinh-thiet-ke/1790363.html","Thứ 2 - Thứ 6 (từ 08:30 đến 18:00)
Thứ 7: 08:30 - 12:00"
1,"Graphic Designer","CÔNG TY CỔ PHẦN THẨM MỸ OHIO","- Hà Nội: 116 Hoàng Ngân, Phường Cầu Giấy (quận Cầu Giấy cũ)","https://www.topcv.vn/viec-lam/graphic-designer/1877532.html","Thứ 2 - Thứ 7 (từ 08:00 đến 17:30)"
1,"Nhân Viên Thiết Kế Đồ Họa (Graphic Design)","CÔNG TY TNHH DALU","- Hà Nội: Tầng 02 tòa nhà A1, IA20 khu đô thị Nam Thăng Long, Phường Đông Ngạc (quận Bắc Từ Liêm cũ)","https://www.topcv.vn/viec-lam/nhan-vien-thiet-ke-do-hoa-graphic-design/2093067.html","8h-17h (từ Thứ 2 đến hết sáng Thứ 7)"
1,"Senior Backend Engineer – Magento/E-Commerce","Công ty CP Kids Plaza","- Hồ Chí Minh: 14/1 đường 53, Phường An Hội Tây (quận Gò Vấp cũ)","https://www.topcv.vn/viec-lam/senior-backend-engineer-magento-e-commerce/2114505.html","Thứ 2 - Thứ 6 (từ 08:00 đến 17:30)
Thứ 7 (từ 08:00 đến 12:00)"
1,"Chuyên Viên Quản Lý Hệ Thống Server Và An Ninh Mạng (Nhận Việc Ngay)","Công ty Văn hóa và Truyền thông 1980Books","- Hà Nội: 20h2, Ngõ 6 Trần Kim Xuyến, Phường Cầu Giấy (quận Cầu Giấy cũ)","https://www.topcv.vn/viec-lam/chuyen-vien-quan-ly-he-thong-server-va-an-ninh-mang-nhan-viec-ngay/2144352.html","Thứ 2 - Thứ 6 (từ 08:00 đến 17:00)
Và 2 ngày Thứ Bảy xen kẽ"
1,"Chuyên Viên Thiết Kế/ Designer - Lương Cạnh Tranh Upto 14Tr++ (Nha Trang)","CÔNG TY TNHH HÒN KIẾN","- Khánh Hòa: Phường Nha Trang (Thành phố Nha Trang cũ)","https://www.topcv.vn/viec-lam/chuyen-vien-thiet-ke-designer-luong-canh-tranh-upto-14tr-nha-trang/2140678.html","Thứ 2 - Thứ 7 (từ 08:00 đến 17:00)"
1,"Mobile App Developer (React Native)","CÔNG TY TNHH CÔNG NGHỆ S3WORK","- Hồ Chí Minh: 3A Phổ Quang, Phường Tân Sơn Hòa (quận Tân Bình cũ)","https://www.topcv.vn/viec-lam/mobile-app-developer-react-native/1650565.html","Thứ 2 - Thứ 6 (từ 08:30 đến 18:00)
Thứ 7 (từ 08:30 đến 17:00)
Thứ 7 làm xen kẽ: tuần làm - tuần nghỉ"
1,"Giảng Viên Quản Trị Vận Hành Hệ Thống Mạng","CÔNG TY CỔ PHẦN HƯỚNG NGHIỆP Á ÂU","- Hồ Chí Minh: 259B Hai Bà Trưng, Phường Xuân Hòa (Quận 3 cũ)","https://www.topcv.vn/viec-lam/giang-vien-quan-tri-van-hanh-he-thong-mang/1564028.html","Linh động lịch giảng dạy từ thứ 2 đến thứ 7, theo 3 ca:
Sáng: 8h30 - 11h30
Chiều: 13h30 - 16h30
Tối: 18h00 - 21h00"
1,"Giảng Viên Quản Trị Vận Hành Hệ Thống Mạng","CÔNG TY CỔ PHẦN HƯỚNG NGHIỆP Á ÂU","- Hồ Chí Minh: 593 Lê Văn Thọ, Phường An Hội Tây (quận Gò Vấp cũ)","https://www.topcv.vn/viec-lam/giang-vien-quan-tri-van-hanh-he-thong-mang/1564028.html","Linh động lịch giảng dạy từ thứ 2 đến thứ 7, theo 3 ca:
Sáng: 8h30 - 11h30
Chiều: 13h30 - 16h30
Tối: 18h00 - 21h00"
1,"Giảng Viên Quản Trị Vận Hành Hệ Thống Mạng","CÔNG TY CỔ PHẦN HƯỚNG NGHIỆP Á ÂU","- Hồ Chí Minh: 147 Xuân Hồng, Phường Bảy Hiền (quận Tân Bình cũ)","https://www.topcv.vn/viec-lam/giang-vien-quan-tri-van-hanh-he-thong-mang/1564028.html","Linh động lịch giảng dạy từ thứ 2 đến thứ 7, theo 3 ca:
Sáng: 8h30 - 11h30
Chiều: 13h30 - 16h30
Tối: 18h00 - 21h00"
1,"Giảng Viên Quản Trị Vận Hành Hệ Thống Mạng","CÔNG TY CỔ PHẦN HƯỚNG NGHIỆP Á ÂU","- Hồ Chí Minh: 153 Ngô Gia Tự, Phường Thủ Dầu Một (Thành phố Thủ Dầu Một cũ)","https://www.topcv.vn/viec-lam/giang-vien-quan-tri-van-hanh-he-thong-mang/1564028.html","Linh động lịch giảng dạy từ thứ 2 đến thứ 7, theo 3 ca:
Sáng: 8h30 - 11h30
Chiều: 13h30 - 16h30
Tối: 18h00 - 21h00"
1,"Giảng Viên Quản Trị Vận Hành Hệ Thống Mạng","CÔNG TY CỔ PHẦN HƯỚNG NGHIỆP Á ÂU","- Đồng Nai: O13 - O14 Đồng Khởi, Phường Tam Hiệp (Thành phố Biên Hòa cũ)","https://www.topcv.vn/viec-lam/giang-vien-quan-tri-van-hanh-he-thong-mang/1564028.html","Linh động lịch giảng dạy từ thứ 2 đến thứ 7, theo 3 ca:
Sáng: 8h30 - 11h30
Chiều: 13h30 - 16h30
Tối: 18h00 - 21h00"
1,"Giảng Viên Quản Trị Vận Hành Hệ Thống Mạng","CÔNG TY CỔ PHẦN HƯỚNG NGHIỆP Á ÂU","- Hà Nội: 100 Khúc Thừa Dụ, Phường Cầu Giấy (quận Cầu Giấy cũ)","https://www.topcv.vn/viec-lam/giang-vien-quan-tri-van-hanh-he-thong-mang/1564028.html","Linh động lịch giảng dạy từ thứ 2 đến thứ 7, theo 3 ca:
Sáng: 8h30 - 11h30
Chiều: 13h30 - 16h30
Tối: 18h00 - 21h00"
1,"Giảng Viên Quản Trị Vận Hành Hệ Thống Mạng","CÔNG TY CỔ PHẦN HƯỚNG NGHIỆP Á ÂU","- Cần Thơ: 57 Nguyễn Việt Hồng, Phường Ninh Kiều (quận Ninh Kiều cũ)","https://www.topcv.vn/viec-lam/giang-vien-quan-tri-van-hanh-he-thong-mang/1564028.html","Linh động lịch giảng dạy từ thứ 2 đến thứ 7, theo 3 ca:
Sáng: 8h30 - 11h30
Chiều: 13h30 - 16h30
Tối: 18h00 - 21h00"
1,"Giảng Viên Quản Trị Vận Hành Hệ Thống Mạng","CÔNG TY CỔ PHẦN HƯỚNG NGHIỆP Á ÂU","- Đà Nẵng: 197 Xô Viết Nghệ Tĩnh, Phường Cẩm Lệ (quận Cẩm Lệ cũ)","https://www.topcv.vn/viec-lam/giang-vien-quan-tri-van-hanh-he-thong-mang/1564028.html","Linh động lịch giảng dạy từ thứ 2 đến thứ 7, theo 3 ca:
Sáng: 8h30 - 11h30
Chiều: 13h30 - 16h30
Tối: 18h00 - 21h00"
1,"Trưởng Nhóm Kinh Doanh Trình Dược Viên","CÔNG TY CỔ PHẦN MẠNG Y TẾ CỘNG ĐỒNG","- Hà Nội: Tòa nhà số 676 phố Hoàng Hoa Thám, Phường Tây Hồ (quận Tây Hồ cũ)","https://www.topcv.vn/viec-lam/truong-nhom-kinh-doanh-trinh-duoc-vien/2151653.html","Thứ 2 - Thứ 7 (từ 08:00 đến 17:30)
Từ thứ hai đến hết sáng thứ 7"
1,"Chuyên Viên Phát Triển Sản Phẩm","Công Ty TNHH Đầu Tư Thương Mại Và Sản Xuất Chính Phát","- Hà Nội: 42 Hàm Nghi, Từ Liêm, Phường Từ Liêm (quận Nam Từ Liêm cũ)","https://www.topcv.vn/viec-lam/chuyen-vien-phat-trien-san-pham/2094432.html","Thứ 2 - Thứ 6 (từ 08:00 đến 17:15)
Thứ 7 (từ 08:00 đến 12:00)"
1,"Nhân Viên Thiết Kế","CÔNG TY CỔ PHẦN ĐẦU TƯ VÀ CÔNG NGHỆ Y TẾ HÀ NỘI","- Hà Nội: 76 -78 Khâm Thiên, Văn Miếu - Quốc Tử Giám, Phường Hai Bà Trưng (quận Hai Bà Trưng cũ)","https://www.topcv.vn/viec-lam/nhan-vien-thiet-ke/2142477.html","Thứ 2 - Thứ 6 (từ 08:00 đến 17:00)
Thứ 7 (từ 08:00 đến 12:00)
Có thể linh hoạt theo tính chất công việc hoặc phát sinh ngoài giờ trong các giai đoạn cao điểm."
1,"Chuyên Viên Thiết Kế","Công ty TNHH Phát triển Thương mại Bất động sản Newstarland","- Hà Nội: Tầng 1, tòa Eco Green 286 Nguyễn Xiển, Phường Thanh Liệt (huyện Thanh Trì cũ)","https://www.topcv.vn/viec-lam/chuyen-vien-thiet-ke/2121764.html","Thứ 2 - Thứ 6 (từ 08:30 đến 17:30)
Thứ 7 (từ 08:30 đến 12:00)"
1,"Nhân Viên Lập Trình Cnc","CÔNG TY TNHH CÔNG NGHIỆP BROTHER SÀI GÒN","- Đồng Nai: Lô 301, đường 7A, KCN Long Bình (Amata), Phường Long Bình , Thành phố Biên Hòa, Phường Biên Hòa (Thành phố Biên Hòa cũ)","https://www.topcv.vn/viec-lam/nhan-vien-lap-trinh-cnc/2033390.html","Thứ 2 - Thứ 7 (từ 07:30 đến 16:30)
Nghỉ 2 ngày thứ 7 cách tuần"
1,"Nhân Viên Kỹ Thuật IT","CÔNG TY TNHH A.N.F.A VIỆT NAM","- Hồ Chí Minh: 129E Nguyễn Đình Chính, Phường Phú Nhuận (quận Phú Nhuận cũ)","https://www.topcv.vn/viec-lam/nhan-vien-ky-thuat-it/2128964.html","Thứ 2 - Thứ 7 (từ 08:00 đến 17:00)"
1,"Nhân Viên Design","Công ty Cổ Phần Vật Tư - Thiết Bị Công Trình Minh Đức","- Hà Nội: Số 301 Phúc Lợi, Phường Phúc Lợi (quận Long Biên cũ)","https://www.topcv.vn/viec-lam/nhan-vien-design/2113858.html","Từ 8h - 17h30 thứ 2 đến hết sáng thứ 7, nghỉ trưa 1,5h"
1,"Chuyên Viên Thiết Kế / Graphic Design","Công ty cổ phần địa ốc Mai Việt","- Hà Nội: 219 Trung Kính, Phường Yên Hòa (quận Cầu Giấy cũ)","https://www.topcv.vn/viec-lam/chuyen-vien-thiet-ke-graphic-design/1144223.html","Thứ 2 - Thứ 6 (từ 08:00 đến 17:30)
Thứ 7 (từ 08:00 đến 12:00)"
1,"Quản Lý Kế Hoạch Và Chính Sách Kinh Doanh","CÔNG TY CỔ PHẦN THIẾT BỊ CÔNG NGHIỆP GEIC","- Hà Nội: 52 Lê Đại Hành, Phường Hai Bà Trưng (quận Hai Bà Trưng cũ)","https://www.topcv.vn/viec-lam/quan-ly-ke-hoach-va-chinh-sach-kinh-doanh/2070398.html","Thời gian làm việc: Thứ 2 – Thứ 6 và thêm 2 ngày Thứ 7 cách tuần"
1,"Lập Trình Viên Full-Stack (Desktop/Web/Mobile)","CÔNG TY TNHH KJ Globexus","- Đà Nẵng: 52 Nguyễn Văn Linh, Phường Hải Châu (quận Hải Châu cũ)","https://www.topcv.vn/viec-lam/lap-trinh-vien-full-stack-desktop-web-mobile/2039616.html","Thứ 2 - Thứ 6 (từ 08:30 đến 17:30)
Thứ 7 (từ 08:30 đến 12:00)"
1,"Senior Fabric Sourcing/Developer","CÔNG TY TNHH FASTECH ASIA","- Hồ Chí Minh: Vinhomes Grand Park, Phường Long Bình (Thành phố Thủ Đức cũ)","https://www.topcv.vn/brand/coolmate/tuyen-dung/senior-fabric-sourcing-developer-j2133077.html","[""Thứ 2 - Thứ 7 (từ 08:30 đến 17:45)\n- Thứ 2 - Thứ 6: 8h30 - 17h45 (Nghỉ trưa 12h00 - 13h15)\n- Thứ 7 đi làm: 8h30 - 17h00 (Nghỉ trưa 12h00 - 13h15)\n- Nghỉ thứ 7 cách tuần""]"
1,"Kỹ Thuật Viên Cài Đặt Máy Tính, Đổ Mực Máy In","CÔNG TY TNHH THƯƠNG MẠI CÔNG NGHỆ TUẤN LINH","- Hải Phòng: 128 Lê Thánh Tông, Phường Ngô Quyền (quận Ngô Quyền cũ)","https://www.topcv.vn/viec-lam/ky-thuat-vien-cai-dat-may-tinh-do-muc-may-in/2132771.html","Thứ 2 - Thứ 7 (từ 07:45 đến 17:30)
Sáng từ 7h45 đến 11h 30 . Chiều 1h45 đến 17h 30"
1,"Artist 2D","Hộ kinh doanh Nguyễn Văn Dũng","- Thái Nguyên: Tòa Tecco Phủ Liễn, Phường Phan Đình Phùng (Thành phố Thái Nguyên cũ)","https://www.topcv.vn/viec-lam/artist-2d/1967072.html","Thứ 2 - Thứ 7 (từ 08:15 đến 17:45)"
1,"Nhân Viên Thiết Kế (Designer)","CÔNG TY TNHH MTV ANH KHUÊ PHARMA","- Hồ Chí Minh: Số 22 Đường số 2, Khu dân cư Cityland Park Hills, Phường Gò Vấp (quận Gò Vấp cũ)","https://www.topcv.vn/viec-lam/nhan-vien-thiet-ke-designer/1256952.html","Thứ 2 - Thứ 6 (từ 08:30 đến 17:30)
Thứ 7 (từ 08:30 đến 15:00)"
1,"Nhân Viên Thiết Kế Đồ Hoạ","CÔNG TY CỔ PHẦN KINH DOANH VÀ DỊCH VỤ BẤT ĐỘNG SẢN MINH QUANG","- Hà Nội: Toà Grandeur Palace, số 138B Giảng Võ, Phường Giảng Võ (quận Ba Đình cũ)","https://www.topcv.vn/viec-lam/nhan-vien-thiet-ke-do-hoa/2146950.html","Thứ 2 - Thứ 6 (từ 08:30 đến 17:30)
Thứ 7 (từ 08:30 đến 12:00)"
1,"Senior Business Development","Công ty cổ phần TechLead","- Hà Nội: Tầng 4 số 11 Nguyển Xiển Thanh Xuân, Phường Khương Đình (quận Thanh Xuân cũ)","https://www.topcv.vn/viec-lam/senior-business-development/1738613.html","Thứ 2 - Thứ 6 (từ 08:30 đến 18:00)
và thứ 7 cách tuần"
1,"HR Data Analyst","Nhất Tín Logistics","- Hồ Chí Minh: 18A Cộng Hòa, Phường Bảy Hiền (quận Tân Bình cũ)","https://www.topcv.vn/viec-lam/hr-data-analyst/2151650.html","Thứ 2 - Thứ 6 (từ 08:00 đến 17:00)
Thứ 7: 8h00-12h00 (có thể WFH)"
1,"Nhân Viên Kinh Doanh Mảng Công Nghệ Thông Tin","CÔNG TY TNHH CÔNG NGHỆ PHẦN MỀM NASANI","- Hồ Chí Minh: Lầu 1 Toà nhà Saigon ICT, Phần mềm Quang Trung, Phường Trung Mỹ Tây (Quận 12 cũ)","https://www.topcv.vn/viec-lam/nhan-vien-kinh-doanh-mang-cong-nghe-thong-tin/2104494.html","Thứ 2 - Thứ 6 (từ 08:00 đến 17:00)
Thứ 7 (từ 08:00 đến 12:00)"
1,"Nhân Viên Thiết Kế Sáng Tạo","CÔNG TY CỔ PHẦN ĐẦU TƯ THƯƠNG MẠI QUẢNG CÁO SONG HÀNH","- Hồ Chí Minh: Tầng 7 tòa nhà SFC số 9 Đinh Tiên Hoàng, Phường Sài Gòn (Quận 1 cũ)","https://www.topcv.vn/viec-lam/nhan-vien-thiet-ke-sang-tao/970610.html","Thứ 2 - Thứ 6 (từ 08:00 đến 17:00)
Thứ 7 (từ 08:00 đến 12:00)"
1,"Junior Graphic Designer","Công ty Cổ phần Tập đoàn C.E.O","- Hà Nội: Tháp CEO, Phạm Hùng, Nam Từ Liêm, Phường Từ Liêm (quận Nam Từ Liêm cũ)","https://www.topcv.vn/viec-lam/junior-graphic-designer/2014117.html","Thứ 2 - Thứ 6 (từ 08:00 đến 17:00)
Thứ 7 (từ 08:00 đến 12:00)"
1,"Nhân Viên IT Support - Văn Phòng - Đi Làm Ngay","Công ty Cổ phần Đầu tư và Phát triển du lịch Ravi","- Hà Nội: Tầng 5, Tòa nhà Artemis, số 3 Lê Trọng Tấn, Phường Phương Liệt (quận Thanh Xuân cũ)","https://www.topcv.vn/brand/dautuvaphattriendulichravi/tuyen-dung/nhan-vien-it-support-van-phong-di-lam-ngay-j2153797.html","[""Thứ 2 - Thứ 6 (từ 08:30 đến 17:30)\nCác thứ Bảy trong tháng chia lịch nghỉ cách tuần hoặc đảm bảo tối thiểu định mức công của tháng. Thời gian đi làm ngày thứ Bảy theo giờ quy định đối với các ngày trong tuần.""]"
1,"Nhân Viên IT","CÔNG TY CỔ PHẦN THỦY SẢN VIỆT ÚC","- Nghệ An: Quỳnh Minh, Xã Quỳnh Lưu (huyện Quỳnh Lưu cũ)","https://www.topcv.vn/viec-lam/nhan-vien-it/2136748.html","Thứ 2 - Thứ 7 (từ 07:30 đến 17:00)"
1,"Nhân Viên Kinh Doanh/ Sale","CÔNG TY CỔ PHẦN LIFETEX","- Hồ Chí Minh: 72 Lê Thánh Tôn, Phường Sài Gòn (Quận 1 cũ)","https://www.topcv.vn/viec-lam/nhan-vien-kinh-doanh-sale/1980162.html","Thứ 2 - Thứ 6 (từ 08:00 đến 17:00)
Thứ 7 (từ 08:00 đến 12:00)"
1,"Back-End Engineer - NATIONAL DIGITAL TWIN 15","CÔNG TY CỔ PHẦN QUẢN LÝ CT","- Hồ Chí Minh: 20 Trương Định, Phường Xuân Hòa (Quận 3 cũ)","https://www.topcv.vn/viec-lam/back-end-engineer-national-digital-twin-15/2121944.html","Thứ 2 - Thứ 6 (từ 08:00 đến 17:30)
Thứ 7 (từ 08:00 đến 12:00)"
1,"Chuyên Viên Kinh Doanh Phần Mềm Kiotviet Tại Gia Lai - Kon Tum","CÔNG TY CỔ PHẦN CÔNG NGHỆ KIOTVIET","- Gia Lai: 44a Phù Đổng, Phường Pleiku (Thành phố Pleiku cũ)","https://www.topcv.vn/viec-lam/chuyen-vien-kinh-doanh-phan-mem-kiotviet-tai-gia-lai-kon-tum/2146634.html","Thứ 2 - Thứ 7 (từ 08:00 đến 17:30)
Nghỉ 02 ngày thứ Bảy trong mỗi tháng theo sự sắp xếp của Ban Giám đốc kinh doanh"
1,"UI/UX Designer","CÔNG TY TNHH CÔNG NGHỆ NHẬN THỨC MÁY HORUS AI","- Hà Nội: VOV Mễ Trì, Phường Đại Mỗ (quận Nam Từ Liêm cũ)","https://www.topcv.vn/viec-lam/ui-ux-designer/2133284.html","Thứ 2 - Thứ 6 (từ 08:00 đến 17:30)
Thứ 7 (từ 08:00 đến 12:00)
Nghỉ trưa 1h30’"
1,"Kế Toán Quản Trị Mảng Xây Dựng","Công Ty TNHH Luyện Kim Trần Hồng Quân","- Hà Nội: Phường Từ Liêm (quận Nam Từ Liêm cũ)","https://www.topcv.vn/viec-lam/ke-toan-quan-tri-mang-xay-dung/2087567.html","Thứ 2 - Thứ 7 (từ 08:00 đến 17:00)
Giờ hành chính từ thứ Hai đến hết sáng Thứ Bảy (Từ 8h00 - 17h00 giờ mùa hè, 8h00 - 17h30 giờ mùa đông)"
1,"Thực Tập Thiết Kế Đồ Họa 2D","CÔNG TY TNHH TƯ VẤN THƯƠNG MẠI VÀ DỊCH VỤ CLICK","- Hồ Chí Minh: L17-11, Tầng 17, Tòa Nhà Vincom Center, Số 72 Lê Thánh Tôn, Phường Sài Gòn (Quận 1 cũ)","https://www.topcv.vn/viec-lam/thuc-tap-thiet-ke-do-hoa-2d/2135573.html","Thứ 2 - Thứ 6 (từ 08:00 đến 12:00)
Thứ 2 - Thứ 6 (từ 13:30 đến 17:30)
Thứ 7 (từ 08:00 đến 12:00)"
1,"Thực Tập Thiết Kế Đồ Họa 2D","CÔNG TY TNHH TƯ VẤN THƯƠNG MẠI VÀ DỊCH VỤ CLICK","- Hồ Chí Minh: Chung cư K26, Phường Hạnh Thông (quận Gò Vấp cũ)","https://www.topcv.vn/viec-lam/thuc-tap-thiet-ke-do-hoa-2d/2135573.html","Thứ 2 - Thứ 6 (từ 08:00 đến 12:00)
Thứ 2 - Thứ 6 (từ 13:30 đến 17:30)
Thứ 7 (từ 08:00 đến 12:00)"
1,"Nhân Viên Thiết Kế Đồ Họa (Chuyên TMĐT)","CÔNG TY CỔ PHẦN TRUE CARE VIỆT NAM","- Hồ Chí Minh: 18 đường số 1, KP6, Phường Hiệp Bình (Thành phố Thủ Đức cũ)","https://www.topcv.vn/viec-lam/nhan-vien-thiet-ke-do-hoa-chuyen-tmdt/2125402.html","Thứ 2 - Thứ 6 (từ 08:00 đến 17:00)
Thứ 7 (từ 08:00 đến 12:00)"
1,"Graphic Designer","CÔNG TY TNHH TẬP ĐOÀN CÔNG NGHỆ WIKEX EXCHANGE","- Hồ Chí Minh: 8e đường số 14 kdc cityland park hills, Phường Gò Vấp (quận Gò Vấp cũ)","https://www.topcv.vn/viec-lam/graphic-designer/2091254.html","Thứ 2 - Thứ 7 (từ 09:00 đến 18:00)
Nhưng chỉ làm có 2 ngày thứ Bảy trong một tháng"
1,"Nhân Viên Thiết Kế - Designer","LG CLINIC - CÔNG TY CỔ PHẦN TẬP ĐOÀN HAMIER VIỆT NAM","- Hồ Chí Minh: 200 Lê Lai, Phường Bến Thành (Quận 1 cũ)","https://www.topcv.vn/viec-lam/nhan-vien-thiet-ke-designer/728154.html","Thời gian làm việc: 8g30 – 17g30 (Thứ 2 – Thứ 7), nghỉ trưa 12g – 13g00"
1,"Chuyên Viên Thiết Kế","CÔNG TY CỔ PHẦN TẬP ĐOÀN MY SECOND HOME","- Hà Nội: Số 66 Cốm Vòng, Phường Cầu Giấy (quận Cầu Giấy cũ)","https://www.topcv.vn/viec-lam/chuyen-vien-thiet-ke/2069597.html","Thứ 2 - Thứ 6 (từ 08:30 đến 17:30)
Thứ 7 (từ 08:30 đến 12:00)
Làm việc từ thứ 2 đến hết sáng thứ 7"
1,"Nhân Viên Chuyển Đổi Số (Ứng Dụng AI)","CÔNG TY TNHH THƯƠNG MẠI VÀ DỊCH VỤ DOMOOD","- Đà Nẵng: 160 - 162 Bế Văn Đàn, Phường Thanh Khê (quận Thanh Khê cũ)","https://www.topcv.vn/viec-lam/nhan-vien-chuyen-doi-so-ung-dung-ai/2149781.html","Thứ 2 - Thứ 7 (từ 08:00 đến 17:00)"
1,"Chuyên Viên Business Analyst - Phân Tích Nghiệp Vụ","CÔNG TY CỔ PHẦN LIFETEX","- Hồ Chí Minh: 72 Lê Thánh Tôn, Phường Sài Gòn (Quận 1 cũ)","https://www.topcv.vn/viec-lam/chuyen-vien-business-analyst-phan-tich-nghiep-vu/2110004.html","Thứ 2 - Thứ 6 (từ 08:00 đến 17:00)
Thứ 7 (từ 08:00 đến 12:00)"
1,"Graphic Designer","Công ty Cổ Phần V Lotus Holdings","- Hồ Chí Minh: 9 -9A Nơ Trang Long, Phường Gia Định (quận Bình Thạnh cũ)","https://www.topcv.vn/viec-lam/graphic-designer/2143796.html","Thứ 2 - Thứ 6 (từ 08:30 đến 17:30)
8h30 - 17h30 từ thứ 2 - thứ 6, thứ 7 làm việc luân phiên cách tuần"
1,"Design Leader (POD E-Commerce)","CÔNG TY TNHH POD SOFTWARE","- Hồ Chí Minh: Khu Dân cư River Park, số K4.50, đường Nile (D15a), Phường Phước Long (Thành phố Thủ Đức cũ)","https://www.topcv.vn/viec-lam/design-leader-pod-e-commerce/2120030.html","Thứ 2 - Thứ 6 (từ 08:30 đến 17:30)
Thứ 7 (từ 08:30 đến 12:00)
Làm việc Online buổi sáng thứ 7"
1,"Game Artist (2D/3D Generalist + Pixel Art)","CÔNG TY TNHH ADTIREX","- Hà Nội: G06 - L15 Khu An Qúy Villa - Dương Nội, Phường Hà Đông (quận Hà Đông cũ)","https://www.topcv.vn/viec-lam/game-artist-2d-3d-generalist-pixel-art/2141093.html","Thứ 2 - Thứ 7 (từ 08:30 đến 17:30)
•	Thứ 2 – Thứ 7 từ 08h30 – 17h30 (nghỉ trưa 1,5h)"
1,"Project Manager","CÔNG TY CỔ PHẦN TÀI NGUYÊN TRI THỨC VIỆT NĂNG","- Hồ Chí Minh: 6 Nguyễn Trung Trực, Phường Bình Lợi Trung (quận Bình Thạnh cũ)","https://www.topcv.vn/brand/vnresource1209/tuyen-dung/project-manager-j2101601.html","[""Thứ 2 - Thứ 6 (từ 08:00 đến 17:00)\nThứ 2 - Thứ 6: 8h-17h30, Thứ 7: 8h - 12h""]"
1,"Business Analyst ERP","Công ty TNHH Dịch Vụ Sửa Chữa Điện Thoại Vui","- Hồ Chí Minh: 350 Võ Văn Kiệt, Phường Cầu Ông Lãnh (Quận 1 cũ)","https://www.topcv.vn/viec-lam/business-analyst-erp/2063408.html","Thứ 2 - Thứ 6 (từ 08:30 đến 17:30)
Thứ 7 linh động theo yêu cầu Team"
1,"Nhân Viên Thiết Kế Đứng Máy In KỸ THUẬT SỐ KONICA","CÔNG TY TNHH IN SONG PHƯỚC","- Hồ Chí Minh: 37 Tân Thới Nhất 6, Phường Đông Hưng Thuận (Quận 12 cũ)","https://www.topcv.vn/viec-lam/nhan-vien-thiet-ke-dung-may-in-ky-thuat-so-konica/2141597.html","Thứ 2 - Thứ 6 (từ 08:00 đến 17:00)
Thứ 7 (từ 08:00 đến 15:30)"
1,"Nhân Viên Graphic Designer","CÔNG TY TNHH CÔNG NGHỆ C-PRINT","- Hà Nội: Số 6, ngõ 167 Phương Mai, Phường Đống Đa (quận Đống Đa cũ)","https://www.topcv.vn/viec-lam/nhan-vien-graphic-designer/2100524.html","Thứ 2 - Thứ 7 (từ 08:00 đến 18:00)"
1,"Lập Trình PLC Tại Hải Phòng - Lương: 20 Triệu/ Tháng","CÔNG TY TNHH JPTECH","- Hải Phòng: Quốc lộ 10, Phường Thiên Hương (Thành phố Thuỷ Nguyên cũ)","https://www.topcv.vn/viec-lam/lap-trinh-plc-tai-hai-phong-luong-20-trieu-thang/2127695.html","Thứ 2 - Thứ 7 (từ 08:00 đến 17:00)"
1,"Nhân Viên Graphic Designer","CÔNG TY TNHH GIA LINH NGUYỄN","- Hà Nội: Tầng 12, tòa Handico Phạm Hùng, Phường Từ Liêm (quận Nam Từ Liêm cũ)","https://www.topcv.vn/viec-lam/nhan-vien-graphic-designer/2151457.html","Thứ 2 - Thứ 6 (từ 08:30 đến 17:30)
Thứ 7 (từ 08:00 đến 12:00)"
1,"Kỹ Sư Lập Trình Điện","CÔNG TY TNHH CƠ ĐIỆN VIỆT PHÚC NHÂN","- Đồng Nai: Tổ 6 Ấp 2, Xã Tân An (huyện Vĩnh Cửu cũ)","https://www.topcv.vn/viec-lam/ky-su-lap-trinh-dien/2140438.html","Thứ 2 - Thứ 7 (từ 07:30 đến 17:00)"
1,"Business AI Operations Specialist (Sales & Marketing Focus) Lương 20-25 Triệu","CÔNG TY CỔ PHẦN TẬP ĐOÀN ĐỨC TÍN TOÀN CẦU","- Hà Nội: Phúc Minh, Phúc Diễn,  Bắc Từ Liêm, Phường Phú Diễn (quận Bắc Từ Liêm, quận Cầu Giấy cũ)","https://www.topcv.vn/viec-lam/business-ai-operations-specialist-sales-marketing-focus-luong-20-25-trieu/2145457.html","Thứ 2 - Thứ 7 (từ 08:00 đến 17:00)
1/2 thứ 7 trong tháng"
1,"Trợ Lý Dự Án","Công ty cổ phần TechLead","- Hà Nội: Tầng 4 số 11 Nguyển Xiển Thanh Xuân, Phường Khương Đình (quận Thanh Xuân cũ)","https://www.topcv.vn/viec-lam/tro-ly-du-an/1331517.html","Thứ 2 - Thứ 6 (từ 08:30 đến 18:00)
và thứ 7 cách tuần"
1,"Kỹ Sư Lập Trình PLC","CÔNG TY CỔ PHẦN PHÁT TRIỂN VÀ CHUYỂN GIAO CÔNG NGHỆ VIỆT NAM","- Hà Nội: VT09-BT02 – KĐT Xa La – Hà Đông –, Phường Hà Đông (quận Hà Đông cũ)","https://www.topcv.vn/viec-lam/ky-su-lap-trinh-plc/1959120.html","Thứ 2 - Thứ 7 (từ 08:00 đến 17:30)"
1,"Nhân Viên Kinh Doanh, Không Yêu Cầu Kinh Nghiệm","CÔNG TY TNHH CÔNG NGHỆ PHẦN MỀM NASANI","- Hồ Chí Minh: Toà nhà ICT, Lô 46 công viên phần mềm Quang Trung, Phường Trung Mỹ Tây (Quận 12 cũ)","https://www.topcv.vn/viec-lam/nhan-vien-kinh-doanh-khong-yeu-cau-kinh-nghiem/2151841.html","Thứ 2 - Thứ 7 (từ 08:00 đến 17:00)
Thứ Hai đến Thứ Sáu: Sáng từ 7h45 đến 17h00.
Thứ Bảy: Làm việc đến 12h00."
1,"Thực Tập Sinh Thiết Kế Đồ Họa (Full-Time)","CÔNG TY TNHH HOMENAY COMMERCE","- Hồ Chí Minh: 302 Lê Văn Sỹ, Phường Tân Sơn Hòa, Phường Tân Sơn Hòa (quận Tân Bình cũ)","https://www.topcv.vn/viec-lam/thuc-tap-sinh-thiet-ke-do-hoa-full-time/1961760.html","Thứ 2 - Thứ 6 (từ 08:00 đến 17:00)
Thứ 7 (từ 08:00 đến 12:00)"
1,"Chuyên Viên Thiết Kế Đồ Họa","CÔNG TY CỔ PHẦN BẤT ĐỘNG SẢN NEWX","- Hà Nội: Phường Long Biên (quận Long Biên cũ)","https://www.topcv.vn/viec-lam/chuyen-vien-thiet-ke-do-hoa/1968484.html","Thứ 2 - Thứ 6 (từ 09:00 đến 18:00)
Thứ 7 (từ 09:00 đến 18:00)
Làm 2 thứ 7 trong một tháng"
1,"Thiết Kế Đồ Họa (Graphic Designer)","CÔNG TY TNHH THƯƠNG MẠI KONBINI VIỆT NAM","- Hà Nội: 63 Vạn Phúc, Hà Đông, Phường Hà Đông (quận Hà Đông cũ)","https://www.topcv.vn/viec-lam/thiet-ke-do-hoa-graphic-designer/1133864.html","Thứ 2 - Thứ 6 (từ 08:00 đến 17:30)
Thứ 7 (từ 08:00 đến 12:00)
Nghỉ trưa 1,5 tiếng"
1,"Design Associate Full-Time","CÔNG TY TNHH PHÚC ANH ĐĂNG","- Hồ Chí Minh: 65 Lê Văn Phan, Phường Phú Thọ Hòa (quận Tân Phú cũ)","https://www.topcv.vn/viec-lam/design-associate-full-time/2100757.html","Thứ 2 - Thứ 7 ()
Làm việc từ thứ 2 - thứ 7"
1,"Full Stack Developer ReactJs/ NodeJS","CÔNG TY CỔ PHẦN MELI","- Hà Nội: 48 Tố Hữu, Phường Đại Mỗ (quận Nam Từ Liêm cũ)","https://www.topcv.vn/viec-lam/full-stack-developer-reactjs-nodejs/2150495.html","Thứ 2 - Thứ 6 (từ 08:30 đến 18:00)
Thứ 7 cách tuần"
1,"Lập Trình Viên","CÔNG TY TNHH DEGO HOLDING","- Cần Thơ: Văn phòng Công ty Dego Holding, B18 - 19, Khu dân cư Văn hóa Tây Đô, đường dẫn cầu, Phường Cái Răng (quận Cái Răng cũ)","https://www.topcv.vn/viec-lam/lap-trinh-vien/2119143.html","Thứ 2 - Thứ 7 (từ 08:00 đến 17:30)"
1,"Nhân Viên Lập Trình PLC","Công ty TNHH Sejong Dynamics vina","- Bắc Ninh: Khu Hai Vân, Phường Nam Sơn (Thành phố Bắc Ninh cũ)","https://www.topcv.vn/viec-lam/nhan-vien-lap-trinh-plc/2144974.html","Thứ 2 - Thứ 7 (từ 08:00 đến 17:00)
Nghỉ 2 thứ 7 luân phiên"
1,"Nhân Viên Kinh Doanh Công Nghệ Thông Tin MobiFone","CÔNG TY CỔ PHẦN DỊCH VỤ GIA TĂNG MOBIFONE","- Cần Thơ: Phường Long Mỹ (Thị xã Long Mỹ cũ)","https://www.topcv.vn/viec-lam/nhan-vien-kinh-doanh-cong-nghe-thong-tin-mobifone/1808164.html","Thứ 2 - Thứ 7 (từ 08:00 đến 17:00)"
1,"Nhân Viên Kinh Doanh Công Nghệ Thông Tin MobiFone","CÔNG TY CỔ PHẦN DỊCH VỤ GIA TĂNG MOBIFONE","- Cần Thơ: Phường Mỹ Xuyên (huyện Mỹ Xuyên, Thành phố Sóc Trăng cũ)","https://www.topcv.vn/viec-lam/nhan-vien-kinh-doanh-cong-nghe-thong-tin-mobifone/1808164.html","Thứ 2 - Thứ 7 (từ 08:00 đến 17:00)"
1,"Nhân Viên Kinh Doanh Công Nghệ Thông Tin MobiFone","CÔNG TY CỔ PHẦN DỊCH VỤ GIA TĂNG MOBIFONE","- Cần Thơ: Phường Ngã Năm (Thị xã Ngã Năm cũ)","https://www.topcv.vn/viec-lam/nhan-vien-kinh-doanh-cong-nghe-thong-tin-mobifone/1808164.html","Thứ 2 - Thứ 7 (từ 08:00 đến 17:00)"
1,"Nhân Viên Kinh Doanh Công Nghệ Thông Tin MobiFone","CÔNG TY CỔ PHẦN DỊCH VỤ GIA TĂNG MOBIFONE","- Cần Thơ: Phường Sóc Trăng (Thành phố Sóc Trăng cũ)","https://www.topcv.vn/viec-lam/nhan-vien-kinh-doanh-cong-nghe-thong-tin-mobifone/1808164.html","Thứ 2 - Thứ 7 (từ 08:00 đến 17:00)"
1,"Nhân Viên Kinh Doanh Công Nghệ Thông Tin MobiFone","CÔNG TY CỔ PHẦN DỊCH VỤ GIA TĂNG MOBIFONE","- Cần Thơ: Phường Thốt Nốt (quận Thốt Nốt cũ)","https://www.topcv.vn/viec-lam/nhan-vien-kinh-doanh-cong-nghe-thong-tin-mobifone/1808164.html","Thứ 2 - Thứ 7 (từ 08:00 đến 17:00)"
1,"Nhân Viên Kinh Doanh Công Nghệ Thông Tin MobiFone","CÔNG TY CỔ PHẦN DỊCH VỤ GIA TĂNG MOBIFONE","- Cần Thơ: Phường Vĩnh Châu (Thị xã Vĩnh Châu cũ)","https://www.topcv.vn/viec-lam/nhan-vien-kinh-doanh-cong-nghe-thong-tin-mobifone/1808164.html","Thứ 2 - Thứ 7 (từ 08:00 đến 17:00)"
1,"Nhân Viên Kinh Doanh Công Nghệ Thông Tin MobiFone","CÔNG TY CỔ PHẦN DỊCH VỤ GIA TĂNG MOBIFONE","- Cần Thơ: Xã Châu Thành (huyện Châu Thành cũ)","https://www.topcv.vn/viec-lam/nhan-vien-kinh-doanh-cong-nghe-thong-tin-mobifone/1808164.html","Thứ 2 - Thứ 7 (từ 08:00 đến 17:00)"
1,"Nhân Viên Kinh Doanh Công Nghệ Thông Tin MobiFone","CÔNG TY CỔ PHẦN DỊCH VỤ GIA TĂNG MOBIFONE","- Cần Thơ: Xã Cù Lao Dung (huyện Cù Lao Dung cũ)","https://www.topcv.vn/viec-lam/nhan-vien-kinh-doanh-cong-nghe-thong-tin-mobifone/1808164.html","Thứ 2 - Thứ 7 (từ 08:00 đến 17:00)"
1,"Nhân Viên Kinh Doanh Công Nghệ Thông Tin MobiFone","CÔNG TY CỔ PHẦN DỊCH VỤ GIA TĂNG MOBIFONE","- Cần Thơ: Xã Kế Sách (huyện Kế Sách cũ)","https://www.topcv.vn/viec-lam/nhan-vien-kinh-doanh-cong-nghe-thong-tin-mobifone/1808164.html","Thứ 2 - Thứ 7 (từ 08:00 đến 17:00)"
1,"Nhân Viên Kinh Doanh Công Nghệ Thông Tin MobiFone","CÔNG TY CỔ PHẦN DỊCH VỤ GIA TĂNG MOBIFONE","- Cần Thơ: Xã Long Phú (huyện Long Phú cũ)","https://www.topcv.vn/viec-lam/nhan-vien-kinh-doanh-cong-nghe-thong-tin-mobifone/1808164.html","Thứ 2 - Thứ 7 (từ 08:00 đến 17:00)"
1,"Nhân Viên Kinh Doanh Công Nghệ Thông Tin MobiFone","CÔNG TY CỔ PHẦN DỊCH VỤ GIA TĂNG MOBIFONE","- Cần Thơ: Xã Mỹ Tú (huyện Mỹ Tú cũ)","https://www.topcv.vn/viec-lam/nhan-vien-kinh-doanh-cong-nghe-thong-tin-mobifone/1808164.html","Thứ 2 - Thứ 7 (từ 08:00 đến 17:00)"
1,"Nhân Viên Kinh Doanh Công Nghệ Thông Tin MobiFone","CÔNG TY CỔ PHẦN DỊCH VỤ GIA TĂNG MOBIFONE","- Cần Thơ: Xã Phong Điền (huyện Phong Điền cũ)","https://www.topcv.vn/viec-lam/nhan-vien-kinh-doanh-cong-nghe-thong-tin-mobifone/1808164.html","Thứ 2 - Thứ 7 (từ 08:00 đến 17:00)"
1,"Nhân Viên Kinh Doanh Công Nghệ Thông Tin MobiFone","CÔNG TY CỔ PHẦN DỊCH VỤ GIA TĂNG MOBIFONE","- Cần Thơ: Xã Thới Lai (huyện Thới Lai cũ)","https://www.topcv.vn/viec-lam/nhan-vien-kinh-doanh-cong-nghe-thong-tin-mobifone/1808164.html","Thứ 2 - Thứ 7 (từ 08:00 đến 17:00)"
1,"Nhân Viên Kinh Doanh Công Nghệ Thông Tin MobiFone","CÔNG TY CỔ PHẦN DỊCH VỤ GIA TĂNG MOBIFONE","- Cần Thơ: Xã Trần Đề (huyện Trần Đề cũ)","https://www.topcv.vn/viec-lam/nhan-vien-kinh-doanh-cong-nghe-thong-tin-mobifone/1808164.html","Thứ 2 - Thứ 7 (từ 08:00 đến 17:00)"
1,"Nhân Viên Kinh Doanh Công Nghệ Thông Tin MobiFone","CÔNG TY CỔ PHẦN DỊCH VỤ GIA TĂNG MOBIFONE","- Cần Thơ: Xã Vị Thủy (huyện Vị Thuỷ cũ)","https://www.topcv.vn/viec-lam/nhan-vien-kinh-doanh-cong-nghe-thong-tin-mobifone/1808164.html","Thứ 2 - Thứ 7 (từ 08:00 đến 17:00)"
1,"Nhân Viên Kinh Doanh Công Nghệ Thông Tin MobiFone","CÔNG TY CỔ PHẦN DỊCH VỤ GIA TĂNG MOBIFONE","- Hồ Chí Minh: Phường Bến Thành (Quận 1 cũ)","https://www.topcv.vn/viec-lam/nhan-vien-kinh-doanh-cong-nghe-thong-tin-mobifone/1808164.html","Thứ 2 - Thứ 7 (từ 08:00 đến 17:00)"
1,"Nhân Viên Kinh Doanh Công Nghệ Thông Tin MobiFone","CÔNG TY CỔ PHẦN DỊCH VỤ GIA TĂNG MOBIFONE","- Hồ Chí Minh: Phường Gò Vấp (quận Gò Vấp cũ)","https://www.topcv.vn/viec-lam/nhan-vien-kinh-doanh-cong-nghe-thong-tin-mobifone/1808164.html","Thứ 2 - Thứ 7 (từ 08:00 đến 17:00)"
1,"Nhân Viên Kinh Doanh Công Nghệ Thông Tin MobiFone","CÔNG TY CỔ PHẦN DỊCH VỤ GIA TĂNG MOBIFONE","- Hồ Chí Minh: Phường Sài Gòn (Quận 1 cũ)","https://www.topcv.vn/viec-lam/nhan-vien-kinh-doanh-cong-nghe-thong-tin-mobifone/1808164.html","Thứ 2 - Thứ 7 (từ 08:00 đến 17:00)"
1,"Nhân Viên Kinh Doanh Công Nghệ Thông Tin MobiFone","CÔNG TY CỔ PHẦN DỊCH VỤ GIA TĂNG MOBIFONE","- Hồ Chí Minh: Phường Tân Bình (quận Tân Bình cũ)","https://www.topcv.vn/viec-lam/nhan-vien-kinh-doanh-cong-nghe-thong-tin-mobifone/1808164.html","Thứ 2 - Thứ 7 (từ 08:00 đến 17:00)"
1,"Nhân Viên Kinh Doanh Công Nghệ Thông Tin MobiFone","CÔNG TY CỔ PHẦN DỊCH VỤ GIA TĂNG MOBIFONE","- Hồ Chí Minh: Phường Vũng Tàu (Thành phố Vũng Tàu cũ)","https://www.topcv.vn/viec-lam/nhan-vien-kinh-doanh-cong-nghe-thong-tin-mobifone/1808164.html","Thứ 2 - Thứ 7 (từ 08:00 đến 17:00)"
1,"Lead Analytics Engineer","CÔNG TY TNHH LEVER SPHERE VIỆT NAM","- Hà Nội: Tập đoàn SHG, số 8 đường Quang Trung, Phường Hà Đông (quận Hà Đông cũ)","https://www.topcv.vn/viec-lam/lead-analytics-engineer/2153027.html","Thứ 2 - Thứ 7 (từ 08:30 đến 18:00)
Làm thứ 7 cách tuần
Nghỉ trưa từ 12h - 13h30"
1,"Chuyên Viên Phân Tích Nghiệp Vụ","Bệnh Viện Đa Khoa Quốc Tế Thu Cúc – Chi Nhánh Công Ty Cổ Phần Y Khoa Thu Cúc","- Hà Nội: 444 Hoàng Hoa Thám, Phường Tây Hồ (quận Tây Hồ cũ)","https://www.topcv.vn/viec-lam/chuyen-vien-phan-tich-nghiep-vu/2119402.html","T2 - T6: 8h00 - 18h00
T7: 8h00 - 15h00 (làm 2 thứ 7, nghỉ cách tuần)"
1,"AI Engineer Fullstack–Phát Triển AI & Hệ Thống","CÔNG TY CỔ PHẦN TẬP ĐOÀN ĐỨC TÍN TOÀN CẦU","- Hà Nội: Phố Phúc Minh, Phường Phú Diễn (quận Bắc Từ Liêm, quận Cầu Giấy cũ)","https://www.topcv.vn/viec-lam/ai-engineer-fullstackphat-trien-ai-he-thong/1931186.html","Thứ 2 - Thứ 6 (từ 08:00 đến 17:00)
1/2 thứ 7 trong tháng"
1,"Senior Java Developer (Spring Framework)",EDUPIA,"- Hà Nội: Tầng 2,3,5,6 Tòa Comatce Tower - 61 Ngụy Như Kon Tum, Thanh Xuân, Phường Thanh Xuân (quận Thanh Xuân cũ)","https://www.topcv.vn/brand/educa/tuyen-dung/senior-java-developer-spring-framework-j2148465.html","[""Thứ 2 - Thứ 6 (từ 08:00 đến 17:30)\nThứ 7 (từ 08:00 đến 12:00)""]"
1,"Intern Designer MKT","CÔNG TY TNHH GIẢI PHÁP NHÀ MÁY THÔNG MINH VIỆT NAM","- Hà Nội: BTLK M10-L17, KĐT Dương Nội, Phường Hà Đông (quận Hà Đông cũ)","https://www.topcv.vn/viec-lam/intern-designer-mkt/2128044.html","Thứ 2 - Thứ 6 (từ 08:00 đến 17:00)
Ngày làm việc: Thứ 2 – Thứ 6 hàng tuần, làm việc 2 Thứ 7 trong tháng (thứ 7 đầu tháng và cuối tháng)"
1,"Chuyên Viên Business Analyst (BA)","Công ty CP Kids Plaza","- Hà Nội: C,TT9-6 KĐT Him Lam, Vạn Phúc, Phường Hà Đông (quận Hà Đông cũ)","https://www.topcv.vn/viec-lam/chuyen-vien-business-analyst-ba/2075455.html","Thứ 2 - Thứ 6 (từ 08:00 đến 17:30)
Thứ 7 (từ 08:00 đến 12:00)"
1,"Thiết Kế Game / Game Designer","CÔNG TY TNHH CÔNG NGHỆ NHẬN THỨC MÁY HORUS AI","- Hà Nội: Tòa văn phòng CT2D, VOV, đường Lương Thế Vinh, Phường Từ Liêm (quận Nam Từ Liêm cũ)","https://www.topcv.vn/viec-lam/thiet-ke-game-game-designer/1918092.html","Thứ 2 - Thứ 6 (từ 08:00 đến 17:00)
Thứ 7 (từ 08:00 đến 12:00)"
1,"Chuyên Viên Số Hoá Quy Trình Sản Xuất - ERP","CÔNG TY TNHH ĐIỆN TỬ MEIKO","- Hà Nội: Xã Thạch Thất (huyện Thạch Thất cũ)","https://www.topcv.vn/viec-lam/chuyen-vien-so-hoa-quy-trinh-san-xuat-erp/2122749.html","Thứ 2 - Thứ 7 (từ 08:00 đến 16:45)
Thứ 2 đến Thứ 6, và 01 ngày thứ 7 trong tháng"
1,"Business Analyst (Phân Tích Nghiệp Vụ)","CÔNG TY CỔ PHẦN TÀI NGUYÊN TRI THỨC VIỆT NĂNG","- Hà Nội: 84 Duy Tân, Phường Cầu Giấy (quận Cầu Giấy cũ)","https://www.topcv.vn/brand/vnresource1209/tuyen-dung/business-analyst-phan-tich-nghiep-vu-j2130128.html","[""Thứ 2 - Thứ 6 (từ 08:00 đến 17:30)\nThứ 7 (từ 08:00 đến 12:00)\nMonday to Friday: 8:00 AM – 5:30 PM (90-minute lunch break)\nSaturday: 8:00 AM – 12:00 PM (2 Saturday mornings per month)""]"
1,"AI Developer - Xây Hệ Thống ERP, Misa, CRM","CÔNG TY TNHH TRƯỜNG DOANH NHÂN HBR","- Hà Nội: 201 Cầu Giấy, Phường Cầu Giấy (quận Cầu Giấy cũ)","https://www.topcv.vn/viec-lam/ai-developer-xay-he-thong-erp-misa-crm/2026800.html","Thứ 2 - Thứ 6 (từ 08:30 đến 17:30)
- Làm thêm hai thứ Bảy tuần 1,3
- Nghỉ trưa 12h - 13h30"
1,"Nhân Viên Design","CÔNG TY TNHH DỊCH VỤ HẢI SẢN MỸ HẠNH","- Đà Nẵng: Lô 03-05 Võ Nguyên Giap- An Hải, Phường Sơn Trà (quận Sơn Trà cũ)","https://www.topcv.vn/viec-lam/nhan-vien-design/1949214.html","Thứ 7 (từ 08:00 đến 17:00)
Thứ 2 - Thứ 7 (từ 11:00 đến 20:00)"
1,"Chuyên Viên Thiết Kế Đồ Hoạ - Ngành Bất Động Sản","CÔNG TY CỔ PHẦN TẬP ĐOÀN PHÁT TRIỂN BẤT ĐỘNG SẢN SSM GROUP","- Hồ Chí Minh: B103, tầng 1, tòa nhà WIYO Complex 2, số 46 - 52, đường N3C, The Global City, Đỗ Xuân Hợp, Bình Trưng, Phường Thủ Đức (Thành phố Thủ Đức cũ)","https://www.topcv.vn/viec-lam/chuyen-vien-thiet-ke-do-hoa-nganh-bat-dong-san/2121570.html","Từ thứ 2 - sáng thứ 7 hàng tuần.
Sáng 8h30 - 12h30, chiều 13h30-17h30."
1,"Chuyên Viên Thiết Kế Đồ Hoạ - Ngành Bất Động Sản","CÔNG TY CỔ PHẦN TẬP ĐOÀN PHÁT TRIỂN BẤT ĐỘNG SẢN SSM GROUP","- Hà Nội: Tầng 2, toàn nhà Golden Land, số 275 Nguyễn Trãi, Thanh Xuân, Phường Thanh Xuân (quận Thanh Xuân cũ)","https://www.topcv.vn/viec-lam/chuyen-vien-thiet-ke-do-hoa-nganh-bat-dong-san/2121570.html","Từ thứ 2 - sáng thứ 7 hàng tuần.
Sáng 8h30 - 12h30, chiều 13h30-17h30."
1,"Thực Tập Sinh Marketing Photo & Design Full-Time","Công ty TNHH HAVIAS","- Hồ Chí Minh: 136/11 Phổ Quang, Phường Đức Nhuận (quận Phú Nhuận cũ)","https://www.topcv.vn/viec-lam/thuc-tap-sinh-marketing-photo-design-full-time/2101046.html","Thứ 2 - Thứ 7 (từ 09:00 đến 18:00)
Thời gian làm việc: thứ hai - thứ sáu:  9:00 - 18:00
Thứ bảy: 9:00 - 12:00"
1,"Kỹ Sư Lập Trình PLC Cho Máy Tự Động","CÔNG TY TNHH RMG VIETNAM","- Bắc Ninh: KCN Tiên Sơn, Phường Từ Sơn (Thành phố Từ Sơn cũ)","https://www.topcv.vn/viec-lam/ky-su-lap-trinh-plc-cho-may-tu-dong/2127790.html","Thứ 2 - Thứ 7 (từ 08:00 đến 17:00)"
1,"Trưởng Nhóm Kinh Doanh Phần Mềm (Sale Manager)","CÔNG TY TNHH DOCUMENT EASY","- Hồ Chí Minh: Phòng 109, Toà nhà A, khu Công nghệ Phần mềm, đường nội bộ Đại học Quốc gia TP. Hồ Chí Minh, khu phố 33, Phường Linh Xuân (Thành phố Thủ Đức cũ)","https://www.topcv.vn/viec-lam/truong-nhom-kinh-doanh-phan-mem-sale-manager/2094214.html","Thứ 2 - Thứ 6 (từ 08:30 đến 18:00)
Thứ 7 làm việc online 1 buổi"
1,"Nhân Viên Kinh Doanh (Thu Nhập Trên 20tr/Tháng - Không Yêu Cầu Kinh Nghiệm)","CÔNG TY TNHH CÔNG NGHỆ PHẦN MỀM NASANI","- Hồ Chí Minh: Lầu 1, Tòa nhà Saigon ICT Lô 46, Công viên phần mềm Quang Trung, Phường Trung Mỹ Tây (Quận 12 cũ)","https://www.topcv.vn/viec-lam/nhan-vien-kinh-doanh-thu-nhap-tren-20tr-thang-khong-yeu-cau-kinh-nghiem/2124158.html","Thứ 2 - Thứ 6 (từ 08:00 đến 17:00)
Thứ 7 (từ 08:00 đến 12:00)"
1,"Graphic Designer - Chuyên Viên Thiết Kế Đồ Họa","CÔNG TY TNHH THIẾT KẾ VÀ TRUYỀN THÔNG THƯƠNG HIỆU BRANDA","- Hải Phòng: 130 P. Hoàng Ngọc Phách, Phường Lê Chân (quận Lê Chân cũ)","https://www.topcv.vn/viec-lam/graphic-designer-chuyen-vien-thiet-ke-do-hoa/2126821.html","Thứ 2 - Thứ 7 (từ 08:30 đến 18:00)"
1,"Thực Tập Sinh IT - Automation(N8n&OpenClaw)","CÔNG TY CỔ PHẦN ANSTAY VIỆT NAM","- Hà Nội: Tòa Hanhud, Cổ Nhuế 1 - Bắc Từ Liêm, Phường Nghĩa Đô (quận Bắc Từ Liêm, quận Cầu Giấy cũ)","https://www.topcv.vn/viec-lam/thuc-tap-sinh-it-automationn8nopenclaw/2119679.html","Thứ 2 - Thứ 7 (từ 08:00 đến 17:00)
Sáng: 8:00 - 11:30
Chiều: 13:30 - 17:00"
1,"Designer Marketing","CÔNG TY TNHH JUST PLAY","- Hồ Chí Minh: 568A Tân Kỳ Tân Quý, Phường Bình Hưng Hòa (quận Bình Tân cũ)","https://www.topcv.vn/viec-lam/designer-marketing/1934247.html","Thứ 2 - Thứ 6 (từ 08:00 đến 17:00)
Thứ 7 (từ 08:00 đến 12:00)"
1,"Nhân Viên Thiết Kế","CÔNG TY CP KIẾN TRÚC NỘI THẤT NGHỆ DECOR","- Hà Nội: Dịch Vọng Hậu, Phường Cầu Giấy (quận Cầu Giấy cũ)","https://www.topcv.vn/viec-lam/nhan-vien-thiet-ke/2123783.html","Thứ 2 - Thứ 7 (từ 08:30 đến 17:30)"
1,"Nhân Viên Thiết Kế","CÔNG TY CP KIẾN TRÚC NỘI THẤT NGHỆ DECOR","- Nghệ An: Xã Tân Kỳ (huyện Tân Kỳ cũ)","https://www.topcv.vn/viec-lam/nhan-vien-thiet-ke/2123783.html","Thứ 2 - Thứ 7 (từ 08:30 đến 17:30)"
1,"Chuyên Viên Sale Marketing (Nhân Viên Tư Vấn)","CÔNG TY TNHH CÔNG NGHỆ SOTA GROUP","- Hồ Chí Minh: Tòa nhà T&M Building, 160 Đường số 20, Phường An Nhơn (quận Gò Vấp cũ)","https://www.topcv.vn/viec-lam/chuyen-vien-sale-marketing-nhan-vien-tu-van/1869984.html","Thứ 2 - Thứ 7 (từ 08:00 đến 17:30)
Từ Thứ Hai đến Sáng Thứ Bảy"
1,"Nhân Viên Designer","CÔNG TY TNHH CATREND VIỆT NAM","- Hà Nội: Số 23 ngõ 129 Thiên Hiền, Mỹ Đình 1, Nam Từ Liêm, Phường Từ Liêm (quận Nam Từ Liêm cũ)","https://www.topcv.vn/viec-lam/nhan-vien-designer/2130572.html","Thứ 2 - Thứ 7 (từ 08:30 đến 17:30)
Fulltime (Thứ 2 – Thứ 7)
-   Buổi sáng: 08h30 – 12h00;
-   Buổi chiều: 13h00 – 17h30."
1,"Senior Data Management Specialist – Business Analyst (Finance Division) - ID4328","Ngân Hàng TMCP Việt Nam Thịnh Vượng (VPBank)","- Hà Nội: Phường Đống Đa (quận Đống Đa cũ)","https://www.topcv.vn/brand/vpbank/tuyen-dung/senior-data-management-specialist-business-analyst-finance-division-id4328-j2119462.html","[""Thứ 2 - Thứ 6 (từ 08:00 đến 17:30)\nThứ 7 (từ 08:00 đến 12:00)""]"
1,"Business Analyst – Dự Án Hệ Thống Nhân Sự (Hợp Đồng 6 Tháng)","CÔNG TY CỔ PHẦN TẬP ĐOÀN MASTERISE","- Hà Nội: Tòa One Mount, Times City, Phường Vĩnh Tuy (quận Hai Bà Trưng, quận Hoàng Mai cũ)","https://www.topcv.vn/viec-lam/business-analyst-du-an-he-thong-nhan-su-hop-dong-6-thang/2143145.html","Thứ 2 - Thứ 6 (từ 08:00 đến 17:00)
Thứ 7 (từ 08:00 đến 12:00)"
1,"UI/UX & Designer","Công Ty TNHH RECHIC","- Hồ Chí Minh: 176 Trường Sa, Phường Gia Định (quận Bình Thạnh cũ)","https://www.topcv.vn/viec-lam/ui-ux-designer/2134883.html","+ Thứ 2 - Thứ 6: 8h30 - 18h00 (nghỉ trưa 1h30ph)
+ Thứ 7: 8h30 - 16h30 (cách tuần)"
1,"Analytics Engineer","CÔNG TY TNHH THƯƠNG MẠI VÀ TRUYỀN THÔNG QUẢNG CÁO GOLDEN PHOENIX","- Hà Nội: Toà SHG, số 8 đường Quang Trung, Phường Hà Đông (quận Hà Đông cũ)","https://www.topcv.vn/viec-lam/analytics-engineer/2113334.html","Thứ 2 - Thứ 7 (từ 08:30 đến 18:00)
Làm thứ 7 cách tuần
Nghỉ trưa từ 12h - 13h30"
1,"Thực Tập Sinh Thiết Kế","CÔNG TY CỔ PHẦN QUÀ TẶNG VIVA","- Hồ Chí Minh: 189 Tây Thạnh, Phường Tây Thạnh (quận Tân Phú cũ)","https://www.topcv.vn/viec-lam/thuc-tap-sinh-thiet-ke/2152214.html","Thứ 2 - Thứ 6 (từ 08:00 đến 17:30)
Thứ 7 (từ 08:00 đến 12:00)"
1,"Chuyên Viên Kinh Doanh","CÔNG TY TNHH PHÁT TRIỂN HƯƠNG VIỆT","- Hà Nội: Tầng 13 tháp A Tòa nhà Sông Đà, Số 18 Phạm Hùng,, Phường Từ Liêm (quận Nam Từ Liêm cũ)","https://www.topcv.vn/viec-lam/chuyen-vien-kinh-doanh/2092737.html","Thứ 2 - Thứ 6 (từ 08:00 đến 17:30)
Thứ 7 (từ 08:00 đến 11:45)
Làm 2 sáng thứ 7 cách tuần"
1,"Chuyên Viên Kinh Doanh","CÔNG TY TNHH PHÁT TRIỂN HƯƠNG VIỆT","- Hồ Chí Minh: Số 7 Đông Sơn (Quận Tân Bình Cũ), Phường Tân Sơn Nhất (quận Tân Bình cũ)","https://www.topcv.vn/viec-lam/chuyen-vien-kinh-doanh/2092737.html","Thứ 2 - Thứ 6 (từ 08:00 đến 17:30)
Thứ 7 (từ 08:00 đến 11:45)
Làm 2 sáng thứ 7 cách tuần"
1,"Thiết Kế Đồ Hoạ (Graphic Design)","Công ty cổ phần đầu tư công nghệ Tâm An Finance","- Hà Nội: 117 Hoàng Cầu, Phường Hoàng Mai (quận Hoàng Mai cũ)","https://www.topcv.vn/viec-lam/thiet-ke-do-hoa-graphic-design/2141709.html","Thứ 2 - Thứ 7 (từ 08:00 đến 17:15)
Thứ 7 làm tới 16h"
1,"Lập Trình Mobile App","Công ty cổ phần Bateco Việt Nam","- Hà Nội: Lô B44, Toà Bateco, khu đấu giá 3ha, Phường Phú Diễn (quận Bắc Từ Liêm, quận Cầu Giấy cũ)","https://www.topcv.vn/viec-lam/lap-trinh-mobile-app/2132030.html","Thứ 2 - Thứ 6 (từ 08:00 đến 17:00)
Thứ 2 - Thứ 6 và thứ 7 cách tuần"
1,"Chuyên Viên Graphic Designer","CÔNG TY CỔ PHẦN NỀN TẢNG SỐ MIC ACE","- Hà Nội: Tầng 3, Lô (5+6+7+23+24+25) Ô C2-NO, KĐT Nam Trung Yên, Phường Yên Hòa (quận Cầu Giấy cũ)","https://www.topcv.vn/viec-lam/chuyen-vien-graphic-designer/1801671.html","Thứ 2 - Thứ 6 (từ 08:30 đến 17:30)
Từ 8h30 đến 17h30 (Nghỉ trưa từ 12h00 - 13h30)
Từ thứ Hai – thứ Sáu
Thứ Bảy làm việc cách tuần"
1,"CHUYÊN VIÊN THIẾT KẾ - Đi Làm Ngay","CÔNG TY CỔ PHẦN DEBORAH","- Hà Nội: tầng 4, 219 trung kính, Phường Yên Hòa (quận Cầu Giấy cũ)","https://www.topcv.vn/viec-lam/chuyen-vien-thiet-ke-di-lam-ngay/2071799.html","Thứ 2 - Thứ 6 (từ 08:00 đến 17:00)
Thứ 7 (từ 08:00 đến 12:00)
T2 - Sáng T7, 8h00 - 12h00, 13h00 - 17h00"
1,"Trưởng Nhóm Thiết Kế Đồ Họa","Công ty cổ phần Bibomart TM","- Hà Nội: Tầng 10, Tòa nhà Handico, đường Phạm Hùng, Từ Liêm, Phường Từ Liêm (quận Nam Từ Liêm cũ)","https://www.topcv.vn/viec-lam/truong-nhom-thiet-ke-do-hoa/1409077.html","Thứ 2 - Thứ 7 (từ 08:00 đến 17:00)
Thứ 7 nghỉ cách tuần"
1,"Nhân Viên Thiết Kế Đồ Họa","CÔNG TY CỔ PHẦN THƯƠNG MẠI VÀ ĐẦU TƯ Y TẾ HALIPHAR","- Hà Nội: 143 Nguyễn Tuân, Phường Thanh Xuân (quận Thanh Xuân cũ)","https://www.topcv.vn/viec-lam/nhan-vien-thiet-ke-do-hoa/2149784.html","Thứ 2 - Thứ 6 (từ 08:00 đến 17:30)
Thứ 7 (từ 08:00 đến 12:00)
Nghỉ trưa: 12:00 - 13:30"
1,"SiL (Software-In-The-Loop) Internship","Công ty Cổ phần Vietsol","- Hà Nội: Phường Long Biên (quận Long Biên cũ)","https://www.topcv.vn/viec-lam/sil-software-in-the-loop-internship/1831714.html","Thứ 2 - Thứ 6 (từ 08:30 đến 17:30)
Thứ 2-Thứ 6, Thứ 7 nghỉ xen kẽ (08:30-17:30)"
1,"Nhân Viên Quản Trị Website","CÔNG TY CỔ PHẦN CƠ KHÍ XÂY DỰNG TRẦN GIA PHÁT","- Hồ Chí Minh: Số 25, Đường 69, Phường Cát Lái (Thành phố Thủ Đức cũ)","https://www.topcv.vn/viec-lam/nhan-vien-quan-tri-website/2131983.html","Thứ 2 - Thứ 6 (từ 08:00 đến 17:00)
Thứ 7 (từ 08:00 đến 16:00)"
1,"Phân Tích Dữ Liệu (DA)","Công ty TNHH Thời trang MInh A.M","- Hà Nội: B17-17 Đường Violet 2, KĐT Vinhome Gardenia, Hàm Nghi, Mỹ Đình, Phường Từ Liêm (quận Nam Từ Liêm cũ)","https://www.topcv.vn/viec-lam/phan-tich-du-lieu-da/2104322.html","Thứ 2 - Thứ 6 (từ 08:00 đến 17:30)
- Giờ làm: 8h - 17h30 (nghỉ trưa: 12h00 - 13h30).
Chấm công linh hoạt 8h00-8h30 hàng ngày
- Thứ 7: Làm 2 Thứ 7 luân phiên cách tuần trong tháng."
1,"Thực Tập Sinh Helpdesk/Support","Công ty cổ phần Tập đoàn Đầu tư Việt Phương","- Hà Nội: 105 Chu Văn An, Phường Hà Đông (quận Hà Đông cũ)","https://www.topcv.vn/viec-lam/thuc-tap-sinh-helpdesk-support/2152923.html","Thứ 2 - Thứ 6 (từ 08:00 đến 17:00)
Thứ 7 (từ 08:00 đến 12:00)"
1,"Nhân Viên Tư Vấn Phần Mềm","CÔNG TY TNHH CÔNG NGHỆ PHẦN MỀM NASANI","- Hồ Chí Minh: ầu 1 Tòa nhà Saigon ICT, Lô 46 Công viên phần mềm Quang Trung, Phường Trung Mỹ Tây (Quận 12 cũ)","https://www.topcv.vn/viec-lam/nhan-vien-tu-van-phan-mem/2076399.html","Thứ 2 - Thứ 7 (từ 08:00 đến 17:00)
thứ 7 được nghỉ chiều"
1,"Nhân Viên Nhập Liệu Tiếng Anh Và Tiếng Nhật","CÔNG TY CỔ PHẦN ALTIUS LINK VIỆT NAM","- Hà Nội: Tòa nhà Detech II, số 107 Nguyễn Phong Sắc, Phường Cầu Giấy (quận Cầu Giấy cũ)","https://www.topcv.vn/viec-lam/nhan-vien-nhap-lieu-tieng-anh-va-tieng-nhat/2057371.html","Thứ 2 - Thứ 6 (từ 08:00 đến 17:00)
Thứ 7 (từ 08:00 đến 12:00)"
1,"Chuyên Viên Triển Khai & Hỗ Trợ Vận Hành Hệ Thống","CÔNG TY CỔ PHẦN CÔNG NGHỆ MOBIWORK VIỆT NAM","- Hà Nội: Khu văn phòng tầng 3, Tòa nhà CT1, Khu nhà ở Bộ Công An, Đường Phạm Văn Đồng, Phường Đông Ngạc (quận Bắc Từ Liêm cũ)","https://www.topcv.vn/viec-lam/chuyen-vien-trien-khai-ho-tro-van-hanh-he-thong/2122921.html","Thứ 2 - Thứ 6 (từ 08:00 đến 17:00)
Làm việc từ thứ 2 đến thứ 6 và thứ 7 cách tuần (1 tuần làm thứ 7, 1 tuần nghỉ thứ 7)"
1,"Nhân Viên Thiết Kế / Designer - Thu Nhập 12.000.000 – 18.000.000 - Tại Hà Nội","CÔNG TY TNHH THƯƠNG MẠI VÀ DỊCH VỤ OZOVN","- Hà Nội: Văn phòng Tầng 3, Số 67A Trương Định, Phường Hai Bà Trưng (quận Hai Bà Trưng cũ)","https://www.topcv.vn/viec-lam/nhan-vien-thiet-ke-designer-thu-nhap-12-000-000-18-000-000-tai-ha-noi/2118119.html","Thứ 2 - Thứ 6 (từ 08:00 đến 17:00)
Thứ 7 (từ 08:00 đến 12:00)
Nghỉ trưa 12h - 13h00."
1,"Nhân Viên Marketing & Kinh Doanh Tổng Hợp","TIEN TUAN PHARMACEUTICAL MACHINERY CO.LTD","- Hồ Chí Minh: Lô IV - 19, KCN Tân Bình, Phường Tây Thạnh (quận Tân Phú cũ)","https://www.topcv.vn/viec-lam/nhan-vien-marketing-kinh-doanh-tong-hop/2124947.html","Thứ 2 - Thứ 6 (từ 07:30 đến 16:30)
Thứ 7 làm việc cách tuần (tuần làm, tuần nghỉ)"
1,"Giảng Viên Thiết Kế Đồ Họa","CÔNG TY CỔ PHẦN HƯỚNG NGHIỆP Á ÂU","- Hồ Chí Minh: 153 Ngô Gia Tự, Phường Thủ Dầu Một (Thành phố Thủ Dầu Một cũ)","https://www.topcv.vn/viec-lam/giang-vien-thiet-ke-do-hoa/1473872.html","Linh động lịch giảng dạy từ thứ 2 đến thứ 7, theo 3 ca:
Sáng: 8h30 - 11h30
Chiều: 13h30 - 16h30
Tối: 18h00 - 21h00"
1,"Giảng Viên Thiết Kế Đồ Họa","CÔNG TY CỔ PHẦN HƯỚNG NGHIỆP Á ÂU","- Đồng Nai: O13-O14 Đồng Khởi, Phường Tam Hiệp (Thành phố Biên Hòa cũ)","https://www.topcv.vn/viec-lam/giang-vien-thiet-ke-do-hoa/1473872.html","Linh động lịch giảng dạy từ thứ 2 đến thứ 7, theo 3 ca:
Sáng: 8h30 - 11h30
Chiều: 13h30 - 16h30
Tối: 18h00 - 21h00"
1,"Thực Tập Sinh Kinh Doanh Công Nghệ Thông Tin (Hỗ Trợ Mộc + Có Lương)","CÔNG TY TNHH CÔNG NGHỆ PHẦN MỀM NASANI","- Hồ Chí Minh: Lầu 1, Tòa nhà Saigon ICT Lô 46, Công viên phần mềm Quang Trung, Phường Trung Mỹ Tây (Quận 12 cũ)","https://www.topcv.vn/viec-lam/thuc-tap-sinh-kinh-doanh-cong-nghe-thong-tin-ho-tro-moc-co-luong/2150006.html","Thứ 2 - Thứ 6 (từ 08:00 đến 17:00)
Thứ 7 (từ 08:00 đến 12:00)"
1,"Chuyên Viên Thiết Kế 3D","Công ty Cổ phần Giải pháp Chuyên gia Star Global","- Hồ Chí Minh: 04 Đường N8, Khu phố 2, Phường Long Trường (Thành phố Thủ Đức cũ)","https://www.topcv.vn/viec-lam/chuyen-vien-thiet-ke-3d/2149638.html","Thứ 2 - Thứ 6 (từ 08:00 đến 17:30)
Thứ 7 (từ 08:00 đến 12:00)"
1,"Nhân Viên Kinh Doanh","CÔNG TY CỔ PHẦN ERP VIỆT","- Hồ Chí Minh: 341-343 Điện Biên Phủ, Phường Gia Định (quận Bình Thạnh cũ)","https://www.topcv.vn/viec-lam/nhan-vien-kinh-doanh/1179641.html","Thứ 2 - Thứ 6 (từ 08:00 đến 17:00)
Thứ 7 (từ 08:00 đến 12:00)"
1,"Nhân Viên Tư Vấn Marketing Website","CÔNG TY TNHH CÔNG NGHỆ PHẦN MỀM NASANI","- Hồ Chí Minh: Lầu 1-2-3, Tòa nhà Saigon Tel, Công viên phần mềm Quang Trung Q.12, Phường Trung Mỹ Tây (Quận 12 cũ)","https://www.topcv.vn/viec-lam/nhan-vien-tu-van-marketing-website/2096887.html","Thứ 2 - Thứ 6 (từ 08:00 đến 17:00)
Thứ 7 (từ 08:00 đến 12:00)"
1,"Chuyên Viên Thiết Kế Đồ Họa (Graphic Designer)","Công ty CP Silver Star Media","- Hồ Chí Minh: 158 Nguyễn Văn Thủ, Phường Tân Định (Quận 1 cũ)","https://www.topcv.vn/viec-lam/chuyen-vien-thiet-ke-do-hoa-graphic-designer/1319517.html","Thứ 2 - Thứ 6 (từ 08:30 đến 17:30)
Thứ 7 làm tại nhà"
1,"Nhân Viên Lập Trình Máy EDM","CÔNG TY TNHH TECH-LINK SILICONES (VIỆT NAM)","- Hồ Chí Minh: Đường số 15, Khu chế xuất Tân Thuận, Phường Tân Thuận (Quận 7 cũ)","https://www.topcv.vn/viec-lam/nhan-vien-lap-trinh-may-edm/2133189.html","Thứ 2 - Thứ 7 (từ 08:00 đến 20:00)"
1,"Nhân Viên Thiết Kế Và Quay Dựng Video","CÔNG TY TNHH GIT ACADEMY VIỆT NAM","- Hồ Chí Minh: 94C Cao Thắng, Phường Bàn Cờ (Quận 3 cũ)","https://www.topcv.vn/viec-lam/nhan-vien-thiet-ke-va-quay-dung-video/2097493.html","Thứ 2 - Thứ 7 (từ 09:00 đến 18:00)"
1,"Nhân Viên Thiết Kế Và Quay Dựng Video","CÔNG TY TNHH GIT ACADEMY VIỆT NAM","- Hà Nội: 201 Trường Chinh, Phường Phương Liệt (quận Thanh Xuân cũ)","https://www.topcv.vn/viec-lam/nhan-vien-thiet-ke-va-quay-dung-video/2097493.html","Thứ 2 - Thứ 7 (từ 09:00 đến 18:00)"
1,"IT Operation - Bắc Ninh","J&T CARGO TRANSPORTATION","- Bắc Ninh: Phường Hạp Lĩnh (Thành phố Bắc Ninh cũ)","https://www.topcv.vn/brand/jtcargovn/tuyen-dung/it-operation-bac-ninh-j2133766.html","[""Thứ 2 - Thứ 6 (từ 08:30 đến 18:00)\nThứ 7 (từ 08:30 đến 18:00)\nThứ 2 – Thứ 6\nThứ 7 cách tuần""]"
1,"Product Manager/ PM Dự Án","CÔNG TY CỔ PHẦN LIFETEX","- Hồ Chí Minh: 72 Lê Thánh Tôn, Phường Sài Gòn (Quận 1 cũ)","https://www.topcv.vn/viec-lam/product-manager-pm-du-an/2110076.html","Thứ 2 - Thứ 6 (từ 08:00 đến 17:00)
Thứ 7 (từ 08:00 đến 12:00)"
1,"Nhân Viên Hỗ Trợ Ứng Dụng (Tester)","TRƯỜNG LIÊN KẾT QUỐC TẾ INSCHOOL","- Đồng Nai: 27 Cách Mạng Tháng Tám, Phường Long Khánh (Thành phố Long Khánh cũ)","https://www.topcv.vn/viec-lam/nhan-vien-ho-tro-ung-dung-tester/1976775.html","Thứ 2 - Thứ 6 (từ 08:00 đến 17:00)
Thứ 7 (từ 08:00 đến 12:00)"
1,"Data Engineer","CÔNG TY CỔ PHẦN DƯỢC PHẨM FPT LONG CHÂU","- Hồ Chí Minh: Phường Tân Mỹ (Quận 7 cũ)","https://www.topcv.vn/viec-lam/data-engineer/1872981.html","Thứ 2 - Thứ 6 (từ 08:30 đến 18:00)
Thứ 7 (từ 08:30 đến 12:00)"
1,"Flutter Developer  - Từ 1 Năm Kinh Nghiệm - Ưu Tiên Lĩnh Vực Bán Hàng, Bán Lẻ - Bình Thạnh (Hồ Chí Minh)","Công Ty TNHH NASYS","- Hồ Chí Minh: 102 Nguyễn Xí, Phường Bình Thạnh (quận Bình Thạnh cũ)","https://www.topcv.vn/viec-lam/flutter-developer-tu-1-nam-kinh-nghiem-uu-tien-linh-vuc-ban-hang-ban-le-binh-thanh-ho-chi-minh/2147993.html","Thứ 2 - Thứ 7 (từ 08:00 đến 17:00)
Thứ 7 làm cách tuần (tuần 1 và tuần 3 của tháng)"
1,"SOC Analyst Intern – LEVEL I","CÔNG TY CỔ PHẦN CÔNG NGHỆ QUỐC TẾ MH SOLUTION","- Hà Nội: toà nhà 71-73 Trần Thái Tông, Phường Cầu Giấy (quận Cầu Giấy cũ)","https://www.topcv.vn/viec-lam/soc-analyst-intern-level-i/2151751.html","Thứ 2 - Thứ 6 (từ 08:30 đến 18:00)
Thứ 7 tuần 01 và 03"
1,"Chuyên Viên Thiết Kế","CÔNG TY CỔ PHẦN EPLUS RESEARCH","- Hà Nội: 108 Hoàng Như Tiếp, Phường Bồ Đề (quận Long Biên cũ)","https://www.topcv.vn/viec-lam/chuyen-vien-thiet-ke/2138439.html","Thứ 2 - Thứ 6 (từ 08:00 đến 17:00)
Thứ 7 (từ 08:00 đến 12:00)"
1,"Trưởng Phòng Lập Trình/Trưởng Phòng DEV","CÔNG TY CỔ PHẦN LIFETEX","- Hà Nội: 15 Tố Hữu, Phường Thanh Xuân (quận Thanh Xuân cũ)","https://www.topcv.vn/viec-lam/truong-phong-lap-trinh-truong-phong-dev/2046627.html","Thứ 2 - Thứ 6 (từ 08:00 đến 17:00)
Thứ 7 (từ 08:00 đến 12:00)"
1,"Trưởng Nhóm Quản Lý Sản Phẩm/ Product Manager","Công ty TNHH Dược Phẩm Việt Long","- Hồ Chí Minh: 299/23L Lý Thường Kiệt, Phường Phú Thọ (Quận 11 cũ)","https://www.topcv.vn/viec-lam/truong-nhom-quan-ly-san-pham-product-manager/2135868.html","Từ thứ 2 đến thứ 6 (08:30-17:30), thứ 7 (08:30-12:00)."
1,"Nhân Viên Thiết Kế Đồ Họa","CÔNG TY TNHH SẢN XUẤT - THƯƠNG MẠI - DỊCH VỤ VIỆT THỊNH","- Hồ Chí Minh: 20, đường số 2, Phường Hiệp Bình (Thành phố Thủ Đức cũ)","https://www.topcv.vn/viec-lam/nhan-vien-thiet-ke-do-hoa/1914092.html","Thứ 2 - Thứ 7 (từ 08:30 đến 17:30)"
1,"Senior Sales Consultant/Business Development/Account Manager (Sales B2B - Tech/AI/Platform)","Công ty Cổ Phần Base Enterprise","- Hồ Chí Minh: Jasmine1 Hado Centrosa, Phường Hòa Hưng (Quận 10 cũ)","https://www.topcv.vn/viec-lam/senior-sales-consultant-business-development-account-manager-sales-b2b-tech-ai-platform/2138597.html","Thứ 2 - Thứ 6 (từ 08:30 đến 18:00)
Thứ 7 (từ 08:30 đến 12:00)"
1,"Senior Sales Consultant/Business Development/Account Manager (Sales B2B - Tech/AI/Platform)","Công ty Cổ Phần Base Enterprise","- Hà Nội: Tầng 16, Tòa HUD Tower, số 37 Lê Văn Lương, Phường Thanh Xuân (quận Thanh Xuân cũ)","https://www.topcv.vn/viec-lam/senior-sales-consultant-business-development-account-manager-sales-b2b-tech-ai-platform/2138597.html","Thứ 2 - Thứ 6 (từ 08:30 đến 18:00)
Thứ 7 (từ 08:30 đến 12:00)"
1,"Kỹ Sư Hạ Tầng Công Nghệ Thông Tin","CÔNG TY TNHH 1 THÀNH VIÊN CÔNG NGHỆ GIÁO DỤC SOTATEK VIỆT NAM","- Khánh Hòa: KCN Phước Nam 2, Ninh Thuận cũ, Xã Thuận Nam (huyện Thuận Nam cũ)","https://www.topcv.vn/viec-lam/ky-su-ha-tang-cong-nghe-thong-tin/2136013.html","Thứ 2 - Thứ 7 (từ 08:00 đến 17:00)"
1,"Nhân Viên Thiết Kế","CÔNG TY TNHH DỊCH VỤ NHA KHOA QUỐC TẾ SÀI GÒN","- Hồ Chí Minh: 132 Đường 3/2, Phường Hòa Hưng (Quận 10 cũ)","https://www.topcv.vn/viec-lam/nhan-vien-thiet-ke/2140868.html","Thứ 2 - Thứ 7 (từ 08:30 đến 18:00)"
1,"Nhân Viên Creative Designer (Game Mobile) Thu Nhập Từ 8-12 Triệu Xét Tăng Lương 6 Tháng/ Lần","CÔNG TY TNHH DAN ORBIT","- Hà Nội: Tòa CT4 khu nhà ở bộ tư lệnh thủ đô, Phường Yên Nghĩa (quận Hà Đông cũ)","https://www.topcv.vn/viec-lam/nhan-vien-creative-designer-game-mobile-thu-nhap-tu-8-12-trieu-xet-tang-luong-6-thang-lan/2127687.html","Thứ 2 - Thứ 6 (từ 08:30 đến 17:30)
- Thời gian làm việc: Thứ 2 – Thứ 6, làm việc 2 ngày Thứ 7/tháng"
1,"Tư Vấn Dự Án/Tư Vấn Giải Pháp CNTT","Công ty Cổ phần Giải pháp công nghệ Trực tuyến GTEL (GTEL OTS)","- Hà Nội: 103 Nguyễn Tuân, Phường Thanh Xuân (quận Thanh Xuân cũ)","https://www.topcv.vn/viec-lam/tu-van-du-an-tu-van-giai-phap-cntt/2120760.html","Thứ 2 - Thứ 6 (từ 08:00 đến 17:30)
Thứ 7 (từ 08:00 đến 12:00)
Đi làm 2 sáng thứ 7/tháng
Nghỉ trưa 1 tiếng rưỡi"
1,"Lập Trình Game Dòng Casual/Puzzle (Level Middle)","CÔNG TY TNHH HỌC LÝ PHƯƠNG ĐÔNG","- Hà Nội: tòa văn phòng CT2D, VOV, đường Lương Thế Vinh, Phường Từ Liêm (quận Nam Từ Liêm cũ)","https://www.topcv.vn/viec-lam/lap-trinh-game-dong-casual-puzzle-level-middle/1964374.html","Thứ 2 - Thứ 6 (từ 08:00 đến 17:30)
Thứ 7 (từ 08:00 đến 12:00)"
1,"Software Implementation","CÔNG TY TNHH THƯƠNG MẠI DỊCH VỤ VEXERE","- Hồ Chí Minh: 384 Hoàng Diệu, Phường Khánh Hội (Quận 4 cũ)","https://www.topcv.vn/viec-lam/software-implementation/2119417.html","Thứ 2 - Thứ 6 (từ 09:00 đến 18:00)
Thứ 7 (từ 09:00 đến 12:00)"
1,"Software Implementation","CÔNG TY TNHH THƯƠNG MẠI DỊCH VỤ VEXERE","- Hà Nội: 101 Láng Hạ, Phường Đống Đa (quận Đống Đa cũ)","https://www.topcv.vn/viec-lam/software-implementation/2119417.html","Thứ 2 - Thứ 6 (từ 09:00 đến 18:00)
Thứ 7 (từ 09:00 đến 12:00)"
1,"Quản Lý Chất Lượng (QA)","CÔNG TY TNHH THIẾT BỊ KIỂM SOÁT DÒNG CHẢY KINGDOM VIỆT NAM","- Hồ Chí Minh: Lô C-5A-CN, Lô C-6A-CN, KCN Mỹ Phước 2, Bến Cát, Bình Dương, Phường Bến Cát (huyện Bàu Bàng, Thành phố Bến Cát cũ)","https://www.topcv.vn/viec-lam/quan-ly-chat-luong-qa/2084768.html","Thứ 2 - Thứ 7 (từ 07:30 đến 16:30)"
1,"Nhân Viên Kinh Doanh / Sale Domain, Hosting, Server ( Lương Cứng 7-9 Triệu + Hoa Hồng Hấp Dẫn ) Tại Hồ Chí Minh , Hà Nội","Công ty TNHH Vinahost","- Hồ Chí Minh: 351/31 Nơ Trang Long, Phường Bình Lợi Trung (quận Bình Thạnh cũ)","https://www.topcv.vn/viec-lam/nhan-vien-kinh-doanh-sale-domain-hosting-server-luong-cung-7-9-trieu-hoa-hong-hap-dan-tai-ho-chi-minh-ha-noi/2135736.html","Thứ 2 - Thứ 6 (từ 08:00 đến 17:00)
Thứ 7 làm việc online"
1,"Nhân Viên Kinh Doanh / Sale Domain, Hosting, Server ( Lương Cứng 7-9 Triệu + Hoa Hồng Hấp Dẫn ) Tại Hồ Chí Minh , Hà Nội","Công ty TNHH Vinahost","- Hà Nội: 78 Hoàng Văn Thái, Phường Phương Liệt (quận Thanh Xuân cũ)","https://www.topcv.vn/viec-lam/nhan-vien-kinh-doanh-sale-domain-hosting-server-luong-cung-7-9-trieu-hoa-hong-hap-dan-tai-ho-chi-minh-ha-noi/2135736.html","Thứ 2 - Thứ 6 (từ 08:00 đến 17:00)
Thứ 7 làm việc online"
1,"Chuyên Viên Thiết Kế ( Graphic Designer )","Công Ty Cổ Phần TMDV 30Shine","- Hà Nội: Mộ Lao, Phường Hà Đông (quận Hà Đông cũ)","https://www.topcv.vn/viec-lam/chuyen-vien-thiet-ke-graphic-designer/1423370.html","Thứ 2 - Thứ 7 (từ 08:30 đến 17:30)
Thứ 7 có thể làm online cả ngày"
1,"Họa Viên Unreal Engine (UE Artist)","Công ty TNHH Visual Ennode","- Hồ Chí Minh: Số 37 Hoàng Văn Thụ, Phường Cầu Kiệu (quận Phú Nhuận cũ)","https://www.topcv.vn/viec-lam/hoa-vien-unreal-engine-ue-artist/2036738.html","Thứ 2 - Thứ 6 (từ 08:00 đến 17:00)
Thứ 7 (từ 08:00 đến 12:00)
Sáng Thứ Bảy cách tuần"
1,"Unity Developer","Công ty Cổ phần Gapu","- Hà Nội: Tầng 5 tòa AB Imperia Garden, Phường Thanh Xuân (quận Thanh Xuân cũ)","https://www.topcv.vn/viec-lam/unity-developer/1690417.html","Thứ 2 - Thứ 7 (từ 08:30 đến 18:00)
Làm 1 thứ 7/tháng"
1,"Nhân Viên Lập Trình Có Kinh Nghiệm SSR SSG","Công ty TNHH Thương mại Quốc tế NTDN","- Hà Nội: Ngõ 27 Lê Văn Lương, Phường Thanh Xuân (quận Thanh Xuân cũ)","https://www.topcv.vn/viec-lam/nhan-vien-lap-trinh-co-kinh-nghiem-ssr-ssg/2143670.html","Thứ 2 - Thứ 6 (từ 08:30 đến 17:30)
Trong tháng làm 2 thứ 7 xen kẽ nhau"
1,"Chuyên Viên Tư Vấn Và Triển Khai Hỗ Trợ Khách","CÔNG TY CỔ PHẦN HOSCO VIỆT NAM","- Hà Nội: 73 Cầu Diễn, Phường Xuân Phương (quận Nam Từ Liêm cũ)","https://www.topcv.vn/viec-lam/chuyen-vien-tu-van-va-trien-khai-ho-tro-khach/1947950.html","Từ thứ 2 đến sáng thứ 7: 8h - 17h30, nghỉ trưa 12h-13h30"
1,"Chuyên Viên Tư Vấn Và Triển Khai Hỗ Trợ Khách","CÔNG TY CỔ PHẦN HOSCO VIỆT NAM","- Hồ Chí Minh: 57 Bàu Cát 6, Phường Tân Bình (quận Tân Bình cũ)","https://www.topcv.vn/viec-lam/chuyen-vien-tu-van-va-trien-khai-ho-tro-khach/1947950.html","Từ thứ 2 đến sáng thứ 7: 8h - 17h30, nghỉ trưa 12h-13h30"
1,"Game Designer - Intern","CÔNG TY TNHH NEK SOLUTION","- Hà Nội: 28 ngõ 65 nguyễn đổng chi, Phường Từ Liêm (quận Nam Từ Liêm cũ)","https://www.topcv.vn/viec-lam/game-designer-intern/2109137.html","Thứ 2 - Thứ 6 (từ 08:30 đến 18:00)
làm việc từ thứ 2 đến thứ 6 và 1 thứ 7/tháng"
1,"Chuyên Viên Kinh Doanh B2B (Mảng Công Nghệ AI) / Từ 2 Năm Kinh Nghiệm / Lương Cứng 15 Triệu / Tại Quận 10 (Cũ) HCM Và Quận Nam Từ Liêm (Cũ), Hà Nội","CÔNG TY CỔ PHẦN CÔNG NGHỆ BOT BÁN HÀNG","- Hồ Chí Minh: Số 3-3c, Đường 3/2 (Vincom 3/2), Phường Vườn Lài (Quận 10 cũ)","https://www.topcv.vn/viec-lam/chuyen-vien-kinh-doanh-b2b-mang-cong-nghe-ai-tu-2-nam-kinh-nghiem-luong-cung-15-trieu-tai-quan-10-cu-hcm-va-quan-nam-tu-liem-cu-ha-noi/2122583.html","Thứ 2 - Thứ 7 (từ 09:00 đến 17:30)"
1,"Chuyên Viên Kinh Doanh B2B (Mảng Công Nghệ AI) / Từ 2 Năm Kinh Nghiệm / Lương Cứng 15 Triệu / Tại Quận 10 (Cũ) HCM Và Quận Nam Từ Liêm (Cũ), Hà Nội","CÔNG TY CỔ PHẦN CÔNG NGHỆ BOT BÁN HÀNG","- Hà Nội: B1-Roman Plaza, Tố Hữu, Phường Đại Mỗ (quận Nam Từ Liêm cũ)","https://www.topcv.vn/viec-lam/chuyen-vien-kinh-doanh-b2b-mang-cong-nghe-ai-tu-2-nam-kinh-nghiem-luong-cung-15-trieu-tai-quan-10-cu-hcm-va-quan-nam-tu-liem-cu-ha-noi/2122583.html","Thứ 2 - Thứ 7 (từ 09:00 đến 17:30)"
1,"Nhân Viên Sale/Telesale Tư Vấn Phần Mềm","CÔNG TY TNHH DỊCH VỤ VÀ GIẢI PHÁP PHẦN MỀM BADO","- Hồ Chí Minh: Phòng 404, Tòa nhà SBI, Công viên phần mềm Quang Trung, Phường Trung Mỹ Tây (Quận 12 cũ)","https://www.topcv.vn/viec-lam/nhan-vien-sale-telesale-tu-van-phan-mem/2131515.html","Thứ 2 - Thứ 6 (từ 08:00 đến 17:30)
Thứ 7 (từ 08:00 đến 12:00)
Thứ 2 - Thứ 6 (từ 08:00 đến 17:30)
Thứ 7 ( từ 08:00 đến 12h)"
1,"Nhân Viên Thiết Kế","CÔNG TY CỔ PHẦN SƠN PRO VIỆT NAM","- Hà Nội: Số 44, ngõ 70, Hưng Thịnh, Yên Sở, Hoàng Mai, Phường Yên Sở (quận Hoàng Mai cũ)","https://www.topcv.vn/viec-lam/nhan-vien-thiet-ke/1624047.html","Thứ 2 - Thứ 6 (từ 08:00 đến 17:30)
Thứ 7 (từ 08:00 đến 12:00)"
1,"Nhân Viên Graphic Designer","CÔNG TY CỔ PHẦN QUÀ TẶNG VIVA","- Hồ Chí Minh: 189 Tây Thạnh, Phường Tây Thạnh (quận Tân Phú cũ)","https://www.topcv.vn/viec-lam/nhan-vien-graphic-designer/2152212.html","Thứ 2 - Thứ 6 (từ 08:00 đến 17:30)
Thứ 7 (từ 08:00 đến 12:00)"
1,"Chuyên Viên Thiết Kế","CÔNG TY CỔ PHẦN QUỐC TẾ L'AMANT","- Hồ Chí Minh: 22 Võ Văn Tần, Phường Xuân Hòa (Quận 3 cũ)","https://www.topcv.vn/viec-lam/chuyen-vien-thiet-ke/2123763.html","Thứ 2 - Thứ 6 (từ 08:30 đến 17:30)
Thứ 7 (từ 08:00 đến 12:00)"
1,"Lập Trình Viên C#,SQL  (Ưu Tiên Biết MES)","Công ty cổ phần K. Hệ thống","- Hà Nội: Phường Đại Mỗ (quận Nam Từ Liêm cũ)","https://www.topcv.vn/viec-lam/lap-trinh-vien-c-sql-uu-tien-biet-mes/2129787.html","Thứ 2 - Thứ 7 (từ 08:00 đến 17:00)
giờ hành chính, thứ 7 trực luân phiên"
1,"Lập Trình Viên C#,SQL  (Ưu Tiên Biết MES)","Công ty cổ phần K. Hệ thống","- Hồ Chí Minh: Phường Bình Trưng (Thành phố Thủ Đức cũ)","https://www.topcv.vn/viec-lam/lap-trinh-vien-c-sql-uu-tien-biet-mes/2129787.html","Thứ 2 - Thứ 7 (từ 08:00 đến 17:00)
giờ hành chính, thứ 7 trực luân phiên"
1,"Thực Tập Sinh Sale","CÔNG TY CỔ PHẦN CÔNG NGHỆ PHẦN MỀM PICTORLABS","- Hà Nội: Tầng 4, số 5 ngõ 82 Dịch Vọng Hậu, Phường Cầu Giấy (quận Cầu Giấy cũ)","https://www.topcv.vn/viec-lam/thuc-tap-sinh-sale/1990044.html","Thứ 2 - Thứ 7 (từ 08:00 đến 17:30)
Làm việc từ thứ 2 - thứ 7. Làm 02 ngày thứ 7/ tháng"
1,"Phân Tích Nghiệp Vụ 2026","Công ty cổ phần công nghệ K12","- Hà Nội: Phòng số 323,324, Tầng 3, Tòa Tháp Đông, Khu Thương mại, Chung cư Học viện Quốc Phòng, Phường Nghĩa Đô (quận Bắc Từ Liêm, quận Cầu Giấy cũ)","https://www.topcv.vn/viec-lam/phan-tich-nghiep-vu-2026/2137277.html","Thứ 2 - Thứ 7 (từ 08:00 đến 12:00)
Thứ 2 - Thứ 7 (từ 13:30 đến 17:30)
Nghỉ thứ 7 cách tuần"
1,"Graphic Designer","Công ty TNHH Embermax","- Hà Nội: Số 6 Lê Văn Thiêm, Phường Thanh Xuân (quận Thanh Xuân cũ)","https://www.topcv.vn/viec-lam/graphic-designer/2145111.html","Thứ 2 - Thứ 6 (từ 08:30 đến 17:00)
Thứ 7 (từ 08:00 đến 12:00)"
1,"Nocode & Automation Solution Developer","CÔNG TY CỔ PHẦN LUKLAK","- Hà Nội: Phường Đống Đa (quận Đống Đa cũ)","https://www.topcv.vn/viec-lam/nocode-automation-solution-developer/2046871.html","Thứ 2 - Thứ 6 (từ 08:30 đến 12:00)
Thứ 2 - Thứ 6 (từ 13:00 đến 17:30)
Thứ 7 ()
Thứ 7 cách tuần"
1,"Kỹ Sư Lập Trình PLC - Thiết Kế Bản Vẽ Điện","CÔNG TY TNHH OYD ELECTRONIC VIỆT NAM","- Hà Nội: Tầng 15, tòa nhà văn phòng Nam Cường, Km4, đường Lê Văn Lương kéo dài, Phường Dương Nội (quận Hà Đông cũ)","https://www.topcv.vn/viec-lam/ky-su-lap-trinh-plc-thiet-ke-ban-ve-dien/1638976.html","Thứ 2 - Thứ 6 (từ 08:00 đến 17:30)
Thứ 7 (từ 08:00 đến 12:00) (làm 2 buổi sáng thứ 7 cách tuần trong tháng)
Nghỉ trưa từ 12h đến 13h30"
1,"Nhân Viên Design & Content","CÔNG TY TNHH MỘT THÀNH VIÊN XP-MEDIA GIA LAI","- Đà Nẵng: 07 Lương Nhữ Hộc, Phường Hải Châu (quận Hải Châu cũ)","https://www.topcv.vn/viec-lam/nhan-vien-design-content/1813657.html","Thứ 2 - Thứ 6 (từ 08:00 đến 17:00)
Thứ 7 (từ 08:00 đến 12:00)
Nghỉ trưa 1 tiếng"
1,"Graphic Design Intern","CÔNG TY TNHH SẢN XUẤT THƯƠNG MẠI DỊCH VỤ ATNS","- Hồ Chí Minh: Showroom CONG TRI - 194 Nguyễn Đình Chiểu, Phường Xuân Hòa (Quận 3 cũ)","https://www.topcv.vn/viec-lam/graphic-design-intern/2142304.html","Thứ 2 - Thứ 7 (từ 09:00 đến 18:00)"
1,"Automation Engineer - Google App Script, N8n","CÔNG TY TNHH HƯNG PHÁT BẾN THÀNH","- Hồ Chí Minh: 214 Lê Thánh Tôn, Phường Bến Thành (Quận 1 cũ)","https://www.topcv.vn/viec-lam/automation-engineer-google-app-script-n8n/2138817.html","Thứ 2 - Thứ 7 (từ 08:00 đến 17:00)"
1,"Chuyên Viên Thiết Kế  (Ưu Tiên Nam)","Công ty TNHH Peroma Việt Nam","- Tây Ninh: Lô A1-1 KCN Tân Kim, Khu phố Tân Phước, Xã Cần Giuộc (huyện Cần Giuộc cũ)","https://www.topcv.vn/viec-lam/chuyen-vien-thiet-ke-uu-tien-nam/2139880.html","Thứ 2 - Thứ 7 (từ 08:00 đến 17:00)"
1,"IT Helpdesk-Kho SPX-Ca Đêm","CÔNG TY CỔ PHẦN BPO MẮT BÃO","- Vĩnh Long: Lô B KCN Bình Minh, Ấp Mỹ Lợi, Xã Mỹ Hòa, TX Bình Minh, Phường Cái Vồn (Thị xã Bình Minh cũ)","https://www.topcv.vn/viec-lam/it-helpdesk-kho-spx-ca-dem/2042252.html","Thứ 2 - Thứ 7 (từ 22:00 đến 07:00)
6 buổi/tuần, làm việc theo ca và lịch nghỉ hàng tuần do quản lý sắp xếp
Thời gian làm việc ở kho Vĩnh Long:
Ca đêm: 22:00 – 07:00"
1,"Chuyên Viên Thiết Kế","CÔNG TY TNHH TOSHIKO VIỆT NAM","- Hà Nội: 21 lô 1C Trung Yên, Phường Cầu Giấy (quận Cầu Giấy cũ)","https://www.topcv.vn/viec-lam/chuyen-vien-thiet-ke/1206466.html","Thứ 2 - Thứ 6 (từ 09:00 đến 18:00)
Thứ 7 (từ 09:00 đến 18:00)
Nghỉ Thứ 7 cách tuần"
1,"Business Development (Travel Tech - Tourism)","CÔNG TY TNHH THƯƠNG MẠI ĐẦU TƯ VÀ DU LỊCH RỒNG VIỆT","- Hồ Chí Minh: 04 Hát Giang, Phường Tân Sơn Hòa (quận Tân Bình cũ)","https://www.topcv.vn/viec-lam/business-development-travel-tech-tourism/2119652.html","Thứ 2 - Thứ 6 (từ 08:00 đến 17:00)
Thứ 7 (từ 08:00 đến 12:00)"
1,"Thực Tập Sinh Quality Assurance","CÔNG TY CỔ PHẦN MH DIGITAL","- Hà Nội: Tầng 5, 71-73 Trần Thái Tông, Phường Cầu Giấy (quận Cầu Giấy cũ)","https://www.topcv.vn/viec-lam/thuc-tap-sinh-quality-assurance/2141094.html","Thứ 2 - Thứ 6 (từ 08:30 đến 18:00)
Thứ 7 tuần 01 và 03"
1,"Thực Tập Sinh Tư Vấn Triển Khai Phần Mềm","CÔNG TY TNHH CÔNG NGHỆ PHẦN MỀM NASANI","- Hồ Chí Minh: Lầu 1, Tòa nhà Saigon ICT Lô 46, Công viên phần mềm Quang Trung, Phường Trung Mỹ Tây (Quận 12 cũ)","https://www.topcv.vn/viec-lam/thuc-tap-sinh-tu-van-trien-khai-phan-mem/2141805.html","Thứ 2 - Thứ 6 (từ 08:00 đến 17:00)
Thứ 7 (từ 08:00 đến 12:00)"
1,"Thực Tập Sinh Tư Vấn Triển Khai Phần Mềm","CÔNG TY TNHH CÔNG NGHỆ PHẦN MỀM NASANI","- Cần Thơ: 295 đường 30/4, Xuân Khánh, Ninh Kiều, Phường Ninh Kiều (quận Ninh Kiều cũ)","https://www.topcv.vn/viec-lam/thuc-tap-sinh-tu-van-trien-khai-phan-mem/2141805.html","Thứ 2 - Thứ 6 (từ 08:00 đến 17:00)
Thứ 7 (từ 08:00 đến 12:00)"
1,"Nhân Viên Thiết Kế Đồ Họa (Graphic Designer)","Công ty TNHH Thời trang ATP Việt Nam","- Hà Nội: 221-223 Giảng Võ, Phường Ô Chợ Dừa (quận Đống Đa cũ)","https://www.topcv.vn/viec-lam/nhan-vien-thiet-ke-do-hoa-graphic-designer/1681300.html","Thứ 2 - Thứ 7 (từ 08:00 đến 17:00)"
1,"Chuyên Viên Thiết Kế | Designer","Công ty Cổ phần Finy","- Hà Nội: TT5-1B-25, Khu đô thị mới Đại Kim, Phường Định Công (quận Hoàng Mai cũ)","https://www.topcv.vn/viec-lam/chuyen-vien-thiet-ke-designer/2135004.html","Thứ 2 - Thứ 6 (từ 08:00 đến 12:00)
Thứ 2 - Thứ 6 (từ 13:30 đến 17:30)
Thứ 7 (từ 08:00 đến 12:00)"
1,"Game Designer - Junior","CÔNG TY TNHH NEK SOLUTION","- Hà Nội: 28 ngõ 65 nguyễn đổng chi, Phường Từ Liêm (quận Nam Từ Liêm cũ)","https://www.topcv.vn/viec-lam/game-designer-junior/2109132.html","Thứ 2 - Thứ 6 (từ 08:30 đến 18:00)
làm việc từ thứ 2 đến thứ 6 và 1 thứ 7/tháng"
1,"Nhân Viên Multimedia Designer (In-House)","Công ty TNHH Ni Hao","- Hồ Chí Minh: Tòa Charmington La Pointe, Block C, Tầng 16 - Số 181 Cao Thắng cũ), Phường Hòa Hưng (Quận 10 cũ)","https://www.topcv.vn/viec-lam/nhan-vien-multimedia-designer-in-house/2000373.html","Thứ 2 - Thứ 6 (từ 08:30 đến 17:30)
Thứ 7 làm việc cách tuần"
1,"Java Developer 3 Năm Kinh Nghiệm Onsite Bank","Công ty TNHH Công nghệ và Truyền thông VNDitech","- Hà Nội: LPB Tower, 210 Trần Quang Khải, Phường Hoàn Kiếm (quận Hoàn Kiếm cũ)","https://www.topcv.vn/viec-lam/java-developer-3-nam-kinh-nghiem-onsite-bank/2087237.html","Thứ 2 - Thứ 6 (từ 08:00 đến 17:30)
Sáng thứ 7 nếu dự án có yêu cầu."
1,"Trợ Lý Giám Đốc Kinh Doanh (Nữ)","Công ty TNHH Công nghệ Quốc tế VNA","- Hồ Chí Minh: Số 40, đường số 13, khu đô thị Vạn Phúc, quốc lộ 13, Phường Hiệp Bình (Thành phố Thủ Đức cũ)","https://www.topcv.vn/viec-lam/tro-ly-giam-doc-kinh-doanh-nu/2152804.html","Thứ 2 - Thứ 7 (từ 08:00 đến 17:30)"
1,"Thực Tập Sinh Thiết Kế","CÔNG TY TNHH DU LỊCH QUỐC TẾ PREMIER TOUR","- Hồ Chí Minh: 43 Lê Thị Hồng Gấm, Phường Bến Thành (Quận 1 cũ)","https://www.topcv.vn/viec-lam/thuc-tap-sinh-thiet-ke/1666425.html","Thứ 2 - Thứ 6 (từ 08:00 đến 17:30)
Thứ 7 (từ 08:00 đến 12:00)"
1,"Quản Trị Hệ Thống Mạng (System Administrator) - Từ 1 Năm Kinh Nghiệm - Tại Hồ Chí Minh","CÔNG TY CP HD ONE HEALTH","- Hồ Chí Minh: 32/2 Thống Nhất, Phường Gò Vấp (quận Gò Vấp cũ)","https://www.topcv.vn/viec-lam/quan-tri-he-thong-mang-system-administrator-tu-1-nam-kinh-nghiem-tai-ho-chi-minh/2123484.html","Thứ 2 - Thứ 6 (từ 08:00 đến 17:00)
Thứ 7 (từ 08:00 đến 11:30)
Nghỉ trưa từ 11h30 - 13h"
1,"Nhân Viên Flutter Developer","CÔNG TY TNHH STVG","- Hồ Chí Minh: 11 Đường 3, KDC Vạn Phúc, Phường Hiệp Bình (Thành phố Thủ Đức cũ)","https://www.topcv.vn/viec-lam/nhan-vien-flutter-developer/1886791.html","Thứ 2 - Thứ 6 (từ 08:00 đến 17:00)
Thứ 7 (từ 08:00 đến 12:00)"
1,"Nhân Viên Graphic Design (Fulltime)","Công ty TNHH Kinh Doanh Thương Mại HHS Hà Huyền","- Hà Nội: 214 Nguyễn Xiển, Hạ Đình, Thanh Xuân, Phường Thanh Xuân (quận Thanh Xuân cũ)","https://www.topcv.vn/viec-lam/nhan-vien-graphic-design-fulltime/2054640.html","Thứ 2 - Thứ 7 (từ 08:30 đến 18:00)
02 thứ 7 làm việc tại nhà"
1,"IOS Leader - 55M (Product Mobile App)","Braly JSC","- Hà Nội: 99 Trần Bình, Phường Từ Liêm (quận Nam Từ Liêm cũ)","https://www.topcv.vn/viec-lam/ios-leader-55m-product-mobile-app/2114676.html","Thứ 2 - Thứ 6 (từ 08:30 đến 18:00)
Thứ 7 (từ 08:30 đến 12:00)
- 2 buổi sáng Thứ 7/tháng: 8h30 - 12h00"
1,"Senior Graphic Designer","Công ty TNHH Truyền thông Unicomm","- Hà Nội: Tòa nhà An Bình, số 3 Trần Nguyên Đán, Định Công, Phường Phương Liệt (quận Thanh Xuân cũ)","https://www.topcv.vn/viec-lam/senior-graphic-designer/2151002.html","Thứ 2 - Thứ 6 (từ 08:00 đến 17:00)
Thứ 7 (từ 08:00 đến 12:00)"
1,"Nhân Viên Thiết Kế Hình Ảnh","CÔNG TY TNHH TƯ VẤN VÀ GIÁO DỤC WISE","- Đà Nẵng: 288 Lê Văn Hiến, Phường Ngũ Hành Sơn (quận Ngũ Hành Sơn cũ)","https://www.topcv.vn/viec-lam/nhan-vien-thiet-ke-hinh-anh/2134019.html","Thứ 2 - Thứ 6 (từ 08:00 đến 17:30)
Thứ 7 (từ 08:00 đến 12:00)"
1,"Nhân Viên Thiết Kế - Quay Dựng Video","CÔNG TY TNHH SẢN XUẤT VÀ THƯƠNG MẠI NHẬT PHÁT","- Hồ Chí Minh: D17 Khu đô thị Phố Đông Village, đường Nguyễn Thị Định, Phường Cát Lái (Thành phố Thủ Đức cũ)","https://www.topcv.vn/viec-lam/nhan-vien-thiet-ke-quay-dung-video/2128050.html","Thứ 2 - Thứ 7 (từ 08:00 đến 17:30)"
1,"Nhân Viên Kỹ Thuật CNC Xưởng Gỗ","CÔNG TY TNHH ĐẦU TƯ THƯƠNG MẠI DỊCH VỤ GOLDEN SEA","- Hồ Chí Minh: 128A, TL15, Phường An Phú Đông (Quận 12 cũ)","https://www.topcv.vn/viec-lam/nhan-vien-ky-thuat-cnc-xuong-go/2114947.html","Thứ 2 - Thứ 7 (từ 08:00 đến 17:00)"
1,"Thiết Kế Đồ Hoạ (Graphic Design)","CÔNG TY TNHH HALOVN","- Hà Nội: 282 Nguyễn Huy Tưởng, Phường Thanh Xuân (quận Thanh Xuân cũ)","https://www.topcv.vn/viec-lam/thiet-ke-do-hoa-graphic-design/2141704.html","Thứ 2 - Thứ 7 (từ 08:00 đến 17:30)"
1,"Sales Engineer/ Bán Hàng Kỹ Thuật Tư Vấn Giải Pháp - Bảo Hiểm Full Lương (Lương Cứng 15-25 Triệu + Hoa Hồng Thu Nhập Từ 40 Triệu +++)","CÔNG TY TNHH MODERN SYSTEM VN","- Bắc Ninh: Lô 102, tòa nhà Cát Tường Thống Nhất, đường Lê Thái Tổ, Phường Võ Cường (Thành phố Bắc Ninh cũ)","https://www.topcv.vn/viec-lam/sales-engineer-ban-hang-ky-thuat-tu-van-giai-phap-bao-hiem-full-luong-luong-cung-15-25-trieu-hoa-hong-thu-nhap-tu-40-trieu/2117934.html","Thứ 2 - Thứ 7 (từ 08:30 đến 17:30)
Nghỉ thứ 7 cách tuần"
1,"Thiết Kế Đồ Họa & Phát Triển Sản Phẩm Thể Thao","CÔNG TY TNHH BẢO UYÊN SPORT","- Hồ Chí Minh: 394 Mã Lò, Phường Bình Hưng Hòa (quận Bình Tân cũ)","https://www.topcv.vn/viec-lam/thiet-ke-do-hoa-phat-trien-san-pham-the-thao/2071541.html","Thứ 2 - Thứ 7 (từ 08:00 đến 17:30)"
1,"Nhân Viên Thiết Kế Trang Sức 3D","Công Ty CP Vàng Bạc Đá Qúy Lộc Phúc","- Hồ Chí Minh: 532-534 Cộng Hòa - 2A Nhất Chi Mai, Phường Tân Bình (quận Tân Bình cũ)","https://www.topcv.vn/viec-lam/nhan-vien-thiet-ke-trang-suc-3d/2139193.html","Thứ 2 - Thứ 6 (từ 08:00 đến 17:00)
Thứ 7 (từ 08:00 đến 16:30)
Theo ca tại cửa hàng"
1,"Nhân Viên Designer POD","CÔNG TY CỔ PHẦN TRUYỀN THÔNG VÀ GIẢI TRÍ NOWMEDIA VIỆT NAM","- Hà Nội: Nguyên Xá, Phường Tây Tựu (quận Bắc Từ Liêm cũ)","https://www.topcv.vn/viec-lam/nhan-vien-designer-pod/1840021.html","• Thứ 2 – Thứ 6: 8h00–12h00 | 13h30–17h30
• Thứ 7: Làm cách tuần"
1,"Thực Tập Sinh Kinh Doanh Phần Mềm Website App","CÔNG TY TNHH CÔNG NGHỆ PHẦN MỀM NASANI","- Hồ Chí Minh: Lầu 1 Tòa nhà Saigon ICT, Lô 46 Công viên phần mềm Quang Trung, Phường Trung Mỹ Tây (Quận 12 cũ)","https://www.topcv.vn/viec-lam/thuc-tap-sinh-kinh-doanh-phan-mem-website-app/1858496.html","Thứ 2 - Thứ 7 (từ 07:45 đến 17:00)"
1,"Phân Tích Nghiệp Vụ ( Business Analyst ) _ Lương Upto 30tr","Công ty Cổ phần Xây dựng và Lắp đặt Viễn thông","- Hà Nội: Số 26, Ngõ 371, Phố Kim Mã, Phường Ba Đình (quận Ba Đình cũ)","https://www.topcv.vn/viec-lam/phan-tich-nghiep-vu-business-analyst-luong-upto-30tr/2122546.html","Thứ 2 - Thứ 7 (từ 08:00 đến 17:00)
Thứ 2 –  Thứ 7 ( Thứ 7 nếu không có việc cần lên vp thì CBNV được nghỉ)"
1,"System Analyst - TA172 - Leader","Ngân Hàng TMCP Việt Nam Thịnh Vượng (VPBank)","- Hà Nội: 89 Láng Hạ, Phường Đống Đa (quận Đống Đa cũ)","https://www.topcv.vn/brand/vpbank/tuyen-dung/system-analyst-ta172-leader-j2119257.html","[""Thứ 2 - Thứ 6 (từ 08:00 đến 17:30)\nThứ 7 (từ 08:00 đến 12:00)\nThứ 2 - Thứ 6 (từ 08:00 đến 17:30)\n2 Buổi sáng Thứ 7/tháng""]"
1,"Nhân Viên Admin (Kỹ Thuật)","CÔNG TY CỔ PHẦN CÔNG NGHỆ DTG","- Hồ Chí Minh: 272 - 274 Hòa Hưng, Phường Hòa Hưng (Quận 10 cũ)","https://www.topcv.vn/viec-lam/nhan-vien-admin-ky-thuat/1381721.html","Thứ 2 - Thứ 6 (từ 08:00 đến 17:00)
Thứ 7 (từ 08:00 đến 12:00): Linh hoạt theo sự sắp xếp của bộ phận"
1,"Nhân Viên Thiết Kế","CÔNG TY TNHH LATA HOLDINGS","- Bắc Ninh: Khu đô thị chợ Cóc Tỉnh Bắc Ninh, Việt Nam (Thành phố Bắc Giang cũ), Phường Bắc Giang (Thành phố Bắc Giang cũ)","https://www.topcv.vn/viec-lam/nhan-vien-thiet-ke/2125293.html","Thứ 2 - Thứ 7 (từ 08:00 đến 18:00)"
1,"Graphic Designer","Công Ty TNHH Thương Mại Laria – Siêu Thị Farmers Market","- Hồ Chí Minh: 99 Hoàng Hoa Thám, Phường Gia Định (quận Bình Thạnh cũ)","https://www.topcv.vn/viec-lam/graphic-designer/1156992.html","Thứ 2 - Thứ 6 (từ 08:30 đến 17:30)
Thứ 7: 08:30 – 12:30 (Làm việc Online)."
1,"TP. HCM - PHP Developer (Senior) - Lương Thưởng Cạnh Tranh","CÔNG TY TNHH CÔNG NGHỆ CLOUDGO","- Hồ Chí Minh: 13 đường 37 Khu đô thị Vạn Phúc, Phường Hiệp Bình (Thành phố Thủ Đức cũ)","https://www.topcv.vn/viec-lam/tp-hcm-php-developer-senior-luong-thuong-canh-tranh/2117416.html","Thứ 2 - Thứ 6 (từ 08:30 đến 17:30)
Thứ 7 (từ 09:00 đến 12:00)
Sáng Thứ 7 cách tuần"
1,"Chuyên Viên Thiết Kế 2D","Công ty Cổ phần Tập đoàn Karofi","- Hà Nội: Hudland Tower, số 6 Nguyễn Hữu Thọ, Hoàng Mai, Phường Định Công (quận Hoàng Mai cũ)","https://www.topcv.vn/viec-lam/chuyen-vien-thiet-ke-2d/1438343.html","Thứ 2 - Thứ 6 (từ 08:00 đến 17:00)
Từ Thứ 2 đến Thứ 6 Và 2 Thứ 7 cách tuần"
1,"Thực Tập Sinh Ngành Công Nghệ Thông Tin (Hỗ Trợ Mộc + Lương)","CÔNG TY TNHH CÔNG NGHỆ PHẦN MỀM NASANI","- Cần Thơ: 295, đường 30/4, Phường Ninh Kiều (quận Ninh Kiều cũ)","https://www.topcv.vn/viec-lam/thuc-tap-sinh-nganh-cong-nghe-thong-tin-ho-tro-moc-luong/2148857.html","Thứ 2 - Thứ 6 (từ 08:00 đến 17:00)
Thứ 7 (từ 08:00 đến 12:00)"
1,"Trưởng Phòng Kinh Doanh Phần Mềm","CÔNG TY CỔ PHẦN ĐẦU TƯ CÔNG NGHỆ VÀ THƯƠNG MẠI SOFTDREAMS","- Hà Nội: Tầng 3 CT5AB Văn Khê, Hà Đông, Phường Hà Đông (quận Hà Đông cũ)
- Hồ Chí Minh: H54 Đường Huỳnh Tấn Chùa, Phường Đông Hưng Thuận (Quận 12 cũ)
- Đồng Tháp: 61 Nguyễn Thị Thập, Phường Mỹ Tho (Thành phố Mỹ Tho cũ)
- An Giang: Lô B2-77 đường số 1, Vĩnh Quang, Phường Rạch Giá (Thành phố Rạch Giá cũ)
...và
1 địa điểm khác
Thu gọn","https://www.topcv.vn/brand/softdreams/tuyen-dung/truong-phong-kinh-doanh-phan-mem-j2142443.html","[""Thứ 2 - Thứ 6 (từ 08:00 đến 17:30)\nThứ 7 làm việc cách tuần""]"
1,"Thiết Kế Sự Kiện","CÔNG TY TNHH DỊCH VỤ & SỰ KIỆN NGỌC NAM","- Hà Nội: Tòa A3 chung cư An Bình City, 232 Phạm Văn Đồng,, Phường Phú Diễn (quận Bắc Từ Liêm, quận Cầu Giấy cũ)","https://www.topcv.vn/viec-lam/thiet-ke-su-kien/2117054.html","Thứ 2 - Thứ 6 (từ 08:30 đến 18:00)
_Thứ 2 – Thứ 6: 8h30 – 18h00
_Thứ 7: 8h30 – 12h00
_Nghỉ trưa: 12h00 – 13h30"
1,"Head Of AI","CÔNG TY CỔ PHẦN DƯỢC PHẨM FPT LONG CHÂU","- Hồ Chí Minh: 67 Hoàng Văn Thái, Phường Tân Mỹ (Quận 7 cũ)","https://www.topcv.vn/viec-lam/head-of-ai/2122256.html","Thứ 2 - Thứ 6 (từ 08:30 đến 18:00)
Thứ 7 (từ 08:30 đến 12:00)"
1,"Chuyên Viên Thiết Kế","CÔNG TY CỔ PHẦN BẤT ĐỘNG SẢN INDOCHINE","- Đà Nẵng: 799 Ngô Quyền, Phường Sơn Trà (quận Sơn Trà cũ)","https://www.topcv.vn/viec-lam/chuyen-vien-thiet-ke/2124782.html","Thứ 2 - Thứ 6 (từ 08:00 đến 17:00)
Thứ 7 (từ 08:30 đến 12:30)"
1,"Nhân Viên Lập Trình Vận Hành Phay CNC","CÔNG TY TNHH GIA CÔNG VÀ THƯƠNG MẠI AMTEK","- Hồ Chí Minh: 266/9 đường Thạnh Xuân 25, Phường Thới An (Quận 12 cũ)","https://www.topcv.vn/viec-lam/nhan-vien-lap-trinh-van-hanh-phay-cnc/2076761.html","Thứ 2 - Thứ 7 (từ 08:00 đến 17:00)"
1,"Trưởng Nhóm Kiểm Thử","CÔNG TY CỔ PHẦN ĐẦU TƯ CÔNG NGHỆ HOÀNG HUY","- Hà Nội: Linh đàm, Phường Hoàng Liệt (quận Hoàng Mai, huyện Thanh Trì cũ)","https://www.topcv.vn/viec-lam/truong-nhom-kiem-thu/2119993.html","Thứ 2 - Thứ 7 (từ 08:00 đến 18:00)"
1,"Nhân Viên Thiết Kế Sản Phẩm","CÔNG TY CỔ PHẦN BT INTERNATIONAL","- Đồng Nai: Cụm Công nghiệp Phú Thạnh - Vĩnh Thạnh,, Xã Nhơn Trạch (huyện Nhơn Trạch cũ)","https://www.topcv.vn/viec-lam/nhan-vien-thiet-ke-san-pham/2128028.html","Thứ 2 - Thứ 6 (từ 08:00 đến 16:30)
Thứ 7 (từ 08:00 đến 12:00)"
1,"Business Development Manager","Công ty cổ phần TechLead","- Hà Nội: Tầng 4 số 11 Nguyển Xiển Thanh Xuân, Phường Khương Đình (quận Thanh Xuân cũ)","https://www.topcv.vn/viec-lam/business-development-manager/1738585.html","Thứ 2 - Thứ 6 (từ 08:30 đến 18:00)
và thứ 7 cách tuần"
1,"Nhân Viên Kinh Doanh","CÔNG TY CỔ PHẦN PHẦN MỀM CHUYÊN NGHIỆP TOÀN CẦU","- Hà Nội: Tòa C vinaconex 2 Nghiêm Xuân Yêm, Phường Định Công (quận Hoàng Mai cũ)","https://www.topcv.vn/viec-lam/nhan-vien-kinh-doanh/1841723.html","Thứ 2 - Thứ 6 (từ 08:00 đến 17:30)
Thứ 7 làm 8h00 đến 14h30"
1,"Graphic Designer (AI-INTEGRATED)","CÔNG TY TNHH THƯƠNG MẠI VÀ TRUYỀN THÔNG QUẢNG CÁO GOLDEN PHOENIX","- Hà Nội: Số 8, Toà SHG đường Quang Trung, Phường Hà Đông (quận Hà Đông cũ)","https://www.topcv.vn/viec-lam/graphic-designer-ai-integrated/2148026.html","Thứ 2 - Thứ 7 (từ 08:30 đến 18:00)
Làm việc từ Thứ 2 - Thứ 6, Thứ 7 làm cách tuần
Nghỉ trưa 12h - 13h30"
1,"Nhân Viên Kinh Doanh B2B/Sales B2B Lĩnh Vực CNTT (Lương Cứng Từ 15 - 50 Triệu, Thu Nhập Trung Bình Từ 75 - 100 Triệu)","Công ty TNHH sản xuất và thương mại Ninh Thanh","- Hà Nội: 72 Dịch Vọng, Phường Cầu Giấy (quận Cầu Giấy cũ)","https://www.topcv.vn/viec-lam/nhan-vien-kinh-doanh-b2b-sales-b2b-linh-vuc-cntt-luong-cung-tu-15-50-trieu-thu-nhap-trung-binh-tu-75-100-trieu/2141110.html","Thứ 2 - Thứ 6 (từ 08:00 đến 17:30)
Thứ 7 (từ 08:00 đến 12:00)"
1,"Nhân Viên Kỹ Thuật Sản Xuất","CÔNG TY CỔ PHẦN GIẢI PHÁP KỸ THUẬT C.E.S VIỆT NAM","- Hà Nội: Thôn Gia Thượng 1, Xã Quang Minh (huyện Mê Linh cũ)","https://www.topcv.vn/viec-lam/nhan-vien-ky-thuat-san-xuat/2147954.html","Thứ 2 - Thứ 7 (từ 08:00 đến 17:00)"
1,"Nhân Viên Motion Designer","CÔNG TY TRÁCH NHIỆM HỮU HẠN BG MEDIA","- Hà Nội: Comatce Tower, 61 Ngụy Như Kon Tum, Thanh Xuân, Phường Thanh Xuân (quận Thanh Xuân cũ)","https://www.topcv.vn/viec-lam/nhan-vien-motion-designer/2151388.html","Thứ 2 - Thứ 6 (từ 08:15 đến 17:30)
Từ thứ 2 tới thứ 6 hàng tuần
Buổi sáng: 8h15 - 12h00
Buổi chiều: 13h30 - 17h30
Thứ 7 cách tuần
Buổi sáng: 8h15 - 12h00
Buổi chiều: 13h30 - 16h00"
1,"Graphic Design (Bao Bì, Ấn Phẩm, Key Visual)","Công ty TNHH Huyền Thoại Núi","- Hồ Chí Minh: 74-76 Nguyễn Phúc Chu, Phường Tân Sơn (quận Tân Bình cũ)","https://www.topcv.vn/viec-lam/graphic-design-bao-bi-an-pham-key-visual/1937185.html","Thứ 2 - Thứ 6 (từ 08:30 đến 17:30)
Thứ 7 (từ 08:00 đến 12:00)"
1,"Kỹ Sư Công Nghệ Thông Tin","Cty TNHH Trang Trại Langbiang","- Lâm Đồng: Xã Lạc Dương (huyện Lạc Dương cũ)","https://www.topcv.vn/viec-lam/ky-su-cong-nghe-thong-tin/2144390.html","Thứ 2 - Thứ 7 (từ 07:00 đến 17:00)"
1,"Thực Tập Sinh Design","CÔNG TY CỔ PHẦN GIÁO DỤC AMERICAN STUDY","- Hồ Chí Minh: Tòa Viettel Complex, 285 Cách Mạng Tháng 8, Phường Hòa Hưng (Quận 10 cũ)","https://www.topcv.vn/viec-lam/thuc-tap-sinh-design/2123807.html","Thứ 2 - Thứ 7 (từ 08:30 đến 18:30)"
1,"Artist 2D Game (Từ 01 Năm Kinh Nghiệm)","Công ty cổ phần Công nghệ và Dịch vụ XGame","- Hà Nội: Phường Phú Diễn (quận Bắc Từ Liêm, quận Cầu Giấy cũ)","https://www.topcv.vn/viec-lam/artist-2d-game-tu-01-nam-kinh-nghiem/1254240.html","Thứ 2 - Thứ 6 (từ 08:30 đến 18:00)
Thêm 1 thứ bảy linh hoạt trong tháng"
1,"Chuyên Viên Thiết Kế Đồ Họa","CÔNG TY TNHH THỂ THAO SPORT1","- Hà Nội: 120 Nguyễn Thái Học, Phường Ba Đình (quận Ba Đình cũ)","https://www.topcv.vn/viec-lam/chuyen-vien-thiet-ke-do-hoa/1764994.html","Thứ 2 - Thứ 7 (từ 08:30 đến 17:30)
Thứ 7 làm việc luân phiên cách tuần"
1,"Thực Tập Sinh Graphic Designer","CÔNG TY CỔ PHẦN ERICAPE","- Hà Nội: 106 Hoàng Ngân, Phường Yên Hòa (quận Cầu Giấy cũ)","https://www.topcv.vn/viec-lam/thuc-tap-sinh-graphic-designer/1867219.html","Thứ 2 - Thứ 7 (từ 08:30 đến 12:00)
Thứ 2 - Thứ 7 (từ 13:00 đến 17:30)"
1,"Nhân Viên Hỗ Trợ Sản Phẩm Biết Tiếng Trung","CÔNG TY TNHH MẠNG LƯỚI THÔNG MINH VIỆT NAM","- Hồ Chí Minh: Tòa nhà Serepok, 84 Huỳnh Văn Bánh, Phường Cầu Kiệu (quận Phú Nhuận cũ)","https://www.topcv.vn/viec-lam/nhan-vien-ho-tro-san-pham-biet-tieng-trung/2068616.html","Thứ 2 - Thứ 6 (từ 08:30 đến 18:00)
Thời gian làm việc: Thứ 2 – Thứ 6 cả ngày, Thứ 7 làm nửa ngày. Bắt đầu từ 8:30-18:00, nghỉ trưa 1h30p."
1,"Nhân Viên Leader Design POD","CÔNG TY CỔ PHẦN THƯƠNG MẠI VÀ CÔNG NGHỆ X-COM","- Hà Nội: KĐT The Manor Central Park, Phường Hoàng Mai (quận Hoàng Mai cũ)","https://www.topcv.vn/viec-lam/nhan-vien-leader-design-pod/2117739.html","Thứ 2 - Thứ 7 (từ 08:30 đến 17:30)
Từ thứ 2 – sáng thứ 7. Trong đó:
- Từ Thứ 2 đến thứ 6 hàng tuần: 8h30 – 17h30
- Thứ 7 hàng tuần: Từ 8h00 – 12h00"
1,"Nhân Viên IT Helpdesk","CÔNG TY CỔ PHẦN SẢN XUẤT VÀ CÔNG NGHỆ NHỰA PHA LÊ","- Hải Phòng: KCN Minh Phương, Phường Hải An (quận Hải An cũ)","https://www.topcv.vn/viec-lam/nhan-vien-it-helpdesk/2131563.html","Thứ 2 - Thứ 7 (từ 08:00 đến 17:00)"
1,"Mobile App (React Native)","CÔNG TY TNHH CÔNG NGHỆ NHẬN THỨC MÁY HORUS AI","- Hà Nội: tòa văn phòng CT2D, VOV, đường Lương Thế Vinh, Phường Từ Liêm (quận Nam Từ Liêm cũ)","https://www.topcv.vn/viec-lam/mobile-app-react-native/1961357.html","Thứ 2 - Thứ 6 (từ 08:00 đến 17:00)
Thứ 7 (từ 08:00 đến 12:00)"
1,"Thực Tập Sinh CNTT - AI & Automation","CÔNG TY TNHH SOLMC","- Hà Nội: Phường Việt Hưng (quận Long Biên cũ)","https://www.topcv.vn/viec-lam/thuc-tap-sinh-cntt-ai-automation/2124470.html","Thứ 2 - Thứ 7 (từ 08:30 đến 18:00)
Làm 2 thứ 7/tháng"
1,"Chuyên Viên Kiểm Thử Phần Mềm (Tester)","CÔNG TY CỔ PHẦN GIẢI PHÁP CÔNG NGHỆ NVINA","- Hà Nội: 103 Nguyễn Tuân, Phường Thanh Xuân (quận Thanh Xuân cũ)","https://www.topcv.vn/viec-lam/chuyen-vien-kiem-thu-phan-mem-tester/2079210.html","Thứ 2 - Thứ 6 (từ 08:00 đến 17:00)
Thứ 7 (từ 08:00 đến 12:00)"
1,"Chuyên Viên Kiểm Thử Phần Mềm (Tester)","CÔNG TY CỔ PHẦN GIẢI PHÁP CÔNG NGHỆ NVINA","- Hà Nội: 15 Lê Văn Thiêm, Phường Thanh Xuân (quận Thanh Xuân cũ)","https://www.topcv.vn/viec-lam/chuyen-vien-kiem-thu-phan-mem-tester/2079210.html","Thứ 2 - Thứ 6 (từ 08:00 đến 17:00)
Thứ 7 (từ 08:00 đến 12:00)"
1,"Chuyên Viên ERP (SAP MM)","CÔNG TY CỔ PHẦN TẬP ĐOÀN MAVIN","- Hà Nội: tòa nhà Hudland số 6 Nguyễn Hữu Thọ, Phường Hoàng Mai (quận Hoàng Mai cũ)","https://www.topcv.vn/viec-lam/chuyen-vien-erp-sap-mm/2141518.html","Thứ 2 - Thứ 6 (từ 08:00 đến 12:00)
Thứ 2 - Thứ 6 (từ 13:00 đến 17:00)
Thứ 7 (từ 08:00 đến 12:00)"
1,"Nhân Viên Kinh Doanh/Sales B2b - Đi Làm Ngay Tại Hải Phòng","Công ty Cổ phần Giải pháp phần mềm trực tuyến Việt Nam","- Hải Phòng: (Tất cả phường)","https://www.topcv.vn/viec-lam/nhan-vien-kinh-doanh-sales-b2b-di-lam-ngay-tai-hai-phong/2092720.html","Thời gian làm việc: Thứ 2 – Thứ 6 (7h30 – 17h), Thứ 7 (nửa ngày)."
1,"Data Analyst (Marketing & Kinh Doanh)",CELLPHONES,"- Hồ Chí Minh: 350 Võ Văn Kiệt, Phường Cầu Ông Lãnh (Quận 1 cũ)","https://www.topcv.vn/viec-lam/data-analyst-marketing-kinh-doanh/1340740.html","Thứ 2 - Thứ 6 (từ 08:30 đến 17:30)
Thứ 7 làm việc tại nhà"
1,"Thực Tập Sales Marketing Dịch Vụ Thiết Kế Website","CÔNG TY TNHH CÔNG NGHỆ PHẦN MỀM NASANI","- Hồ Chí Minh: Lầu 1 Tòa nhà Saigon ICT, Lô 46 Công viên phần mềm Quang Trung, Phường Trung Mỹ Tây (Quận 12 cũ)","https://www.topcv.vn/viec-lam/thuc-tap-sales-marketing-dich-vu-thiet-ke-website/2145625.html","Thứ 2 - Thứ 6 (từ 08:00 đến 17:00)
Thứ 2 - Sáng Thứ 7 từ 8h00 đến 17h00"
1,"Nhân Viên Thiết Kế Đồ Họa","CÔNG TY CỔ PHẦN Ô TÔ TMT","- Hà Nội: Toà nhà Coninco, Số 4 Tôn Thất Tùng, Kim Liên, Phường Đống Đa (quận Đống Đa cũ)","https://www.topcv.vn/viec-lam/nhan-vien-thiet-ke-do-hoa/1455592.html","Thứ 2 - Thứ 7 (từ 07:30 đến 17:00)"
1,"Nhân Viên Thiết Kế","TRƯỜNG CAO ĐẲNG BÁCH KHOA","- Hà Nội: Phường Phú Diễn (quận Bắc Từ Liêm, quận Cầu Giấy cũ)","https://www.topcv.vn/viec-lam/nhan-vien-thiet-ke/2113781.html","Thứ 2 - Thứ 7 (từ 08:00 đến 17:00)"
1,"Nhân Viên Kinh Doanh Giải Pháp Nhà Máy & KCN","CÔNG TY CỔ PHẦN TCOM","- Hà Nội: Tầng 3, toà nhà Fafim, số 19 Nguyễn Trãi, Phường Khương Đình (quận Thanh Xuân cũ)","https://www.topcv.vn/viec-lam/nhan-vien-kinh-doanh-giai-phap-nha-may-kcn/2131045.html","Thứ 2 - Thứ 6 (từ 08:30 đến 18:00)
Thứ 7 cách tuần"
1,"Account Manager","Công ty Cổ phần LitGroup","- Hà Nội: Toà nhà Lilama10, Phường Đại Mỗ (quận Nam Từ Liêm cũ)","https://www.topcv.vn/viec-lam/account-manager/2151985.html","Thứ 2 - Thứ 6 (từ 08:00 đến 17:30)
Thứ 7 (từ 08:00 đến 12:00)"
1,"Senior Graphic Design Ngành Mẹ Bé Lương Cạnh Tranh","CÔNG TY CỔ PHẦN NAM ANH INTERNATIONAL","- Hà Nội: Hồng Tiến, Phường Bồ Đề (quận Long Biên cũ)","https://www.topcv.vn/viec-lam/senior-graphic-design-nganh-me-be-luong-canh-tranh/2133068.html","Thứ 2 - Thứ 7 (từ 08:00 đến 17:30)
Nghỉ trưa từ: 12h00 - 13h30"
1,"Design Intern","Công ty Cổ phần Phát triển Truyền thông Quảng cáo MAC Việt Nam (MCV Corporation)","- Hồ Chí Minh: MCV Complex, Lô B7, đường 19A, KCX Tân Thuận, Phường Tân Thuận (Quận 7 cũ)","https://www.topcv.vn/viec-lam/design-intern/1752246.html","Thứ 2 - Thứ 6 (từ 09:00 đến 18:00)
Thứ 7 (từ 09:00 đến 13:00)
Từ T2 - T6 (9h - 18h) & T7 (9h - 13h)"
1,"Nhân Viên Thiết Kế 2D","Công ty Cổ phần Dịch vụ Quốc tế Hà Thành","- Hà Nội: Tầng 2 TTTM CT4 The Pride, Phường Hà Đông (quận Hà Đông cũ)","https://www.topcv.vn/viec-lam/nhan-vien-thiet-ke-2d/1461636.html","Thứ 2 - Thứ 6 (từ 08:00 đến 17:00)
Và 02 thứ 7/tháng"
1,"Talent Acquisition Specialist (Mobile App)","Braly JSC","- Hà Nội: 99 Trần Bình, Phường Từ Liêm (quận Nam Từ Liêm cũ)","https://www.topcv.vn/viec-lam/talent-acquisition-specialist-mobile-app/2133975.html","Thứ 2 - Thứ 6 (từ 08:30 đến 18:00)
Thứ 7 (từ 08:30 đến 12:00)
- 2 buổi sáng Thứ 7/tháng: 8h30 - 12h00"
1,"Business Development (Sales B2B)","Công ty TNHH CÔNG NGHỆ VÀ TƯ VẤN DOANH NGHIỆP INNOCOM","- Hà Nội: Tòa nhà VTC Online, 18 Tam Trinh, Phường Tương Mai (quận Hai Bà Trưng, quận Hoàng Mai cũ)","https://www.topcv.vn/viec-lam/business-development-sales-b2b/1938159.html","Thứ 2 - Thứ 6 (từ 08:30 đến 18:00)
Thứ 7: từ 8h30 - 12h"
1,"Senior Graphic Designer / Chuyên Viên Thiết Kế Đồ Họa",ICONDENIM,"- Hồ Chí Minh: Số 3, đường 3/2, Phường Vườn Lài (Quận 10 cũ)","https://www.topcv.vn/viec-lam/senior-graphic-designer-chuyen-vien-thiet-ke-do-hoa/2098439.html","9h00 - 18h00, từ thứ 2 đến thứ 6.
9h00 - 13h00, thứ 7 (Work from home)
Nghỉ trưa 1 tiếng"
1,"Thực Tập Sinh","CÔNG TY TNHH ĐẦU TƯ ANAIS","- Hồ Chí Minh: 307 đướng an phú đông 03, Phường An Phú Đông (Quận 12 cũ)","https://www.topcv.vn/viec-lam/thuc-tap-sinh/2136826.html","Thứ 2 - Thứ 6 (từ 08:00 đến 17:00)
thứ 7 làm 2 ngày / tháng"
1,"Nhân Viên Thiết Kế","CÔNG TY CỔ PHẦN SẢN XUẤT VÀ CÔNG NGHỆ NHỰA PHA LÊ","- Hải Phòng: Lô CN4.3 KCN MP Đình Vũ, Phường Đông Hải (quận Hải An cũ)","https://www.topcv.vn/viec-lam/nhan-vien-thiet-ke/2131221.html","Thứ 2 - Thứ 7 (từ 08:00 đến 17:00)"
1,"Trưởng Bộ Phận Công Nghệ Thông Tin","CÔNG TY TNHH 1 THÀNH VIÊN CÔNG NGHỆ GIÁO DỤC SOTATEK VIỆT NAM","- Khánh Hòa: KCN Phước Nam 2, Ninh Thuận cũ, Xã Thuận Nam (huyện Thuận Nam cũ)","https://www.topcv.vn/viec-lam/truong-bo-phan-cong-nghe-thong-tin/2136005.html","Thứ 2 - Thứ 7 (từ 08:00 đến 17:00)"
1,"Sales Specialist - Chuyên Viên Kinh Doanh Phần Mềm Logistics (Lương Cứng 9 -17 Triệu+ Lương KPI+ Hoa Hồng Hấp Dẫn) Tại Hồ Chí Minh, Hà Nội, Đi Làm Ngay","CÔNG TY CỔ PHẦN GIẢI PHÁP CHUỖI CUNG ỨNG SMARTLOG","- Hồ Chí Minh: 199C2 Nguyễn Văn Hưởng, Phường An Khánh (Thành phố Thủ Đức cũ)","https://www.topcv.vn/viec-lam/sales-specialist-chuyen-vien-kinh-doanh-phan-mem-logistics-luong-cung-9-17-trieu-luong-kpi-hoa-hong-hap-dan-tai-ho-chi-minh-ha-noi-di-lam-ngay/2130538.html","Thứ 2 - Thứ 7 (từ 09:00 đến 18:30)
Nghỉ trưa từ 12h- 13h30
Thứ 7 có thể WFH và chỉ đến công ty khi có yêu cầu và tính chất công việc"
1,"Sales Specialist - Chuyên Viên Kinh Doanh Phần Mềm Logistics (Lương Cứng 9 -17 Triệu+ Lương KPI+ Hoa Hồng Hấp Dẫn) Tại Hồ Chí Minh, Hà Nội, Đi Làm Ngay","CÔNG TY CỔ PHẦN GIẢI PHÁP CHUỖI CUNG ỨNG SMARTLOG","- Hà Nội: Số 4 ngách 6 ngõ 102 Nguỵ Như Kon Tum, Phường Thanh Xuân (quận Thanh Xuân cũ)","https://www.topcv.vn/viec-lam/sales-specialist-chuyen-vien-kinh-doanh-phan-mem-logistics-luong-cung-9-17-trieu-luong-kpi-hoa-hong-hap-dan-tai-ho-chi-minh-ha-noi-di-lam-ngay/2130538.html","Thứ 2 - Thứ 7 (từ 09:00 đến 18:30)
Nghỉ trưa từ 12h- 13h30
Thứ 7 có thể WFH và chỉ đến công ty khi có yêu cầu và tính chất công việc"
1,"Kỹ Thuật Viên Triển Khai Dự Án Công Nghệ Thông Tin- Thu Nhập Đến 20 Triệu/Tháng","Công ty TNHH Phát triển thương mại và Kỹ thuật Toàn Cầu","- Hà Nội: OF03-07 Vinhomes WestPoint đường Đỗ Đức Dục, Phường Từ Liêm (quận Nam Từ Liêm cũ)","https://www.topcv.vn/viec-lam/ky-thuat-vien-trien-khai-du-an-cong-nghe-thong-tin-thu-nhap-den-20-trieu-thang/2103164.html","Thứ 2 - Thứ 6 (từ 08:00 đến 17:00)
Thứ 7 (từ 08:00 đến 12:00)"
1,"Bridge System Engineer (BrSE) - Fresher","TEQNOLOGICAL ASIA Co., Ltd","- Hồ Chí Minh: 10 Pho Quang, Ward 02, Tan Binh District, Ho Chi Minh City., Phường Tân Sơn Hòa (quận Tân Bình cũ)","https://www.topcv.vn/viec-lam/bridge-system-engineer-brse-fresher/2114543.html","Thứ 2 - Thứ 6 (từ 08:00 đến 17:00)
Làm việc từ thứ Hai đến thứ Sáu và thứ Bảy cuối cùng của tháng, giờ làm việc từ 8:30 đến 17:30 (8 giờ/ngày), ngày lễ theo quy định của nhà nước;"
1,"Biên Tập Viên Nhập Liệu","CÔNG TY TNHH GIÁO DỤC EDMICRO","- Hà Nội: Tầng 5, tòa nhà Tây Hà, số 19 đường Tố Hữu, Phường Thanh Xuân (quận Thanh Xuân cũ)","https://www.topcv.vn/viec-lam/bien-tap-vien-nhap-lieu/1725377.html","Thứ 2 - Thứ 6 (từ 08:30 đến 17:30)
Thứ 7 (từ 09:00 đến 16:00)
Thứ 7 làm cách tuần"
1,"Back-End Developer","Công Ty TNHH Amoeba","- Hồ Chí Minh: Phường Bình Lợi Trung (quận Bình Thạnh cũ)","https://www.topcv.vn/viec-lam/back-end-developer/2124101.html","Thứ 2 - Thứ 7 (từ 09:00 đến 19:00)"
1,"Senior Back End Developer (.NET,C#, SQL)","Công ty TNHH Liên doanh Ocany Việt Nam","- Hồ Chí Minh: 146 Đường 6A, KDC Đại Phúc, Xã Bình Hưng (huyện Bình Chánh cũ)","https://www.topcv.vn/viec-lam/senior-back-end-developer-net-c-sql/2068742.html","Thứ 2 - Thứ 6 (từ 08:00 đến 17:00)
Thứ 7 WFH từ 8h00 đến 12h00"
1,"Thực Tập Sinh Thiết Kế Đồ Họa (Phụ Cấp, Mộc)","CÔNG TY TNHH TRUYỀN THÔNG YODAY","- Hồ Chí Minh: 03 Nguyễn Oanh, Phường Gò Vấp (quận Gò Vấp cũ)","https://www.topcv.vn/viec-lam/thuc-tap-sinh-thiet-ke-do-hoa-phu-cap-moc/2065357.html","Thứ 2 - Thứ 6 (từ 08:00 đến 17:00)
Thứ 7 (từ 08:00 đến 12:00)"
1,"Nhân Viên Thiết Kế 2D Part-Time","CÔNG TY TNHH TRUYỀN THÔNG VÀ SỰ KIỆN QUỐC TẾ AT MEDIA","- Hà Nội: N03. Ecohome 3, Phường Đông Ngạc (quận Bắc Từ Liêm cũ)","https://www.topcv.vn/viec-lam/nhan-vien-thiet-ke-2d-part-time/2121541.html","Thứ 2 - Thứ 7 (từ 09:00 đến 18:00)"
1,"Nhân Viên Kinh Doanh","Công Ty TNHH Phát Triển Kỹ Thuật Số Việt","- Hồ Chí Minh: 144 Võ Văn Tần, Phường Xuân Hòa (Quận 3 cũ)","https://www.topcv.vn/viec-lam/nhan-vien-kinh-doanh/2087594.html","Thứ 2 - Thứ 7 (từ 08:00 đến 17:00)"
1,"Họa Sĩ Vẽ Minh Họa Phim Hoạt Hình 2D (Hà Nội)","CÔNG TY TNHH FTV CREATIVE HOLDINGS","- Hà Nội: Tầng 2 tòa nhà thương mại dịch vụ Galaxy, số 3 đường Galaxy 6, Phường Hà Đông (quận Hà Đông cũ)","https://www.topcv.vn/viec-lam/hoa-si-ve-minh-hoa-phim-hoat-hinh-2d-ha-noi/2142176.html","Thứ 2 - Thứ 7 (từ 08:30 đến 12:20)
Thứ 2 - Thứ 7 (từ 13:30 đến 17:30)
Sáng: 8h30’ - 12h20’
Chiều: 13h30’ - 17h30’"
1,"Trưởng Phòng Kinh Doanh (Mảng Phần Mềm)","Công ty cổ phần học viện Nutrime","- Hà Nội: 247 Cầu Giấy, Phường Cầu Giấy (quận Cầu Giấy cũ)","https://www.topcv.vn/viec-lam/truong-phong-kinh-doanh-mang-phan-mem/2052248.html","linh hoạt: 8h-17h/ 8h30-17h30/ 9h-18h, Thứ 2 - Thứ 6 và 02 Thứ 7 đầu tháng Địa điểm làm việc (đã được cập nhật theo Danh mục Hành chính mới - thêm quận/huyện cũ tương ứng để dễ dàng tra cứu) - Hà Nội: 247 Cầu Giấy, Phường Cầu Giấy (quận Cầu Giấy cũ)"
1,"Nhân Viên Kinh Doanh Website","CÔNG TY TNHH CÔNG NGHỆ PHẦN MỀM NASANI","- Hồ Chí Minh: Lầu 1 Tòa nhà Saigon ICT, Lô 46 Công viên phần mềm Quang Trung, Phường Trung Mỹ Tây (Quận 12 cũ)","https://www.topcv.vn/viec-lam/nhan-vien-kinh-doanh-website/1940469.html","Thứ 2 - Thứ 6 (từ 08:00 đến 17:00)
Thứ 7 8h-12h"
1,"Kinh Doanh Giải Pháp Phần Mềm B2B","CÔNG TY CỔ PHẦN DELFI TECHNOLOGIES","- Hồ Chí Minh: 38 Phan Đình Giót, Phường Tân Sơn Hòa (quận Tân Bình cũ)","https://www.topcv.vn/viec-lam/kinh-doanh-giai-phap-phan-mem-b2b/2063837.html","Thứ 2 - Thứ 6 (từ 08:00 đến 17:00)
Thứ 7 (từ 08:00 đến 12:00)
D.	THỜI GIAN LÀM VIỆC
•	Thứ 2 - Thứ 6: 08:00 – 17:00 (Nghỉ trưa 1 tiếng).
•	Thứ 7: Làm việc buổi sáng.
•	Nghỉ lễ/tết theo luật lao động Việt Nam"
1,"Nhân Viên Thiết Kế Thumbnail","Công Ty TNHH đầu tư công nghệ Future Media","- Hà Nội: Tầng 4, tòa V2-Victoria, KĐT Văn Phú, Phường Kiến Hưng (quận Hà Đông cũ)","https://www.topcv.vn/viec-lam/nhan-vien-thiet-ke-thumbnail/2115250.html","Thứ 2 - Thứ 6 (từ 08:30 đến 12:30)
Thứ 2 - Thứ 6 (từ 13:30 đến 17:30)
Thứ 7 (từ 08:30 đến 17:30)
2 thứ 7 cách tuần"
1,"Nhân Viên Kỹ Thuật Công Nghệ Thông Tin","CÔNG TY CP PHÁT TRIỂN CÔNG NGHỆ MỚI THẾ GIỚI","- Hà Nội: Số 3 ngách 83, ngõ 24 Kim Đồng, Phường Hoàng Mai (quận Hoàng Mai cũ)","https://www.topcv.vn/viec-lam/nhan-vien-ky-thuat-cong-nghe-thong-tin/2117345.html","Thứ 2 - Thứ 7 (từ 08:00 đến 17:30)
Thứ 2 - Thứ 6 :08:00 đến 17h30 (nghỉ trưa từ 12:00 đến 13:30)
Thứ 7: 08:00 - 12:00"
1,"Nhân Viên Kỹ Thuật Công Nghệ Thông Tin","CÔNG TY CP PHÁT TRIỂN CÔNG NGHỆ MỚI THẾ GIỚI","- Hà Nội: Phường Hoàng Mai (quận Hoàng Mai cũ)","https://www.topcv.vn/viec-lam/nhan-vien-ky-thuat-cong-nghe-thong-tin/2117345.html","Thứ 2 - Thứ 7 (từ 08:00 đến 17:30)
Thứ 2 - Thứ 6 :08:00 đến 17h30 (nghỉ trưa từ 12:00 đến 13:30)
Thứ 7: 08:00 - 12:00"
1,"Chuyên Viên Hỗ Trợ Tư Vấn Gói Tin Đăng BĐS","Công ty Cổ phần HouseNow","- Hà Nội: 216 Nguyễn Trãi, Phường Thanh Xuân (quận Thanh Xuân cũ)","https://www.topcv.vn/viec-lam/chuyen-vien-ho-tro-tu-van-goi-tin-dang-bds/2140988.html","Thứ 2 - Thứ 6: 9h00 - 18h00
Thứ 7 cách tuần: 9h00 - 15h00"
1,"Chuyên Viên Hỗ Trợ Tư Vấn Gói Tin Đăng BĐS","Công ty Cổ phần HouseNow","- Hồ Chí Minh: 273/3 Nguyễn Trọng Tuyển, Phường Phú Nhuận (quận Phú Nhuận cũ)","https://www.topcv.vn/viec-lam/chuyen-vien-ho-tro-tu-van-goi-tin-dang-bds/2140988.html","Thứ 2 - Thứ 6: 9h00 - 18h00
Thứ 7 cách tuần: 9h00 - 15h00"
1,"Nhân Viên Lập Trình Phay,Tiện CNC","CÔNG TY TNHH GIẢI PHÁP CÔNG NGHỆ CNC THUẬN PHÁT","- Hà Nội: Cụm Công Nghiệp Cầu Gáo, Xã Đan Phượng (huyện Đan Phượng cũ)","https://www.topcv.vn/viec-lam/nhan-vien-lap-trinh-phay-tien-cnc/2114481.html","Thứ 2 - Thứ 7 (từ 08:00 đến 17:00)"
1,"Business Development","CÔNG TY TNHH TẬP ĐOÀN CÔNG NGHỆ WIKEX EXCHANGE","- Hồ Chí Minh: 8e đường số 14, kdc cityland park hills, Phường Gò Vấp (quận Gò Vấp cũ)","https://www.topcv.vn/viec-lam/business-development/2114219.html","Thứ 2 - Thứ 7 (từ 09:00 đến 18:00)
Nhưng chỉ làm có 2 ngày thứ Bảy trong một tháng"
1,"Nhân Viên Designer - Graphic Designer POD","CÔNG TY CỔ PHẦN THƯƠNG MẠI VÀ CÔNG NGHỆ X-COM","- Hà Nội: KĐT The Manor Central Park, Phường Hoàng Mai (quận Hoàng Mai cũ)","https://www.topcv.vn/viec-lam/nhan-vien-designer-graphic-designer-pod/2050730.html","Thứ 2 - Thứ 7 (từ 09:00 đến 18:00)
Từ thứ 2 – sáng thứ 7. Trong đó:
- Từ Thứ 2 đến thứ 6 hàng tuần: 8h30 – 17h30
- Thứ 7 hàng tuần: Từ 8h00 – 12h00"
1,"Business Analyst (BA) - 2 Năm Kinh Nghiệm Trở Lên","CÔNG TY CỔ PHẦN DƯỢC PHẨM FPT LONG CHÂU","- Hồ Chí Minh: 67 Hoàng Văn Thái, Phường Tân Mỹ (Quận 7 cũ)","https://www.topcv.vn/viec-lam/business-analyst-ba-2-nam-kinh-nghiem-tro-len/2120612.html","Thứ 2 - Thứ 6 (từ 08:30 đến 18:00)
Thứ 7 (từ 08:30 đến 12:00)"
1,"Thực Tập Sinh Kinh Doanh","CÔNG TY TNHH TM VÀ DV CÔNG NGHỆ TLT","- Hồ Chí Minh: 53 Ngô Bệ, Phường Tân Bình (quận Tân Bình cũ)","https://www.topcv.vn/viec-lam/thuc-tap-sinh-kinh-doanh/2088194.html","-	Thời gian làm việc:  Thứ 2- Thứ 6: 8h00 - 17h00 (nghỉ trưa 12h00 – 13h30)
Thứ 7: 8h00 - 12h00"
1,"Graphic Designer","CÔNG TY TNHH HỌC VĂN CÔ DIỆU THU","- Hà Nội: Số 09 lô TT01 HD Mon, Hàm Nghi, Phường Từ Liêm (quận Nam Từ Liêm cũ)","https://www.topcv.vn/viec-lam/graphic-designer/1552058.html","Thứ 2 - Thứ 6 (từ 08:00 đến 17:00)
Thứ 7 làm cách tuần"
1,"Trưởng Nhóm Kiểm Thử","CÔNG TY CỔ PHẦN SẢN XUẤT VÀ ĐẦU TƯ TRUNG DŨNG","- Hưng Yên: Lô L6 KCN Dệt may Phố Nối B, Dị Sử, Mỹ Hào, Phường Mỹ Hào (Thị xã Mỹ Hào cũ)","https://www.topcv.vn/viec-lam/truong-nhom-kiem-thu/1968134.html","Thứ 2 - Thứ 7 (từ 07:30 đến 16:30)
Nghỉ trưa 1 tiếng"
1,"Nhân Viên Thiết Kế (Graphic Design)","CÔNG TY CỔ PHẦN KIẾN TRÚC NỘI THẤT IDC","- Hà Nội: Tòa UDIC 122-124 Vĩnh Tuy, Phường Hoàng Mai (quận Hoàng Mai cũ)","https://www.topcv.vn/viec-lam/nhan-vien-thiet-ke-graphic-design/2118771.html","Thứ 2 - Thứ 6 (từ 08:00 đến 17:30)
2 ngày Thứ 7/tháng"
1,"Thực Tập Sinh Graphic Design","CÔNG TY CỔ PHẦN KOSMEN","- Hồ Chí Minh: 77 Đinh Thị Thi, KĐT Vạn Phúc City, Thủ Đức, Phường Hiệp Bình (Thành phố Thủ Đức cũ)","https://www.topcv.vn/viec-lam/thuc-tap-sinh-graphic-design/2004735.html","Thứ 2 - Thứ 6 (từ 08:00 đến 17:00)
Thứ 7 (từ 08:00 đến 12:00)"
1,"Trưởng Nhóm Kiểm Thử","CÔNG TY CỔ PHẦN ĐẦU TƯ CÔNG NGHỆ HOÀNG HUY","- Hà Nội: Linh Đàm, Phường Hoàng Liệt (quận Hoàng Mai, huyện Thanh Trì cũ)","https://www.topcv.vn/viec-lam/truong-nhom-kiem-thu/1747563.html","Thứ 2 - Thứ 7 (từ 08:30 đến 17:31)"
1,"Trưởng Nhóm Kiểm Thử","CÔNG TY CỔ PHẦN ĐẦU TƯ CÔNG NGHỆ HOÀNG HUY","- Hồ Chí Minh: Nguyễn Văn Lượng, Phường Gò Vấp (quận Gò Vấp cũ)","https://www.topcv.vn/viec-lam/truong-nhom-kiem-thu/1747563.html","Thứ 2 - Thứ 7 (từ 08:30 đến 17:31)"
1,"Nữ Nhân Viên Kinh Doanh Phần Mềm - Thu Nhập 10-20 Triệu - Phụ Cấp Hấp Dẫn","Công ty Cổ Phần Giải Pháp Mạng Bạch Kim","- Hà Nội: Tầng 5 Tòa nhà số 169 đường Nguyễn Ngọc Vũ, Phường Yên Hòa (quận Cầu Giấy cũ)","https://www.topcv.vn/viec-lam/nu-nhan-vien-kinh-doanh-phan-mem-thu-nhap-10-20-trieu-phu-cap-hap-dan/1879249.html","Thứ 2 - Thứ 6 (từ 08:00 đến 17:30)
Làm 2 thứ 7 trong tháng. Thứ 7 : 8h - 16h
Nghỉ trưa 12h - 13h30"
1,"Cộng Tác Viên - BA","CÔNG TY CỔ PHẦN ĐẦU TƯ VÀ PHÁT TRIỂN CÔNG NGHỆ TRUYỀN THÔNG NAM VIỆT","- Hà Nội: Tầng 6, tháp B, tòa Central Point 219 Trung Kính, Yên Hòa, Cầu Giấy, Phường Cầu Giấy (quận Cầu Giấy cũ)","https://www.topcv.vn/viec-lam/cong-tac-vien-ba/2130864.html","Thứ 2 - Thứ 7 (từ 08:00 đến 17:00)"
1,"Chuyên Viên Thiết Kế Họa Tiết (Tumbler, Bottle)","Công ty Cổ Phần TEECOM","- Hồ Chí Minh: 60 Nguyễn Thông, Phường Nhiêu Lộc (Quận 3 cũ)","https://www.topcv.vn/viec-lam/chuyen-vien-thiet-ke-hoa-tiet-tumbler-bottle/2132630.html","Thứ 2 - Thứ 6 (từ 08:00 đến 17:00)
Thời gian làm việc: Từ 8h30 – 18h00 (nghỉ trưa 1 tiếng rưỡi), từ Thứ 2 – sáng Thứ 7. Riêng sáng Thứ 7 tuỳ theo tính chất công việc mà làm việc tại nhà hoặc tại công ty."
1,"Nhân Viên Thiết Kế","CÔNG TY CỔ PHẦN DỊCH VỤ QUẢN LÝ BĐS INDEPENDENT","- Hồ Chí Minh: Xã Bình Hưng (huyện Bình Chánh cũ)","https://www.topcv.vn/viec-lam/nhan-vien-thiet-ke/1769453.html","Thứ 2 - Thứ 6 (từ 08:00 đến 17:00)
Thứ 7 (từ 08:00 đến 12:00)"
1,"Nhân Viên Kinh Doanh Phần Mềm Kế Toán","CÔNG TY CỔ PHẦN ĐẦU TƯ CÔNG NGHỆ VÀ THƯƠNG MẠI SOFTDREAMS","- Hà Nội: Tầng 3 CT5 AB Văn Khê, Phường Hà Đông (quận Hà Đông cũ)
- Hồ Chí Minh: Số H.54 đường Huỳnh Tấn Chùa, Phường Đông Hưng Thuận (Quận 12 cũ)
- Nghệ An: Số 16A đường Lê Hoàn, Phường Thành Vinh (Thành phố Vinh cũ)
- Đà Nẵng: 91 Lê Thanh Nghị, Hải Châu, Phường Hải Châu (quận Hải Châu cũ)
...và
1 địa điểm khác
Thu gọn","https://www.topcv.vn/brand/softdreams/tuyen-dung/nhan-vien-kinh-doanh-phan-mem-ke-toan-j2010161.html","[""Thứ 2 - Thứ 6 (từ 08:00 đến 17:30)\nT2-T6 Giờ hành chính 8-17h30 (nghỉ trưa 1h30p), 2 thứ 7 trên tháng""]"
1,"Chuyên Viên Nghiệp Vụ Vận Hành Hệ Thống","CÔNG TY CỔ PHẦN TẬP ĐOÀN THÉP POSHACO","- Hà Nội: Số nhà 03, TT 04, Ngõ 04, Hàm Nghi, Từ Liêm, Phường Từ Liêm (quận Nam Từ Liêm cũ)","https://www.topcv.vn/viec-lam/chuyen-vien-nghiep-vu-van-hanh-he-thong/1980772.html","Thứ 2 - Thứ 6 (từ 08:00 đến 17:00)
8:00 – 12:00; Chiều 13:15 – 17:15 (Từ thứ 2 đến hết sáng thứ 7 hàng tuần)"
1,"Graphic Design - Ngành Thẩm Mỹ & Mỹ Phẩm","CÔNG TY TNHH BỆNH VIỆN THẨM MỸ HÀN ANH","- Hồ Chí Minh: Phường Tân Bình (quận Tân Bình cũ)","https://www.topcv.vn/viec-lam/graphic-design-nganh-tham-my-my-pham/2067654.html","Thứ 2 - Thứ 7 (từ 08:00 đến 17:00)"
1,"Thực Tập Sinh Công Nghệ Thông Tin Fulltime (Hồ Chí Minh - Có Mộc+ Có Lương)","CÔNG TY TNHH CÔNG NGHỆ PHẦN MỀM NASANI","- Hồ Chí Minh: tòa nhà Sài Gòn ICT, Công viên phần mềm Quang Trung, Trung Mỹ Tây, Phường Trung Mỹ Tây (Quận 12 cũ)","https://www.topcv.vn/viec-lam/thuc-tap-sinh-cong-nghe-thong-tin-fulltime-ho-chi-minh-co-moc-co-luong/2150477.html","Thứ 2 - Thứ 6 (từ 08:00 đến 17:00)
Thứ 7 (từ 08:00 đến 12:00)"
1,"3D Artist (Blender + Substance 3D Painter)","CÔNG TY TNHH HATDE","- Hồ Chí Minh: 111/20 Tây Lân, Phường Bình Tân (quận Bình Tân cũ)","https://www.topcv.vn/viec-lam/3d-artist-blender-substance-3d-painter/2148361.html","Thứ 2 - Thứ 6 (từ 08:00 đến 17:30)
Thứ 7 (từ 08:00 đến 11:30)"
1,"Chuyên Viên Phát Triển Phần Mềm","Công Ty Cổ Phần NEOFLOOR","- Hà Nội: 4/N09 đường Huỳnh Văn Nghệ Long Biên, Phường Phúc Lợi (quận Long Biên cũ)","https://www.topcv.vn/viec-lam/chuyen-vien-phat-trien-phan-mem/1940476.html","Thứ 2 - Thứ 7 (từ 08:00 đến 17:00)
Nghỉ hai thứ 7 trong tháng"
1,"Trưởng Phòng AI Engineer","CÔNG TY TNHH GROW IN POSSIBILITIES (GIP LLC)","- Hà Nội: Số 275 Nguyễn Trãi, Phường Thanh Xuân (quận Thanh Xuân cũ)","https://www.topcv.vn/viec-lam/truong-phong-ai-engineer/2151613.html","8h30 – 18h00 Thứ 2 – Sáng Thứ 7 (Nghỉ trưa 12h00 - 13h30)"
1,"Nhân Viên Vận Hành Máy CNC","CÔNG TY CỔ PHẦN KỸ NGHỆ XANH VIỆT NAM","- Đà Nẵng: CCN Trảng Nhật 1, Phường An Thắng (Thị xã Điện Bàn cũ)","https://www.topcv.vn/brand/kynghexanh/tuyen-dung/nhan-vien-van-hanh-may-cnc-j1988940.html","[""Thứ 2 - Thứ 7 (từ 07:30 đến 17:00)""]"
1,"Thực Tập Sinh Business Analytics","CÔNG TY TNHH CÔNG NGHỆ PHẦN MỀM NASANI","- Hồ Chí Minh: Lô 46 Công viên phần mềm Quang Trung, Phường Trung Mỹ Tây (Quận 12 cũ)","https://www.topcv.vn/viec-lam/thuc-tap-sinh-business-analytics/1900865.html","Thứ 2 - Thứ 6 (từ 08:00 đến 17:00)
Thứ 7 (từ 08:00 đến 12:00)"
1,"Senior Sales B2B (Travel)","CÔNG TY CỔ PHẦN ĐẦU TƯ ROVI HOLDINGS","- Hồ Chí Minh: 04 Hát Giang, Phường Tân Sơn Hòa (quận Tân Bình cũ)","https://www.topcv.vn/viec-lam/senior-sales-b2b-travel/2128504.html","Thứ 2 - Thứ 6 (từ 08:00 đến 17:00)
Thứ 7 (từ 08:00 đến 12:00)"
1,"Thực Tập Sinh Tư Vấn Thiết Kế Website","CÔNG TY TNHH CÔNG NGHỆ PHẦN MỀM NASANI","- Hồ Chí Minh: Tòa nhà Saigon ICT, Lô 46, Công viên phần mềm Quang Trung (Quận 12 cũ), Phường Trung Mỹ Tây (Quận 12 cũ)","https://www.topcv.vn/viec-lam/thuc-tap-sinh-tu-van-thiet-ke-website/2116446.html","Thứ 2 - Thứ 6 (từ 08:00 đến 17:00)
Thứ 7 (từ 08:00 đến 12:00)"
1,"Employee Branding (Mobile App)","Braly JSC","- Hà Nội: 99 Trần Bình, Phường Từ Liêm (quận Nam Từ Liêm cũ)","https://www.topcv.vn/viec-lam/employee-branding-mobile-app/2133183.html","Thứ 2 - Thứ 6 (từ 08:30 đến 18:00)
Thứ 7 (từ 08:30 đến 12:00)
- 2 buổi sáng Thứ 7/tháng: 8h30 - 12h00"
1,"Chuyên Viên Chuyển Đổi Số","Hộ Kinh Doanh Sửa Chữa Bảo Hành 1 (One)","- Hồ Chí Minh: 721 Trường Chinh, Phường Tây Thạnh (quận Tân Phú cũ)","https://www.topcv.vn/viec-lam/chuyen-vien-chuyen-doi-so/1775388.html","Thứ 2 - Thứ 7 (từ 08:00 đến 17:30)
Thời gian làm việc: Từ Thứ Hai đến Thứ Bảy, làm việc từ 08h00 đến 17h30, nghỉ trưa từ 12h00 đến 13h30.
(Tổng thời gian làm việc: 8 giờ/ngày.)"
1,"Kế Toán Bán Hàng","CÔNG TY CỔ PHẦN PHÁT TRIỂN CÔNG NGHỆ SỐ DNP","- Hà Nội: Khu đô thị Dreamland, ngõ 105 Xuân La, Phường Xuân Đỉnh (quận Bắc Từ Liêm cũ)","https://www.topcv.vn/viec-lam/ke-toan-ban-hang/1830851.html","Thứ 2 - Thứ 6 (từ 08:30 đến 17:30)
Thứ 7: 8h-12h"
1,"Tech Leader Xây Dựng Vận Hành Công Nghệ Dữ Liệu","CÔNG TY TNHH NGUỒN HÀNG TMDT","- Hồ Chí Minh: 134 Nguyễn Văn Kỉnh, Phường Cát Lái (Thành phố Thủ Đức cũ)","https://www.topcv.vn/viec-lam/tech-leader-xay-dung-van-hanh-cong-nghe-du-lieu/2108357.html","Thứ 2 - Thứ 7 (từ 08:00 đến 17:30)"
1,"Nhân Viên Quản Trị Hệ Thống","Công ty Cổ phần TTH Group","- Nghệ An: Bệnh viện YHCT Nguyên Phúc, Phường Vinh Hưng (Thành phố Vinh cũ)","https://www.topcv.vn/viec-lam/nhan-vien-quan-tri-he-thong/1913558.html","Thứ 2 - Thứ 7 (từ 07:30 đến 16:45)"
1,"Business Analyst","Công ty cổ phần AppotaPay","- Hà Nội: Tòa nhà 15+17, ngõ 81 Láng Hạ, Phường Ô Chợ Dừa (quận Đống Đa cũ)","https://www.topcv.vn/viec-lam/business-analyst/992655.html","Từ Thứ 2 đến Thứ 6 và Thứ 7 cách tuần."
1,"Graphic Design","CÔNG TY TNHH QUẢNG CÁO TRUYỀN THÔNG SỰ KIỆN FOCUS","- Đà Nẵng: K67/33 Hà Huy Tập, Phường Thanh Khê (quận Thanh Khê cũ)","https://www.topcv.vn/viec-lam/graphic-design/2085413.html","Thứ 2 - Thứ 7 (từ 08:00 đến 17:30)"
1,"Nhân Viên Tự Động Hóa Và Vận Hành","CÔNG TY TNHH ĐỒ DA LECAS","- Hà Nội: 102 Nguyễn Chí Thanh, Phường Láng (quận Đống Đa cũ)","https://www.topcv.vn/viec-lam/nhan-vien-tu-dong-hoa-va-van-hanh/2053686.html","Thứ 2 - Thứ 6 (từ 08:00 đến 17:30)
Thứ 2 - Thứ 7 (từ 08:00 đến 12:00)"
1,"Senior Graphic Designer","Tập Đoàn Novaon","- Hà Nội: 219 Trung Kính, Phường Cầu Giấy (quận Cầu Giấy cũ)","https://www.topcv.vn/viec-lam/senior-graphic-designer/1649335.html","Thứ 2 - Thứ 6 (từ 08:00 đến 17:30)
Và 1 sáng thứ Bảy đầu tiên của tháng"
1,"Nhân Viên Thiết Kế 3D","CÔNG TY CỔ PHẦN SẢN XUẤT VÀ ĐẦU TƯ TRUNG DŨNG","- Hà Nội: Xóm Án, Thôn Triều Khúc, Phường Thanh Liệt (huyện Thanh Trì cũ)","https://www.topcv.vn/viec-lam/nhan-vien-thiet-ke-3d/2079662.html","Thứ 2 - Thứ 7 (từ 08:00 đến 17:00)
Nghỉ trưa từ 12:00 - 13:00"
1,"Nhân Viên Thiết Kế 2D (Designer)","CÔNG TY CỔ PHẦN DU LỊCH VÀ TRUYỀN THÔNG PLC","- Hà Nội: 30 Trần Hữu Dực, Phường Từ Liêm (quận Nam Từ Liêm cũ)","https://www.topcv.vn/viec-lam/nhan-vien-thiet-ke-2d-designer/1084304.html","Thứ 2 - Thứ 6 (từ 08:30 đến 17:30)
Thứ 7 (từ 08:30 đến 12:00)
Thứ 7: Làm việc online tại nhà"
1,"AI Content Marketing (Fullstack)","Công ty Cổ phần Welly Fitness","- Hà Nội: Tầng 3, tòa Udic Complex, Hoàng Đạo Thúy, Phường Yên Hòa (quận Cầu Giấy cũ)","https://www.topcv.vn/viec-lam/ai-content-marketing-fullstack/2136849.html","Thứ 2 - Thứ 6 (từ 08:30 đến 18:00)
- Thứ 2 - Thứ 6 (từ 08:30 đến 18:00)
- 2 thứ 7 luân phiên: Làm việc đến 16h30"
1,"Trưởng Phòng Kỹ Thuật Phần Mềm","Công ty cổ phần giải pháp MKT","- Hà Nội: 35 Lê Văn Thiêm, Thanh Xuân, Phường Thanh Xuân (quận Thanh Xuân cũ)","https://www.topcv.vn/viec-lam/truong-phong-ky-thuat-phan-mem/1813069.html","Thứ 2 - Thứ 6 (từ 08:00 đến 17:30)
Thứ 7 (từ 08:00 đến 12:00)"
1,"Nhân Viên Thiết Kế (Designer)","CÔNG TY TNHH NVA MEDIA","- Hồ Chí Minh: Vinhomes Grand Park, Phường Thủ Đức (Thành phố Thủ Đức cũ)","https://www.topcv.vn/viec-lam/nhan-vien-thiet-ke-designer/2115280.html","Thứ 2 - Thứ 7 (từ 08:00 đến 17:00)"
1,"Nhân Viên Lập Trình Mastercam","Công ty TNHH Seojin Auto","- Bắc Ninh: Lô J5, Khu công nghiệp Đại Đồng - Hoàn Sơn Tỉnh Bắc Ninh, Việt Nam, Phường Từ Sơn (Thành phố Từ Sơn cũ)","https://www.topcv.vn/viec-lam/nhan-vien-lap-trinh-mastercam/1581406.html","Thứ 2 - Thứ 7 (từ 08:00 đến 17:00)"
1,"Chuyên Viên Thiết Kế (Graphic Designer)","CÔNG TY CỔ PHẦN SOLIA GROUP","- Hồ Chí Minh: 307 Nguyễn Văn Luông, Phường Phú Lâm (Quận 6 cũ)","https://www.topcv.vn/viec-lam/chuyen-vien-thiet-ke-graphic-designer/2032509.html","Thứ 2 - Thứ 6 (từ 08:00 đến 17:00)
Thứ 7 (từ 08:00 đến 12:00)"
1,"Thực Tập Sinh Chuyên Viên Tư Vấn Phần Mềm","CÔNG TY TNHH CÔNG NGHỆ PHẦN MỀM NASANI","- Hồ Chí Minh: Lầu 1, Tòa nhà Sài Gòn Tel, Lô 46 Công viên phần mềm Quang Trung (Quận 12 cũ), Phường Trung Mỹ Tây (Quận 12 cũ)","https://www.topcv.vn/viec-lam/thuc-tap-sinh-chuyen-vien-tu-van-phan-mem/2130828.html","Thứ 2 - Thứ 6 (từ 08:00 đến 17:00)
Thứ 2 - Thứ 6 (từ 08:00 đến 17:00)
Thứ 7 (từ 08:00 đến 12:00)"
1,"Thực Tập Sinh Công Nghệ Thông Tin (Thu Nhập 15Tr/ Tháng)","CÔNG TY TNHH CÔNG NGHỆ PHẦN MỀM NASANI","- Hồ Chí Minh: Lầu 1 Tòa nhà Saigon ICT, Lô 46 Công viên phần mềm Quang Trung, Phường Trung Mỹ Tây (Quận 12 cũ)","https://www.topcv.vn/viec-lam/thuc-tap-sinh-cong-nghe-thong-tin-thu-nhap-15tr-thang/2150468.html","Thứ 2 - Thứ 6 (từ 08:00 đến 17:00)
Thứ 7 (từ 08:00 đến 12:00)"
1,"Nhân Viên Tự Động Hóa Và Vận Hành","Công ty TNHH 10TOT","- Hà Nội: 102 Nguyễn Chí Thanh, Phường Láng (quận Đống Đa cũ)","https://www.topcv.vn/viec-lam/nhan-vien-tu-dong-hoa-va-van-hanh/2146483.html","Thứ 2 - Thứ 6 (từ 08:00 đến 17:30)
Thứ 7 (từ 08:00 đến 12:00)"
1,"Graphic Designer & Photographer","Công ty TNHH Anh ngữ Vietop","- Hồ Chí Minh: 53 Gò Dầu, Phường Phú Thọ Hòa (quận Tân Phú cũ)","https://www.topcv.vn/viec-lam/graphic-designer-photographer/1513901.html","Thứ 2 - Thứ 6 (từ 08:00 đến 17:30)
Thứ 7 (từ 08:00 đến 12:00)
Trong tuần trực tiếp tại văn phòng
Thứ 7 online"
1,"Nhân Viên Lập Trình CNC","CÔNG TY TNHH KHUÔN MẪU CHÍNH XÁC M&H VIỆT NAM","- Hà Nội: Km 10+350 Đại lộ Thăng Long, Xã Sơn Đồng (huyện Hoài Đức cũ)","https://www.topcv.vn/viec-lam/nhan-vien-lap-trinh-cnc/1843432.html","Thứ 2 - Thứ 7 (từ 08:00 đến 17:00)
Làm việc từ thứ 2 đến thứ 7 giờ hành chính (tăng ca nếu có)"
1,"Product Owner/Project Manager (Card)","NGÂN HÀNG TM TNHH MTV KỶ NGUYÊN THỊNH VƯỢNG","- Hà Nội: Phường Cửa Nam (quận Hoàn Kiếm cũ)","https://www.topcv.vn/viec-lam/product-owner-project-manager-card/2121038.html","Thứ 2 - Thứ 6 (từ 09:00 đến 18:00)
+ Linh hoạt chọn ca và chủ động giờ giấc, không chấm công. Có 3 ca làm việc (8:00 - 17:30, 8:30 - 18:00, 9:00 - 18:30). Nghỉ trưa từ 12:00 - 13:30 (1,5h);
+ Làm việc từ thứ 2 đến thứ 6, 2 sáng Thứ 7/tháng (có thể remote)."
1,"Chuyên Viên Thiết Kế 3D","CÔNG TY CỔ PHẦN XUẤT NHẬP KHẨU BÌNH TÂY (BITEX)","- Hồ Chí Minh: 16 Trịnh Hoài Đức, Phường Chợ Lớn (Quận 5 cũ)","https://www.topcv.vn/viec-lam/chuyen-vien-thiet-ke-3d/1522181.html","Thứ 2 - Thứ 7 (từ 08:00 đến 17:00)
Nghỉ Thứ 7 - 2 tuần giữa tháng"
1,"Nhân Viên Idea Creator (Mảng POD)","Công ty Cổ phần Azeus Global","- Hà Nội: 54 Vũ Trọng Phụng, Phường Thanh Xuân (quận Thanh Xuân cũ)","https://www.topcv.vn/viec-lam/nhan-vien-idea-creator-mang-pod/2031090.html","Thứ 2 - Thứ 6 (từ 09:00 đến 12:00)
Sáng Thứ 7 làm việc remote"
1,"Java Developer (Senior - Mid)","Công ty TNHH Smartbooks","- Hà Nội: Tầng L, Sảnh văn phòng, Tháp A, Toà nhà Golden Palace, Đường Mễ Trì, Phường Từ Liêm (quận Nam Từ Liêm cũ)","https://www.topcv.vn/viec-lam/java-developer-senior-mid/2145281.html","Từ thứ 2 đến thứ 6 và buổi sáng thứ 7, sáng từ 8h00 đến 12h00, chiều từ 13h30 đến 17h30."
1,"Java Developer (Senior - Mid)","Công ty TNHH Smartbooks","- Đà Nẵng: Số 257, Đường Nguyễn Sinh Sắc, Phường Hòa Khánh (huyện Hòa Vang, quận Liên Chiểu cũ)","https://www.topcv.vn/viec-lam/java-developer-senior-mid/2145281.html","Từ thứ 2 đến thứ 6 và buổi sáng thứ 7, sáng từ 8h00 đến 12h00, chiều từ 13h30 đến 17h30."
1,"Nhân Viên Thiết Kế","CHI NHÁNH CÔNG TY TNHH THỂ THAO SPORT 1","- Hà Nội: 120 Nguyễn Thái Học, Phường Ba Đình (quận Ba Đình cũ)","https://www.topcv.vn/viec-lam/nhan-vien-thiet-ke/2091559.html","Thứ 2 - Thứ 6 (từ 08:30 đến 17:30)
Thứ 7 làm việc luân phiên cách tuần"
1,"Nhân Viên Tư Vấn Không Yêu Cầu Kinh Nghiệm","CÔNG TY TNHH TMDV CÔNG NGHỆ VPS","- Hồ Chí Minh: Lô 3 Tầng 5 , Toà nhà Genpacific, đường số 16 , Công Viên Phần Mềm Quang Trung, Phường Trung Mỹ Tây (Quận 12 cũ)","https://www.topcv.vn/viec-lam/nhan-vien-tu-van-khong-yeu-cau-kinh-nghiem/2001320.html","Thứ 2 - Thứ 6 (từ 08:00 đến 17:00)
Thứ 7 (từ 08:00 đến 12:00)"
1,"Nhân Viên Thiết Kế 2D Fulltime","CÔNG TY TNHH  JELLY & JAM VIỆT NAM","- Hà Nội: 65 Louis XI, Phường Yên Sở (quận Hoàng Mai cũ)","https://www.topcv.vn/viec-lam/nhan-vien-thiet-ke-2d-fulltime/1671310.html","Thứ 2 - Thứ 7 (từ 09:00 đến 18:00)
Ca 1: 9:00 - 12:00
Ca 2: 13:30 - 18:00
Thứ 7 chỉ làm buổi sáng"
1,"Nhân Viên Thiết Kế","CÔNG TY TNHH ĐIỆN MÁY GIA KHANG","- Hồ Chí Minh: 26 đường số 4, KDC Lê Thành, Phường An Lạc (quận Bình Tân cũ)","https://www.topcv.vn/viec-lam/nhan-vien-thiet-ke/1261222.html","Thứ 2 - Thứ 7 (từ 08:00 đến 17:00)"
1,"Nhân Viên IT Phần Cứng - KInh Nghiệm Từ 2 Năm","CÔNG TY TNHH MỘT THÀNH VIÊN THÉP VAS AN HƯNG TƯỜNG","- Hồ Chí Minh: Tân Định, Bến Cát, Bình Dương [cũ], Phường Hòa Lợi (Thành phố Bến Cát cũ)","https://www.topcv.vn/viec-lam/nhan-vien-it-phan-cung-kinh-nghiem-tu-2-nam/1854296.html","Thứ 2 - Thứ 7 (từ 07:30 đến 16:30)"
1,"Chuyên Viên Lập Trình Ứng Dụng","CÔNG TY CỔ PHẦN TẬP ĐOÀN ĐỊA ỐC KIM OANH","- Hồ Chí Minh: 219 Xô Viết Nghệ Tĩnh, Phường Gia Định (quận Bình Thạnh cũ)","https://www.topcv.vn/viec-lam/chuyen-vien-lap-trinh-ung-dung/2130288.html","Thứ 2 - Thứ 6 (từ 08:00 đến 17:00)
làm việc sáng thứ 7"
1,"Thiết Kế Đồ Họa - Thao Photoshop/AI","CÔNG TY TNHH THỂ THAO ANVACO VIỆT NAM","- Hà Nội: 209 Vũ Tông Phan, Phường Khương Đình (quận Thanh Xuân cũ)","https://www.topcv.vn/viec-lam/thiet-ke-do-hoa-thao-photoshop-ai/2140499.html","Thứ 2 - Thứ 7 (từ 08:00 đến 17:00)"
1,"Kỹ Thuật IT Support / Helpdesk","CÔNG TY TNHH CITY ONE VIỆT NAM","- Hồ Chí Minh: 721 Trường Chinh, Phường Tây Thạnh (quận Tân Phú cũ)","https://www.topcv.vn/viec-lam/ky-thuat-it-support-helpdesk/1703730.html","Thứ 2 - Thứ 7 (từ 08:00 đến 17:30)
Ca 1: Làm việc từ 08h00 đến 17h00, nghỉ trưa từ 12h00 đến 13h30.
(Tổng thời gian làm việc: 8 giờ/ngày, nghỉ trưa 1 giờ 30 phút.)"
1,"Kỹ Thuật IT Support / Helpdesk","CÔNG TY TNHH CITY ONE VIỆT NAM","- Hồ Chí Minh: 1E 3 Tháng 2, Phường Vườn Lài (Quận 10 cũ)","https://www.topcv.vn/viec-lam/ky-thuat-it-support-helpdesk/1703730.html","Thứ 2 - Thứ 7 (từ 08:00 đến 17:30)
Ca 1: Làm việc từ 08h00 đến 17h00, nghỉ trưa từ 12h00 đến 13h30.
(Tổng thời gian làm việc: 8 giờ/ngày, nghỉ trưa 1 giờ 30 phút.)"
1,"Kỹ Thuật IT Support / Helpdesk","CÔNG TY TNHH CITY ONE VIỆT NAM","- Hồ Chí Minh: 195 Nguyễn Thái Học, Phường Bến Thành (Quận 1 cũ)","https://www.topcv.vn/viec-lam/ky-thuat-it-support-helpdesk/1703730.html","Thứ 2 - Thứ 7 (từ 08:00 đến 17:30)
Ca 1: Làm việc từ 08h00 đến 17h00, nghỉ trưa từ 12h00 đến 13h30.
(Tổng thời gian làm việc: 8 giờ/ngày, nghỉ trưa 1 giờ 30 phút.)"
1,"Unstructured Testing Engineer - SW Testing","Công ty Cổ phần Vietsol","- Hải Phòng: Đặc khu Cát Hải (huyện Cát Hải cũ)","https://www.topcv.vn/viec-lam/unstructured-testing-engineer-sw-testing/2135137.html","Thứ 2 - Thứ 6 (từ 08:00 đến 17:00)
Thứ 2-Thứ 6, Thứ 7 nghỉ xen kẽ (từ 08:00 đến 17:00)"
1,"Unstructured Testing Engineer - SW Testing","Công ty Cổ phần Vietsol","- Hà Nội: Phường Long Biên (quận Long Biên cũ)","https://www.topcv.vn/viec-lam/unstructured-testing-engineer-sw-testing/2135137.html","Thứ 2 - Thứ 6 (từ 08:00 đến 17:00)
Thứ 2-Thứ 6, Thứ 7 nghỉ xen kẽ (từ 08:00 đến 17:00)"
1,"Nhân Viên Thiết Kế / Editor (Designer – Editor)","CÔNG TY TNHH HÀNG TIÊU DÙNG MOONSHOT","- Hồ Chí Minh: 95 Trần Trọng Cung, Phường Tân Thuận (Quận 7 cũ)","https://www.topcv.vn/viec-lam/nhan-vien-thiet-ke-editor-designer-editor/2145551.html","Thứ 2 - Thứ 6 (từ 08:00 đến 17:00)
Thứ 7 (từ 08:00 đến 12:00)"
1,"Thực Tập Sinh IT","Công ty TNHH Yusen Logistics (Việt Nam)","- Hải Phòng: KCN Đình Vũ, Phường Đông Hải (quận Hải An cũ)","https://www.topcv.vn/viec-lam/thuc-tap-sinh-it/2146624.html","Thứ 2 - Thứ 6 (từ 08:00 đến 17:30)
Thứ 7 (từ 08:00 đến 12:00)
Làm 2 buổi sáng thứ Bảy/tháng"
1,"Kỹ Sư Điện Tự Động Hóa PLC/SCADA","CÔNG TY CỔ PHẦN THIẾT LẬP CÔNG NGHỆ THIẾT BỊ SYSTEMS","- Hà Nội: số 104, ngõ 54 Lê Quang Đạo, Phường Từ Liêm (quận Nam Từ Liêm cũ)","https://www.topcv.vn/viec-lam/ky-su-dien-tu-dong-hoa-plc-scada/1600011.html","Thứ 2 - Thứ 7 (từ 08:00 đến 17:30)"
1,"Nhân Viên Quản Trị Hệ Thống","Công ty TNHH một thành viên Tổng Công ty Sản xuất thiết bị Viettel","- Hà Nội: An Bình, Xã An Khánh (huyện Hoài Đức cũ)","https://www.topcv.vn/viec-lam/nhan-vien-quan-tri-he-thong/1747999.html","Thứ 2 - Thứ 6 (từ 08:00 đến 17:30)
Thứ 7 đầu tiên của tháng"
1,"Nhân Viên Quản Trị Hệ Thống","Công ty TNHH một thành viên Tổng Công ty Sản xuất thiết bị Viettel","- Hà Nội: Khu CNC Hòa Lạc, Xã Hòa Lạc (huyện Thạch Thất cũ)","https://www.topcv.vn/viec-lam/nhan-vien-quan-tri-he-thong/1747999.html","Thứ 2 - Thứ 6 (từ 08:00 đến 17:30)
Thứ 7 đầu tiên của tháng"
1,"Chuyên Viên Thiết Kế Đồ Họa 2D","CÔNG TY CỔ PHẦN THƯƠNG MẠI VÀ DỊCH VỤ QUỐC TẾ THISO","- Hồ Chí Minh: VP Sarimi 74 Nguyễn Cơ Thạch, Phường An Khánh (Thành phố Thủ Đức cũ)","https://www.topcv.vn/viec-lam/chuyen-vien-thiet-ke-do-hoa-2d/2144335.html","Thứ 2 - Thứ 7 (từ 08:00 đến 17:00).
Nghỉ 2 ngày thứ Bảy/tháng."
1,"Nhân Viên Kỹ Thuật ( IT Support ) - Lương 9- 13 Triệu - Khu Vực Hoàng Mai, Hà Nội","CÔNG TY TNHH HÓA ĐƠN ĐIỆN TỬ M-INVOICE","- Hà Nội: số 12+14, ngõ 269/1 đường giáp bát, Phường Hoàng Mai (quận Hoàng Mai cũ)","https://www.topcv.vn/viec-lam/nhan-vien-ky-thuat-it-support-luong-9-13-trieu-khu-vuc-hoang-mai-ha-noi/2146620.html","Thứ 2 - Thứ 6 (từ 08:00 đến 17:00)
Từ thứ 2 - sáng thứ 7 [ 1 tháng trực chiều t7 từ 2-3 buổi, linh động được lịch trực ( có hỗ trợ lương, phụ cấp thêm)]"
1,"Junior Graphic Designer","UPTIK COMPANY LIMITED","- Hồ Chí Minh: 24 Tạ Hiện, Phường Cát Lái (Thành phố Thủ Đức cũ)","https://www.topcv.vn/viec-lam/junior-graphic-designer/2066509.html","Thứ 2 - Thứ 6 (từ 09:00 đến 18:00)
Thứ 7 (từ 00:00 đến 00:00)
Monday to Friday: 9am to 6pm and overtime upon request and needs
Saturday: only upon request and needs"
1,"Nhân Viên Thiết Kế Đồ Họa - Graphic Designer","Công Ty TNHH Nước Giải Khát Cà Phê Lekofe","- Hồ Chí Minh: 198A Mã Lò, Phường Bình Tân (quận Bình Tân cũ)","https://www.topcv.vn/viec-lam/nhan-vien-thiet-ke-do-hoa-graphic-designer/2116517.html","Thứ 2 - Thứ 6 (từ 08:00 đến 17:00)
Thứ 7 ()
Full time từ 8h-17h00 (nghỉ trưa từ 12h-13h00) từ thứ 2 đến thứ 6 hàng tuần
Tháng làm 2 ngày thứ 7 trong tháng"
1,"Kỹ Sư Triển Khai Dự Án (SI & Security)","Công ty Cổ phần Công nghệ SAVIS","- Hà Nội: Số 9 Duy Tân, Cầu Giấy, Phường Cầu Giấy (quận Cầu Giấy cũ)","https://www.topcv.vn/viec-lam/ky-su-trien-khai-du-an-si-security/2137954.html","Thứ 2 - Thứ 6 (từ 08:00 đến 17:30)
Thứ 7 (từ 08:00 đến 12:00)"
1,"Nhân Viên Kinh Doanh B2B (Sales IT)","CÔNG TY CỔ PHẦN CÔNG NGHỆ SILICOM","- Hồ Chí Minh: 58 Lê Bình, Phường Tân Sơn Nhất (quận Tân Bình cũ)","https://www.topcv.vn/viec-lam/nhan-vien-kinh-doanh-b2b-sales-it/2115167.html","Thứ 2 - Thứ 6 (từ 08:00 đến 17:30)
Thứ 7 (từ 08:00 đến 12:00)"
1,"Nhân Viên Designer","CÔNG TY TNHH NEBECOM","- Hà Nội: Phường Yên Hòa (quận Cầu Giấy cũ)","https://www.topcv.vn/viec-lam/nhan-vien-designer/1696730.html","Thứ 2 - Thứ 6 (từ 08:30 đến 17:30)
2 thứ 7 trong tháng"
1,"Chuyên Viên Graphic Designer (F&B)","CÔNG TY TNHH THƯƠNG MẠI VÀ DỊCH VỤ ĐỒ UỐNG VIETBLEND","- Hà Nội: Lô C1-8 và C1-9 Cụm Công Nghiệp Dương Liễu, Xã Dương Hòa (huyện Hoài Đức cũ)","https://www.topcv.vn/viec-lam/chuyen-vien-graphic-designer-fb/2114399.html","Thứ 2 - Thứ 7 (từ 08:00 đến 17:00)"
1,"IOS Mobile App Dev (Native)","CÔNG TY TNHH TẬP ĐOÀN CÔNG NGHỆ WIKEX EXCHANGE","- Hồ Chí Minh: 8E, đường số 14, Cityland park hills, Phường Gò Vấp (quận Gò Vấp cũ)","https://www.topcv.vn/viec-lam/ios-mobile-app-dev-native/1845320.html","Thứ 2 - Thứ 7 (từ 09:00 đến 18:00)
Nhưng chỉ làm có 2 ngày thứ Bảy trong một tháng"
1,"Graphic Designer","Mac Marketing","- Hồ Chí Minh: 2C Lam Sơn, Phường Tân Sơn Hòa (quận Tân Bình cũ)","https://www.topcv.vn/viec-lam/graphic-designer/1469667.html","Thứ 2 - Thứ 6 (từ 08:30 đến 17:30)
Thứ 7 (từ 08:30 đến 12:00)"
1,"Nhân Viên Thiết Kế (Graphic Designer)","CÔNG TY TRÁCH NHIỆM HỮU HẠN SẢN XUẤT THƯƠNG MẠI VI VA","- Hồ Chí Minh: 209/18 Tô Ký, Xã Hóc Môn (huyện Hóc Môn cũ)","https://www.topcv.vn/viec-lam/nhan-vien-thiet-ke-graphic-designer/2119745.html","Thứ 2 - Thứ 7 (từ 08:00 đến 17:00)"
1,"Nhân Viên Phát Triển Thị Trường Website","CÔNG TY TNHH CÔNG NGHỆ PHẦN MỀM NASANI","- Hồ Chí Minh: Phường Trung Mỹ Tây (Quận 12 cũ)","https://www.topcv.vn/viec-lam/nhan-vien-phat-trien-thi-truong-website/1962718.html","Thứ 2 - Thứ 6 (từ 08:00 đến 17:00)
Thứ 7 (từ 08:00 đến 12:00)"
1,"Technical Lead (Trưởng Nhóm IT)","CÔNG TY CỔ PHẦN THIẾT KẾ VÀ QUẢN LÝ KỸ THUẬT IMP","- Hồ Chí Minh: Parkview Building, số 5A đại lộ Hữu Nghị, VSIP 1, Phường Thuận An (Thành phố Thuận An cũ)","https://www.topcv.vn/viec-lam/technical-lead-truong-nhom-it/2134626.html","Thứ 2 - Thứ 7 (từ 08:00 đến 17:00)
Thứ 7 làm việc tới 15h, nghỉ 2 thứ 7 mỗi tuần."
1,"Chuyên Viên Thiết Kế - Lương Upto 12 Triệu","CÔNG TY TNHH HỒNG HẠNH","- Hà Nội: 252 phố Huế, Phường Hai Bà Trưng (quận Hai Bà Trưng cũ)","https://www.topcv.vn/viec-lam/chuyen-vien-thiet-ke-luong-upto-12-trieu/2023841.html","Thứ 2 - Thứ 7 (từ 08:00 đến 18:00)"
1,"Tech Leader / Trưởng Nhóm Công Nghệ - Phát Triển Sản Phẩm (Mức Lương 50 Triệu++)","CÔNG TY CỔ PHẦN CÔNG NGHỆ VÀ TRUYỀN THÔNG NIỀM TIN","- Hà Nội: Số 30, ngõ 88 Trung Kính, Phường Yên Hòa (quận Cầu Giấy cũ)","https://www.topcv.vn/viec-lam/tech-leader-truong-nhom-cong-nghe-phat-trien-san-pham-muc-luong-50-trieu/2133405.html","Thứ 2 - Thứ 6 (từ 08:00 đến 17:30)
Thứ 7 trong tháng làm việc so le"
1,"Thực Tập Sinh Tuyển Dụng","Công ty Cổ phần Công nghệ Kiot Việt","- Hà Nội: 1A/ 1B Đường Yết Kiêu, Trần Hưng Đạo, Hoàn Kiếm, Phường Hoàn Kiếm (quận Hoàn Kiếm cũ)","https://www.topcv.vn/viec-lam/thuc-tap-sinh-tuyen-dung/2008786.html","Thứ 2 - Thứ 6 (từ 08:00 đến 17:30)
Thứ 7 (từ 08:00 đến 12:00)
Nghỉ thứ 7 theo lịch (Nghỉ 2 T7/ tháng)"
1,"Thực Tập Sinh Tuyển Dụng","Công ty Cổ phần Công nghệ Kiot Việt","- Hà Nội: 1A/ 1B Đường Yết Kiêu, Trần Hưng Đạo, Hoàn Kiếm, Phường Hai Bà Trưng (quận Hai Bà Trưng cũ)","https://www.topcv.vn/viec-lam/thuc-tap-sinh-tuyen-dung/2008786.html","Thứ 2 - Thứ 6 (từ 08:00 đến 17:30)
Thứ 7 (từ 08:00 đến 12:00)
Nghỉ thứ 7 theo lịch (Nghỉ 2 T7/ tháng)"
1,"Thực Tập Sinh Tuyển Dụng","Công ty Cổ phần Công nghệ Kiot Việt","- Hà Nội: 1A/ 1B Đường Yết Kiêu, Trần Hưng Đạo, Hoàn Kiếm, Phường Cửa Nam (quận Hoàn Kiếm cũ)","https://www.topcv.vn/viec-lam/thuc-tap-sinh-tuyen-dung/2008786.html","Thứ 2 - Thứ 6 (từ 08:00 đến 17:30)
Thứ 7 (từ 08:00 đến 12:00)
Nghỉ thứ 7 theo lịch (Nghỉ 2 T7/ tháng)"
1,"Nhân Viên Kinh Doanh","CÔNG TY TNHH CÔNG NGHỆ PHẦN MỀM NASANI","- Hồ Chí Minh: Lầu 1, Tòa nhà SaigonTel, Lô 46, CVPM Quang Trung, Phường Trung Mỹ Tây (Quận 12 cũ)","https://www.topcv.vn/viec-lam/nhan-vien-kinh-doanh/1856480.html","Thứ 2 - Thứ 6 (từ 08:00 đến 17:00)
Thứ 7 (từ 08:00 đến 12:00)"
1,"UX/UI Website Design - Agency","CÔNG TY TNHH DIWE","- Hà Nội: 136 Nguyễn Lân, Phường Phương Liệt (quận Thanh Xuân cũ)","https://www.topcv.vn/viec-lam/ux-ui-website-design-agency/2141884.html","Thứ 2 - Thứ 6 (từ 08:15 đến 17:30)
Làm 02 thứ 7/ tháng cách tuần"
1,"IT System Engineer - English Or Chinese","CÔNG TY TNHH CÔNG NGHỆ MACRO VIỆT NAM","- Quảng Ninh: khu công nghiệp Texhong - Hải Hà, Xã Quảng Hà (huyện Hải Hà cũ)","https://www.topcv.vn/viec-lam/it-system-engineer-english-or-chinese/2023759.html","Thứ 2 - Thứ 7 (từ 08:00 đến 17:30)"
1,"IT System Engineer - English Or Chinese","CÔNG TY TNHH CÔNG NGHỆ MACRO VIỆT NAM","- Hải Phòng: 52 Tây Trung Hành, Hải An, Phường Hải An (quận Hải An cũ)","https://www.topcv.vn/viec-lam/it-system-engineer-english-or-chinese/2023759.html","Thứ 2 - Thứ 7 (từ 08:00 đến 17:30)"
1,"Nhân Viên Thiết Kế","Công Ty TNHH Mỹ Thuật Đa Phương Tiện Time Design","- Hà Nội: Số 4A, Ngõ 371/17 La Thành, Phường Ô Chợ Dừa (quận Đống Đa cũ)","https://www.topcv.vn/viec-lam/nhan-vien-thiet-ke/2129590.html","Thứ 2 - Thứ 7 (từ 08:30 đến 11:30)
Thứ 2 - Thứ 7 (từ 13:30 đến 17:30)"
1,"Nhân Viên IT (Quản Lý Hạ Tầng)","Goertek Vina","- Bắc Ninh: KCN Quế Võ 1 mở rộng, Phường Nam Sơn (Thành phố Bắc Ninh cũ)","https://www.topcv.vn/viec-lam/nhan-vien-it-quan-ly-ha-tang/2116405.html","Thứ 2 - Thứ 7 (từ 08:00 đến 17:00)"
1,"Graphic Designer","CÔNG TY CỔ PHẦN THƯƠNG MẠI DỊCH VỤ BLACK PEARL VIỆT NAM","- Hà Nội: Lô A21 ngõ 91 Trần Duy Hưng, Phường Cầu Giấy (quận Cầu Giấy cũ)","https://www.topcv.vn/viec-lam/graphic-designer/2138190.html","8h00 - 17h00 (Từ thứ 2 - thứ 6 và hai thứ 7 cách tuần)"
1,"Nhân Viên Media & Design / Từ 1 Năm Kinh Nghiệm / Tại Phường Nghĩa Đô, Hà Nội","CÔNG TY CỔ PHẦN ACAC ACADEMY","- Hà Nội: Tầng 3, Tòa nhà 789 Building, 147 Hoàng Quốc Việt, Phường Nghĩa Đô (quận Bắc Từ Liêm, quận Cầu Giấy cũ)","https://www.topcv.vn/viec-lam/nhan-vien-media-design-tu-1-nam-kinh-nghiem-tai-phuong-nghia-do-ha-noi/1374090.html","Thứ 2 - Thứ 6 (từ 08:30 đến 18:00)
Thứ 7 (từ 08:30 đến 12:00)"
1,"Quản Lý Dự Án - Thu Nhập Hấp Dẫn -  Làm Tại HCM","CÔNG TY TNHH IT-COMMUNICATIONS VIỆT NAM","- Hồ Chí Minh: 63 Quốc Hương, Phường An Khánh (Thành phố Thủ Đức cũ)","https://www.topcv.vn/viec-lam/quan-ly-du-an-thu-nhap-hap-dan-lam-tai-hcm/2129027.html","Thứ 2 - Thứ 7 (từ 08:00 đến 17:00)"
1,"Nhân Viên Thiết Kế Đồ Họa","Công ty TNHH Thế Giới Kim Cương","- Hồ Chí Minh: 859/5 QL1a, Phường Thới An (Quận 12 cũ)","https://www.topcv.vn/viec-lam/nhan-vien-thiet-ke-do-hoa/2078562.html","Thứ 2 - Thứ 7 (từ 08:00 đến 17:00)"
1,"Sales Consultant/ Nhân Viên Hỗ Trợ Tư Vấn Phần Mềm","Công ty Cổ phần HouseNow","- Hà Nội: 216 Nguyễn Trãi, Phường Thanh Xuân (quận Thanh Xuân cũ)","https://www.topcv.vn/viec-lam/sales-consultant-nhan-vien-ho-tro-tu-van-phan-mem/2140981.html","Thứ 2 - Thứ 6 (từ 08:00 đến 17:00)
Thứ 2 - Thứ 6: 9h00 - 18h00
Thứ 7 cách tuần: 9h00 - 15h00"
1,"Sales Consultant/ Nhân Viên Hỗ Trợ Tư Vấn Phần Mềm","Công ty Cổ phần HouseNow","- Hồ Chí Minh: 273/3 Nguyễn Trọng Tuyển, Phường Phú Nhuận (quận Phú Nhuận cũ)","https://www.topcv.vn/viec-lam/sales-consultant-nhan-vien-ho-tro-tu-van-phan-mem/2140981.html","Thứ 2 - Thứ 6 (từ 08:00 đến 17:00)
Thứ 2 - Thứ 6: 9h00 - 18h00
Thứ 7 cách tuần: 9h00 - 15h00"
1,"Nhân Viên Kinh Doanh Phần Mềm","CÔNG TY TNHH CÔNG NGHỆ VÀ THƯƠNG MẠI ÁNH SÁNG","- Hồ Chí Minh: Happy City, Xã Bình Chánh (huyện Bình Chánh cũ)","https://www.topcv.vn/viec-lam/nhan-vien-kinh-doanh-phan-mem/1992594.html","Thứ 2 - Thứ 7 (từ 07:30 đến 17:30)
Sáng: 7h30-11h30
Chiều: 13h30 - 17h30"
1,"Nhân Viên IT","CÔNG TY CỔ PHẦN TẬP ĐOÀN VIỆT NGA","- Đồng Tháp: 710 Nguyễn Huệ, Phường Mỹ Trà (Thành phố Cao Lãnh, Thành phố Cao Lãnh cũ)","https://www.topcv.vn/viec-lam/nhan-vien-it/2145407.html","Thứ 2 - Thứ 7 (từ 07:30 đến 17:00)"
1,"Nhân Viên Thiết Kế","HỘ KINH DOANH CHENG","- Hà Nội: 203b lạc long quân, Phường Nghĩa Đô (quận Bắc Từ Liêm, quận Cầu Giấy cũ)","https://www.topcv.vn/viec-lam/nhan-vien-thiet-ke/2065468.html","Thứ 2 - Thứ 7 (từ 08:30 đến 18:00)
Nghỉ 2 thứ 7 trong tháng"
1,"Nhân Viên Vận Hành Hệ Thống Và Chuyển Đổi Số","CÔNG TY TNHH THƯƠNG MẠI VÀ DỊCH VỤ DOMOOD","- Đà Nẵng: 160 - 162 Bế Văn Đàn, Phường Thanh Khê (quận Thanh Khê cũ)","https://www.topcv.vn/viec-lam/nhan-vien-van-hanh-he-thong-va-chuyen-doi-so/2089701.html","Thứ 2 - Thứ 7 (từ 08:00 đến 17:00)
Thứ 7 làm việc xen kẽ 2 tuần/tháng"
1,"Nhân Viên Xử Lý File Thiết Kế In Ấn","CÔNG TY TNHH THƯƠNG MẠI DỊCH VỤ QUẢNG CÁO TÂN HẢI THÁI","- Hồ Chí Minh: 299 Lý Thường Kiệt, Phường Phú Thọ (Quận 11 cũ)","https://www.topcv.vn/viec-lam/nhan-vien-xu-ly-file-thiet-ke-in-an/2131146.html","Thứ 2 - Thứ 7 (từ 08:00 đến 12:00)
Thứ 2 - Thứ 7 (từ 13:30 đến 17:30)
Sáng: 08:00 – 12:00; Chiều: 13:30-17:30"
1,"Data Analyst - Mạnh Về Phân Tích Tài Chính - Mảng Dược Mỹ Phẩm - Thu Nhập Trên 20 Triệu Trở Lên","Công ty TNHH Thẩm Mỹ Zacy","- Hà Nội: 69 Nguyễn Hy Quang, Phường Đống Đa (quận Đống Đa cũ)","https://www.topcv.vn/viec-lam/data-analyst-manh-ve-phan-tich-tai-chinh-mang-duoc-my-pham-thu-nhap-tren-20-trieu-tro-len/2114787.html","Thứ 2 - Thứ 6 (từ 08:30 đến 17:30)
Thứ 7 (từ 08:00 đến 12:00)"
1,"Chuyên Viên Đối Soát","CÔNG TY CỔ PHẦN GIẢI PHÁP THÔNG MINH LINKCARE","- Hà Nội: 138B Giảng Võ, Phường Ba Đình (quận Ba Đình cũ)","https://www.topcv.vn/viec-lam/chuyen-vien-doi-soat/1722022.html","- Thứ 2 - Thứ 6: 8h30 - 17h30
- 2 sáng thứ 7/ tháng (sáng thứ 7 đầu tiên và thứ 7 cuối cùng)"
1,"Nhân Viên Graphic Designer","CÔNG TY CỔ PHẦN GIÁO DỤC QUỐC TẾ IELTS ARENA","- Hà Nội: 54 Trương Công Giai, Phường Cầu Giấy (quận Cầu Giấy cũ)","https://www.topcv.vn/viec-lam/nhan-vien-graphic-designer/2063027.html","Thứ 2 - Thứ 7 (từ 08:00 đến 17:30)
Giờ hành chính: Từ 8h - 17h30 hàng ngày; từ thứ 2 đến thứ 7 (nghỉ buổi chiều các ngày thứ 7 giữa tháng)."
1,"Lập Trình PC Control (Tự Động Hóa)","CÔNG TY CỔ PHẦN UIL VIỆT NAM","- Bắc Ninh: KCN Quế Võ 1, Phường Phương Liễu (Thị xã Quế Võ cũ)","https://www.topcv.vn/viec-lam/lap-trinh-pc-control-tu-dong-hoa/2152858.html","Thứ 2 - Thứ 7 (từ 08:00 đến 17:45)
Thứ 2-6 từ 8h-17h45
Thứ 7 từ 8h-16h45 (được nghỉ 2 thứ 7/tháng)"
1,"Thiết Kế Đồ Hoạ (TMĐT)","Công ty TNHH Xây dựng và Thương mại Phạm Lê","- Hà Nội: 282 Nguyễn Huy Tưởng, Phường Thanh Xuân (quận Thanh Xuân cũ)","https://www.topcv.vn/viec-lam/thiet-ke-do-hoa-tmdt/2065952.html","Thứ 2 - Thứ 7 (từ 08:00 đến 17:30)"
1,"Trưởng Phòng Thiết Kế UI/UX (UI/UX Head)","CÔNG TY CỔ PHẦN DƯỢC PHẨM FPT LONG CHÂU","- Hồ Chí Minh: Phường Tân Mỹ (Quận 7 cũ)","https://www.topcv.vn/viec-lam/truong-phong-thiet-ke-ui-ux-ui-ux-head/1547443.html","Thứ 2 - Thứ 6 (từ 08:30 đến 18:00)
Thứ 7 (từ 08:30 đến 12:00)"
1,"Application & Integration Specialist","CÔNG TY CỔ PHẦN TRƯỜNG TIỂU HỌC – TRUNG HỌC CƠ SỞ - TRUNG HỌC PHỔ THÔNG QUỐC TẾ CANADA","- Hồ Chí Minh: Phường Tân Mỹ (Quận 7 cũ)","https://www.topcv.vn/viec-lam/application-integration-specialist/2136752.html","Thứ 2 - Thứ 6 (từ 08:00 đến 17:00)
Thứ 7 làm việc linh hoạt vào buổi sáng (8:00 - 12:00)"
1,"Giám Đốc Công Nghệ - Nền Tảng Odoo18","CÔNG TY CỔ PHẦN TẬP ĐOÀN ĐỨC TÍN TOÀN CẦU","- Hà Nội: Phố Phúc Minh, Phường Phú Diễn (quận Bắc Từ Liêm, quận Cầu Giấy cũ)","https://www.topcv.vn/viec-lam/giam-doc-cong-nghe-nen-tang-odoo18/1958226.html","Thứ 2 - Thứ 6 (từ 08:00 đến 17:00)
1/2 thứ 7 trong tháng"
1,"Chuyên Viên Thiết Kế/Design Marketing","Công ty Cổ Phần Evergreen Đầu Tư","- Hưng Yên: KĐT Ecopark, Xã Phụng Công (huyện Văn Giang cũ)","https://www.topcv.vn/viec-lam/chuyen-vien-thiet-ke-design-marketing/1880789.html","Thứ 2 - Thứ 6 (từ 09:00 đến 18:00)
Sáng thứ 7 hàng tuần làm online"
1,"Thiết Kế Đồ Họa PK Thẩm Mỹ Da Công Nghệ Cao","CÔNG TY TNHH VIỆN THẨM MỸ QUỐC TẾ V-MEDICAL","- Hà Nội: 64 Lê Văn Hưu, Phường Cửa Nam (quận Hoàn Kiếm cũ)","https://www.topcv.vn/viec-lam/thiet-ke-do-hoa-pk-tham-my-da-cong-nghe-cao/2146411.html","Thứ 2 - Thứ 6 (từ 08:30 đến 17:30)
Tháng nghỉ 02 ngày thứ 7."
1,"Kế Toán Bán Hàng","CÔNG TY TNHH SẢN XUẤT VÀ THƯƠNG MẠI DƯƠNG HÒA","- Hà Nội: 524 Minh Khai, Phường Vĩnh Tuy (quận Hai Bà Trưng, quận Hoàng Mai cũ)","https://www.topcv.vn/viec-lam/ke-toan-ban-hang/2125757.html","Thứ 2 - Thứ 7 (từ 08:00 đến 12:00)
Thứ 2 - Thứ 7 (từ 13:30 đến 17:30)"
1,"Nhân Viên Hỗ Trợ Ứng Dụng (Tester)","CÔNG TY CỔ PHẦN LIÊN KẾT QUỐC TẾ INKINDY","- Đồng Nai: 27 Cách Mạng Tháng Tám, Phường Long Khánh (Thành phố Long Khánh cũ)","https://www.topcv.vn/viec-lam/nhan-vien-ho-tro-ung-dung-tester/1976769.html","Thứ 2 - Thứ 6 (từ 08:00 đến 17:00)
Thứ 7 (từ 08:00 đến 12:00)"
1,"Nhân Viên Vẽ Lập Trình CNC","Công ty CP KHKT Phượng Hải","- Hồ Chí Minh: 23/5 Đặng Thị Tám, Ấp Đông Lân 1, Xã Bà Điểm, Hóc Môn, Xã Hóc Môn (huyện Hóc Môn cũ)","https://www.topcv.vn/viec-lam/nhan-vien-ve-lap-trinh-cnc/1876424.html","Thứ 2 - Thứ 7 (từ 08:00 đến 17:00)"
1,"Nhân Viên Thiết Kế Đồ Họa - Graphic Designer","CÔNG TY CỔ PHẦN ĐẦU TƯ VÀ CÔNG NGHỆ Y TẾ HÀ NỘI","- Hà Nội: 76-78 Khâm Thiên, Phường Văn Miếu - Quốc Tử Giám (quận Đống Đa cũ)","https://www.topcv.vn/viec-lam/nhan-vien-thiet-ke-do-hoa-graphic-designer/2075169.html","Thứ 2 - Thứ 6 (từ 08:00 đến 17:00)
Thứ 2 - Thứ 7 (từ 08:00 đến 12:00)"
1,"Data Platform Engineer (Junior)","Công Ty Truyền Thông Và Công Nghệ ICOMM Việt Nam","- Hà Nội: Tầng 24, Tòa VIWASEEN, 48 Tố Hữu, Đại Mỗ, Phường Đại Mỗ (quận Nam Từ Liêm cũ)","https://www.topcv.vn/viec-lam/data-platform-engineer-junior/2152218.html","Từ thứ 2 đến thứ 6: 08h15 - 17h15; Thứ 7: 9h00 - 12h00. Nghỉ trưa 60 phút (12h00 - 13h00). Nghỉ cố định 1 thứ Bảy ở tuần thứ hai trong tháng."
1,"UX/UI Designer","Công Ty Cổ Phần OWS Việt Nam","- Hà Nội: 14 Nguyễn Cảnh Dị, KĐT mới Đại Kim, Phường Định Công (quận Hoàng Mai cũ)","https://www.topcv.vn/viec-lam/ux-ui-designer/773125.html","Thứ 2 - Thứ 6 (từ 08:30 đến 18:00)
Thứ 7 linh động"
1,"Cộng Tác Viên Xử Lý Dữ Liệu AI","CÔNG TY CỔ PHẦN CÔNG NGHỆ VÀ THƯƠNG MẠI TEKTRA","- Hà Nội: Số 2 Tôn thất Thuyết, Phường Cầu Giấy (quận Cầu Giấy cũ)","https://www.topcv.vn/viec-lam/cong-tac-vien-xu-ly-du-lieu-ai/2136087.html","Thứ 2 - Thứ 6 (từ 08:15 đến 17:30)
Thứ 2 đến Thứ 6 và 2 Thứ 7 cách tuần từ 8h15 đến 17h30, nghỉ trưa 1h15"
1,"Nhân Viên Designer","Công ty TNHH Công Nghệ NETA Việt Nam","- Hà Nội: Tòa nhà Nam Anh số 68/116 Nhân Hoà, Nhân Chính, Thanh Xuân, Phường Thanh Xuân (quận Thanh Xuân cũ)","https://www.topcv.vn/viec-lam/nhan-vien-designer/2148929.html","Thứ 2 - Thứ 7 (từ 08:30 đến 17:30)
Nghỉ thứ 7 cách tuần"
1,"Nhân Viên Tư Vấn Website - Phần Mềm","CÔNG TY TNHH CÔNG NGHỆ PHẦN MỀM NASANI","- Hồ Chí Minh: Lầu 1, Tòa nhà Saigon ICT, Lô 46 Công viên phần mềm Quang Trung, Phường Trung Mỹ Tây (Quận 12 cũ)","https://www.topcv.vn/viec-lam/nhan-vien-tu-van-website-phan-mem/1942690.html","Thứ 2 - Thứ 6: 8h - 17h
Thứ 7: 8h - 12h"
1,"Nhân Viên Kinh Doanh","CÔNG TY TNHH CÔNG NGHỆ PHẦN MỀM NASANI","- Hồ Chí Minh: Lầu 1, Tòa nhà Saigon ICT Lô 46, Công viên phần mềm Quang Trung, Phường Trung Mỹ Tây (Quận 12 cũ)","https://www.topcv.vn/viec-lam/nhan-vien-kinh-doanh/2130048.html","Thứ 2 - Thứ 6 (từ 08:00 đến 17:00)
Thứ 7 (từ 08:00 đến 12:00)"
1,"Content Executive (Full-Stack)","Công ty Cổ phần Truyền Thông Tập Trung Mặt Trời Vàng","- Hồ Chí Minh: tòa nhà Riverfront Financial Centre, đường Tôn Đức Thắng, Phường Sài Gòn (Quận 1 cũ)","https://www.topcv.vn/viec-lam/content-executive-full-stack/2020005.html","Thứ 2 - Thứ 7 (từ 09:00 đến 18:00)
Thứ 7 làm việc hai buổi sáng cách tuần"
1,"Kỹ Sư Bảo Hành Sửa Chữa","CÔNG TY CỔ PHẦN CÔNG NGHỆ GIẢI PHÁP THI THIÊN","- Hồ Chí Minh: số 47 Hồ Bá Kiện, Phường Hòa Hưng (Quận 10 cũ)","https://www.topcv.vn/viec-lam/ky-su-bao-hanh-sua-chua/1941380.html","Thứ 2 - Thứ 6 (từ 08:00 đến 17:00)
Thứ 7 (từ 08:00 đến 12:00)"
1,"Chuyên Viên Phát Triển Sản Phẩm Ứng Dụng","CÔNG TY CỔ PHẦN POWER MEMBERSHIP CARD","- Hà Nội: Tòa AB - Imperia Garden, 143 Nguyễn Tuân, Thanh Xuân, Phường Thanh Xuân (quận Thanh Xuân cũ)","https://www.topcv.vn/viec-lam/chuyen-vien-phat-trien-san-pham-ung-dung/2119672.html","Thứ 2 - Thứ 7 (từ 08:30 đến 18:00)
Thứ Hai đến sáng Thứ Bảy (hoặc full 2 thứ 7 trong tháng)"
1,"Nhân Viên Kinh Doanh Bán Lẻ Linh Kiện CNTT","CÔNG TY CỔ PHẦN VDO","- Hồ Chí Minh: 155 Võ Văn Tần, Phường Xuân Hòa (Quận 3 cũ)","https://www.topcv.vn/viec-lam/nhan-vien-kinh-doanh-ban-le-linh-kien-cntt/1878539.html","Thứ 2 - Thứ 6 (từ 08:00 đến 17:30)
Thứ 7 làm việc cách tuần"
1,"Chuyên Viên ERP","CÔNG TY TNHH SẢN XUẤT ĐỒ GIA DỤNG SUNHOUSE","- Hà Nội: Km21 Đại lộ Thăng Long, Ngọc Liệp, Kiều Phú, Xã Kiều Phú (huyện Quốc Oai cũ)","https://www.topcv.vn/viec-lam/chuyen-vien-erp/2000521.html","Thứ 2 - Thứ 6 (từ 08:00 đến 17:00)
Thứ 7:  8h-12h"
1,"Lập Trình Viên CNC","Công Ty TNHH Sản Xuất Thương Mại Quốc Tế SHENGLI VN","- Bắc Ninh: Khu công nghiệp Đình Trám, Phường Nếnh (Thị xã Việt Yên cũ)","https://www.topcv.vn/viec-lam/lap-trinh-vien-cnc/2121353.html","Thứ 2 - Thứ 7 (từ 08:00 đến 17:00)"
1,"UI/UX Designer Intern","CÔNG TY TNHH CÔNG NGHỆ NHẬN THỨC MÁY HORUS AI","- Hà Nội: VOV Mễ Trì, Phường Đại Mỗ (quận Nam Từ Liêm cũ)","https://www.topcv.vn/viec-lam/ui-ux-designer-intern/2133291.html","Thứ 2 - Thứ 7 (từ 08:00 đến 17:30)
Nghỉ trưa 1h30’"
1,"Nhân Viên Thiết Kế Jacquard","CÔNG TY CỔ PHẦN SẢN XUẤT VÀ ĐẦU TƯ TRUNG DŨNG","- Hưng Yên: Lô L6 KCN dệt may Phố Nối B, Đường Hào, Phường Mỹ Hào (Thị xã Mỹ Hào cũ)","https://www.topcv.vn/viec-lam/nhan-vien-thiet-ke-jacquard/2113035.html","Thứ 2 - Thứ 7 (từ 07:30 đến 16:30)
Thứ 2 - Thứ 7 (từ 07:30 đến 16:30), Nghỉ trưa 1 tiếng"
1,"Nhân Viên Kinh Doanh Phần Mềm","CÔNG TY CỔ PHẦN LIFETEX","- Hà Nội: 15 Tố Hữu, Phường Thanh Xuân (quận Thanh Xuân cũ)","https://www.topcv.vn/viec-lam/nhan-vien-kinh-doanh-phan-mem/1605202.html","Thứ 2 - Thứ 6 (từ 08:00 đến 17:00)
Thứ 7 (từ 08:00 đến 12:00)"
1,"Nhân Viên Hỗ Trợ Và Vận Hành Hệ Thống Giáo Dục","Công ty Cổ phần Giáo dục IDEAS","- Hà Nội: Tòa B, IA20, Khu đô thị Ciputra, Phú Thượng, Hà Nội, Việt Nam, Phường Phú Thượng (quận Tây Hồ cũ)","https://www.topcv.vn/viec-lam/nhan-vien-ho-tro-va-van-hanh-he-thong-giao-duc/2150757.html","Thứ 2 - Thứ 7 (từ 08:00 đến 17:30)
- 8h00 – 17h30, từ thứ T2-T7 và nghỉ thứ 7 cách tuần.
- Nghỉ trưa 1,5h."
1,"Nhân Viên Data Analyst (Thu Nhập 8 - 12tr)","CÔNG TY TNHH MINH HẠNH PHÚ THỌ","- Hà Nội: SH02-24, Phường Việt Hưng (quận Long Biên cũ)","https://www.topcv.vn/viec-lam/nhan-vien-data-analyst-thu-nhap-8-12tr/2138946.html","Thứ 2 - Thứ 6 (từ 08:30 đến 17:00)
Thứ 7 (từ 08:30 đến 11:30)
Không cố định tùy theo thời gian có thể làm việc"
1,"Chuyên Viên Thiết Kế Đồ Hoạ","CÔNG TY CỔ PHẦN NHÀ PHƯƠNG NAM VIỆT NAM","- Hà Nội: Phường Yên Hòa (quận Cầu Giấy cũ)","https://www.topcv.vn/viec-lam/chuyen-vien-thiet-ke-do-hoa/1930732.html","Thời gian làm việc: 08g30 - 17g30 thứ Hai đến thứ Sáu, 08g30 - 12g00 thứ Bảy"
1,"Nhân Viên Thiết Kế Đồ Họa","Công Ty TNHH Thương Mại Và Dịch Vụ Pondo Việt Nam","- Hà Nội: M3-M4 sảnh B, 91 Nguyễn Chí Thanh, Giảng Võ, Phường Giảng Võ (quận Ba Đình cũ)","https://www.topcv.vn/viec-lam/nhan-vien-thiet-ke-do-hoa/1680983.html","Thứ 2 - Thứ 6 (từ 08:30 đến 18:00)
Thứ 7 (từ 08:30 đến 12:00)"
1,"Trưởng Phòng Dự Án (Vận Hành Web/App)","CÔNG TY TNHH WORLD WAVE CULTURE TECHNOLOGY","- Hồ Chí Minh: Tòa nhà COBI TOWER 1, Số 69 Hoàng Văn Thái, Phường Tân Mỹ (Quận 7 cũ)","https://www.topcv.vn/viec-lam/truong-phong-du-an-van-hanh-web-app/2128758.html","Thứ 2 - Thứ 7 (từ 09:00 đến 17:30)"
1,"Chuyên Viên Quản Lý Dữ Liệu Và Hệ Thống (ERP & DATA)","CÔNG TY CỔ PHẦN SẢN XUẤT VÀ ĐẦU TƯ HOÀNG GIA","- Hồ Chí Minh: 718 - 720 Nguyễn Thị Định, Phường Cát Lái (Thành phố Thủ Đức cũ)","https://www.topcv.vn/viec-lam/chuyen-vien-quan-ly-du-lieu-va-he-thong-erp-data/2090324.html","Thứ 2 - Thứ 7 (từ 08:00 đến 17:00)
Nghỉ trưa từ 12h00 đến 13h00"
1,"Nhân Viên Bán Hàng /Tư Vấn Phần Mềm Odoo ERP","Công ty Cổ phần Giải pháp phần mềm trực tuyến Việt Nam","- Hải Phòng: HD38 Vinhome Marina, Phường An Biên (quận Lê Chân cũ)","https://www.topcv.vn/viec-lam/nhan-vien-ban-hang-tu-van-phan-mem-odoo-erp/2048616.html","Thời gian làm việc: Thứ 2 – Thứ 6 (7h30 – 17h), Thứ 7 (nửa ngày)."
1,"Nhân Viên Kĩ Thuật Bảo Hành Máy Tính","CÔNG TY TNHH KỸ NGHỆ PHÚC ANH","- Hà Nội: 134 Thái Hà, Phường Ô Chợ Dừa (quận Đống Đa cũ)","https://www.topcv.vn/viec-lam/nhan-vien-ki-thuat-bao-hanh-may-tinh/1233907.html","Thứ 2 - Thứ 7 (từ 08:00 đến 17:15)
Nghỉ 2 thứ 7/tháng"
1,"Nhân Viên Thiết Kế Đồ Họa","Công ty Cổ phần Truyền Thông và Sự kiện Hội nghị Thông minh 911","- Hà Nội: Phường Hoàng Mai (quận Hoàng Mai cũ)","https://www.topcv.vn/viec-lam/nhan-vien-thiet-ke-do-hoa/1606571.html","Thứ 2 - Thứ 7 (từ 08:30 đến 17:30)"
1,"Nhân Viên Dịch Vụ Quản Trị Và Vận Hành Hệ Thống","CÔNG TY CỔ PHẦN DƯỢC PHẨM FPT LONG CHÂU","- Hồ Chí Minh: Tòa nhà 678, 67 Hoàng Văn Thái, Phường Tân Mỹ (Quận 7 cũ)","https://www.topcv.vn/viec-lam/nhan-vien-dich-vu-quan-tri-va-van-hanh-he-thong/1768102.html","Thứ 2 - Thứ 6 (từ 08:30 đến 18:00)
Thứ 7 (từ 08:30 đến 12:00)"
1,"Java Developer ( Junior) - Mức Lương 24 Triệu Trở Lên + Thưởng Hiệu Quả Công Việc - Doanh Thu - Dự Án","Công ty TNHH Đầu tư và Phát triển Công nghệ Đức Việt","- Hà Nội: Số 08-TT04, KĐT Mỹ Đình 2, ngõ 2 đường Hàm Nghi, Phường Từ Liêm (quận Nam Từ Liêm cũ)","https://www.topcv.vn/viec-lam/java-developer-junior-muc-luong-24-trieu-tro-len-thuong-hieu-qua-cong-viec-doanh-thu-du-an/2152754.html","Thứ 2 - Thứ 6 (từ 08:00 đến 17:30)
Thứ 7 (từ 08:00 đến 12:00)"
1,"Nhân Viên Quản Trị Nội Dung Website",CELLPHONES,"- Hồ Chí Minh: Phường Cầu Ông Lãnh (Quận 1 cũ)","https://www.topcv.vn/viec-lam/nhan-vien-quan-tri-noi-dung-website/1581442.html","Thứ 2 - Thứ 6 (từ 08:30 đến 17:30)
Thứ 7: Làm việc Online"
1,"Kỹ Thuật Điện Tự Động Hóa - Nhận Việc Ngay!!!","Công ty TNHH Xây dựng môi trường Hi-Tech","- Đà Nẵng: Lô 41 B2.33 Hằng Phương Nữ Sĩ, Phường Ngũ Hành Sơn (quận Ngũ Hành Sơn cũ)","https://www.topcv.vn/viec-lam/ky-thuat-dien-tu-dong-hoa-nhan-viec-ngay/2147584.html","Thứ 2 - Thứ 6 (từ 08:00 đến 17:30)
Thứ 7 (từ 08:00 đến 12:00)
8h/ngày, 6 ngày/tuần"
1,"Trưởng Phòng Kỹ Thuật","Công ty TNHH TM & DV Tri Linh","- Hồ Chí Minh: 438 Điện Biên Phủ, phường 11, quận 10, Phường Vườn Lài (Quận 10 cũ)","https://www.topcv.vn/viec-lam/truong-phong-ky-thuat/2078633.html","Thứ 2 - Thứ 7 (từ 08:00 đến 17:00)
T2-T6: 08:00 - 17:00
Sáng T7: 08:00 - 12:00"
1,"AI Automation & Chatbot Specialist","Công ty cổ phần Công nghệ Sapo","- Hà Nội: Tòa Ladeco, 266 Đội Cấn, Phường Ngọc Hà (quận Ba Đình cũ)","https://www.topcv.vn/brand/sapovn/tuyen-dung/ai-automation-chatbot-specialist-j2121690.html","[""Thứ 2 - Thứ 6 (từ 08:00 đến 17:30)\nThứ 7 (từ 08:00 đến 12:00)\nNghỉ trưa 1h30'""]"
1,"IT Infrastructure ( Mạng, Phần Cứng, Hạ Tầng)","CÔNG TY CỔ PHẦN GIẤY CP","- Hồ Chí Minh: Lô số C8, C9, C10-1 đường N5B KCN Lê Minh Xuân 3, Xã Lê Minh Xuân - Bình Chánh, Xã Bình Lợi (huyện Bình Chánh cũ)","https://www.topcv.vn/viec-lam/it-infrastructure-mang-phan-cung-ha-tang/2133861.html","Thứ 2 - Thứ 7 (từ 08:00 đến 17:00)"
1,"IT Infrastructure ( Mạng, Phần Cứng, Hạ Tầng)","CÔNG TY CỔ PHẦN GIẤY CP","- Hồ Chí Minh: Phú Mỹ Hưng Tower 101 Tôn Dật Tiên, Phường Tân Mỹ (Quận 7 cũ)","https://www.topcv.vn/viec-lam/it-infrastructure-mang-phan-cung-ha-tang/2133861.html","Thứ 2 - Thứ 7 (từ 08:00 đến 17:00)"
1,"Thiết Kế Đồ Họa","CÔNG TY TNHH DƯỢC PHẨM TÂM SÁNG","- Hà Nội: Số 18 Gamuda City Lepar, Phường Hoàng Mai (quận Hoàng Mai cũ)","https://www.topcv.vn/viec-lam/thiet-ke-do-hoa/2141444.html","Thứ 2 - Thứ 6 (từ 08:00 đến 17:00)
Từ thứ 2 đến sáng thứ 7"
1,"Nhân Viên Kinh Doanh Phần Mềm B2C - B2B","CÔNG TY CỔ PHẦN CÔNG NGHỆ VÀ TRUYỀN THÔNG NIỀM TIN","- Hà Nội: Số 30, Ngõ 88 Trung Kính, Phường Yên Hòa, Phường Cầu Giấy (quận Cầu Giấy cũ)","https://www.topcv.vn/viec-lam/nhan-vien-kinh-doanh-phan-mem-b2c-b2b/1939080.html","Thứ 2 - Thứ 6 (từ 08:00 đến 17:30)
Thời gian làm việc: Từ T2 – T6 (8h – 12h, 13h30 - 17h30), thứ 7 làm việc so le."
1,"Nhân Viên Thiết Kế (Graphic Designers)","CÔNG TY TNHH TOMAX HOLDING","- Hồ Chí Minh: 02 Thi Sách, Phường Sài Gòn (Quận 1 cũ)","https://www.topcv.vn/viec-lam/nhan-vien-thiet-ke-graphic-designers/2077358.html","Thứ 2 - Thứ 6 (từ 08:00 đến 12:00)
Thứ 2 - Thứ 6 (từ 13:00 đến 17:00)
Thứ 7 (từ 09:00 đến 13:00)
Thứ 7 linh động tại nhà"
1,"Nhân Viên Kinh Doanh","CÔNG TY TNHH GIẢI PHÁP VÀ DỊCH VỤ PHẦN MỀM SUPERB AI","- Hà Nội: Số 2/2, ngõ 180 Hoàng Quốc Việt, Phường Nghĩa Đô (quận Bắc Từ Liêm, quận Cầu Giấy cũ)","https://www.topcv.vn/viec-lam/nhan-vien-kinh-doanh/2138386.html","Thứ 2 - Thứ 6 (từ 08:00 đến 17:30)
Thứ 2 - Thứ 6 (từ 08:00 đến 17:30), Nghỉ trưa 12h00 đến 13h30
Thứ 7 (từ 08:00 đến 12:00)
Nghỉ phép 1,5 ngày + 1 ngày WFH/tháng"
1,"Nhân Viên Media","CÔNG TY TNHH NEUROTECH VIỆT NAM","- Hồ Chí Minh: 132-134 đường Yersin, Phường Bến Thành (Quận 1 cũ)","https://www.topcv.vn/viec-lam/nhan-vien-media/2130529.html","Thứ 2 - Thứ 7 (từ 08:00 đến 17:00)"
1,"Chuyên Viên Thiết Kế/Graphic Designer -  LCB 15-20 Triệu+Pc","CÔNG TY CP THƯƠNG MẠI VÀ XUẤT NHẬP KHẨU VITACARE","- Hà Nội: Toà nhà Tây Hà, 19 Tố Hữu, Trung Văn, Nam Từ Liêm, Phường Từ Liêm (quận Nam Từ Liêm cũ)","https://www.topcv.vn/viec-lam/chuyen-vien-thiet-ke-graphic-designer-lcb-15-20-trieu-pc/2126436.html","Thứ 2 - Thứ 7 (từ 08:00 đến 17:30)"
1,"Nhân Viên Kinh Doanh Giải Pháp Cloud & Workspace","Công ty Cổ phần Giải pháp phần mềm trực tuyến Việt Nam","- Hải Phòng: HD38 Vinhome Marina, Phường An Biên (quận Lê Chân cũ)","https://www.topcv.vn/viec-lam/nhan-vien-kinh-doanh-giai-phap-cloud-workspace/2048521.html","Thời gian làm việc: Thứ 2 – Thứ 6 (7h30 – 17h), Thứ 7 (nửa ngày)."
1,"Blockchain Developer","CÔNG TY TNHH TẬP ĐOÀN CÔNG NGHỆ WIKEX EXCHANGE","- Hồ Chí Minh: 8e đường số 14 kdc cityland park hills, Phường Gò Vấp (quận Gò Vấp cũ)","https://www.topcv.vn/viec-lam/blockchain-developer/1917137.html","Thứ 2 - Thứ 7 (từ 09:00 đến 18:00)
Nhưng chỉ làm có 2 ngày thứ Bảy trong một tháng"
1,"QA 2026 (Manual)","CÔNG TY CỔ PHẦN TRUYỀN THÔNG VĂN HOÁ VIỆT","- Hà Nội: Phường Nghĩa Đô (quận Bắc Từ Liêm, quận Cầu Giấy cũ)","https://www.topcv.vn/viec-lam/qa-2026-manual/2122417.html","Thứ 2 - Thứ 7 (từ 08:00 đến 17:30)
Nghỉ thứ 7 cách tuần"
1,"Designer - Thiết Kế Đồ Họa","CÔNG TY CỔ PHẦN XUẤT NHẬP KHẨU VÀ PHÂN PHỐI SẢN PHẨM Y DƯỢC VHN","- Hà Nội: tầng 8, 14 Láng Hạ, Phường Giảng Võ (quận Ba Đình cũ)","https://www.topcv.vn/viec-lam/designer-thiet-ke-do-hoa/1577834.html","Thứ 2 - Thứ 7 (từ 08:00 đến 17:00)"
1,"Nhân Viên Thiết Kế","CÔNG TY CỔ PHẦN SẢN XUẤT VÀ ĐẦU TƯ TRUNG DŨNG","- Hà Nội: Xóm Án, Thôn Triều Khúc, Phường Thanh Liệt (huyện Thanh Trì cũ)","https://www.topcv.vn/viec-lam/nhan-vien-thiet-ke/1676520.html","Thứ 2 - Thứ 7 (từ 08:00 đến 17:00)"
1,"Trưởng Phòng IT Senior Backend - Đi Làm Ngay - Thu Nhập Từ 30 - 60 Triệu / Tháng","Công ty CP XNK Tiên Phong VN","- Hà Nội: 39 Galaxy 5, 69 Tố  Hữu, Phường Hà Đông (quận Hà Đông cũ)","https://www.topcv.vn/viec-lam/truong-phong-it-senior-backend-di-lam-ngay-thu-nhap-tu-30-60-trieu-thang/2037585.html","Thứ 2 - Thứ 6 (từ 08:00 đến 17:29)
Thứ 7 (từ 08:00 đến 12:00)"
1,"Thực Tập Sinh Kinh Doanh","Công Ty Cổ Phần Hosco Việt Nam","- Hà Nội: 73 Cầu Diễn, Phường Xuân Phương (quận Nam Từ Liêm cũ)","https://www.topcv.vn/viec-lam/thuc-tap-sinh-kinh-doanh/1210494.html","Thứ 2 đến hét sáng thứ 7, 8h-17h30, nghỉ trưa 12h-13h30"
1,"Thực Tập Sinh Kinh Doanh","Công Ty Cổ Phần Hosco Việt Nam","- Hồ Chí Minh: 57 Bàu Cát 6, Phường Tân Bình (quận Tân Bình cũ)","https://www.topcv.vn/viec-lam/thuc-tap-sinh-kinh-doanh/1210494.html","Thứ 2 đến hét sáng thứ 7, 8h-17h30, nghỉ trưa 12h-13h30"
1,"Nhân Viên IT Helpdesk","BỆNH VIỆN ĐA KHOA PHƯƠNG ĐÔNG - CHI NHÁNH CÔNG TY TNHH TỔ HỢP Y TẾ PHƯƠNG ĐÔNG","- Hà Nội: Bệnh viện đa khoa Phương Đông, Số 9, Phố Viê, Phường Đông Ngạc (quận Bắc Từ Liêm cũ)","https://www.topcv.vn/viec-lam/nhan-vien-it-helpdesk/2079483.html","Thứ 2 - Thứ 6 (từ 08:00 đến 17:30)
Thứ 7 (từ 08:00 đến 12:00)"
1,"Senior JAVA Developer (5 Năm Kinh Nghiệm)","CÔNG TY CỔ PHẦN BUCA","- Hà Nội: Tầng 4, tòa nhà Đa năng Hoa Anh Đào, ngõ 33 Lưu Hữu Phước, Từ Liêm, Phường Từ Liêm (quận Nam Từ Liêm cũ)","https://www.topcv.vn/viec-lam/senior-java-developer-5-nam-kinh-nghiem/1823095.html","Thứ 2 - Thứ 6 (từ 08:30 đến 17:30)
Thứ 7 (từ 08:30 đến 17:30)"
1,"Chuyên Viên Thiết Kế Đồ Họa Kiêm Video Editor","CÔNG TY CỔ PHẦN ĐẦU TƯ FIREANT","- Hà Nội: Tầng 6, tòa nhà ADG, số 37 Lê Văn Thiêm, Phường Thanh Xuân (quận Thanh Xuân cũ)","https://www.topcv.vn/viec-lam/chuyen-vien-thiet-ke-do-hoa-kiem-video-editor/2135352.html","Từ thứ Hai – thứ Sáu và hai buổi sáng thứ Bảy trong tháng."
1,"Mobile App - Video Editor","Braly JSC","- Hà Nội: 99 Trần Bình, Phường Từ Liêm (quận Nam Từ Liêm cũ)","https://www.topcv.vn/viec-lam/mobile-app-video-editor/2136338.html","Thứ 2 - Thứ 6 (từ 08:30 đến 18:00)
Thứ 7 (từ 08:30 đến 12:00)
- 2 buổi sáng Thứ 7/tháng: 8h30 - 12h00"
1,"Nhân Viên Triển Khai, Phát Triển Phần Mềm","CÔNG TY TNHH CÔNG NGHỆ PHẦN MỀM NASANI","- Hồ Chí Minh: Lô 46 Công viên phần mềm Quang Trung, Phường Trung Mỹ Tây (Quận 12 cũ)","https://www.topcv.vn/viec-lam/nhan-vien-trien-khai-phat-trien-phan-mem/2144053.html","Thứ 2 - Thứ 6 (từ 08:00 đến 17:00)
Thứ 7 (từ 08:00 đến 12:00)"
1,"UI/UX Designer","Công ty TMDV I-web","- Hồ Chí Minh: 17 Đường số 2, KDC Cityland Park Hills, Phường Gò Vấp (quận Gò Vấp cũ)","https://www.topcv.vn/viec-lam/ui-ux-designer/2124955.html","Thứ 2 - Thứ 6 (từ 08:00 đến 17:00)
Thứ 7 (từ 08:00 đến 12:00)
Thời gian nghỉ trưa 1h30 phút"
1,"3D Artist","CÔNG TY TNHH LEVER SPHERE VIỆT NAM","- Hà Nội: Tập đoàn SHG, số 8 đường Quang Trung, Phường Hà Đông (quận Hà Đông cũ)","https://www.topcv.vn/viec-lam/3d-artist/2137610.html","Thứ 2 - Thứ 7 (từ 08:30 đến 18:00)
Làm thứ 7 cách tuần
Nghỉ trưa từ 12h - 13h30"
1,"Nhân Viên Thiết Kế","CÔNG TY TNHH TITO","- Hồ Chí Minh: 43 Đình Tân Khai, Phường Bình Trị Đông (quận Bình Tân cũ)","https://www.topcv.vn/viec-lam/nhan-vien-thiet-ke/1427553.html","Thứ 2 - Thứ 6 (từ 08:00 đến 17:00)
Thứ 7 (từ 08:00 đến 16:00)"
1,"Trưởng Phòng Hỗ Trợ Kinh Doanh","CÔNG TY CỔ PHẦN ĐẦU TƯ CÔNG NGHỆ HOÀNG HUY","- Hồ Chí Minh: Phường Gò Vấp (quận Gò Vấp cũ)","https://www.topcv.vn/viec-lam/truong-phong-ho-tro-kinh-doanh/2130850.html","Thứ 2 - Thứ 7 (từ 08:00 đến 17:30)"
1,"Trưởng Phòng Hỗ Trợ Kinh Doanh","CÔNG TY CỔ PHẦN ĐẦU TƯ CÔNG NGHỆ HOÀNG HUY","- Hà Nội: Linh Đàm, Phường Hoàng Liệt (quận Hoàng Mai, huyện Thanh Trì cũ)","https://www.topcv.vn/viec-lam/truong-phong-ho-tro-kinh-doanh/2130850.html","Thứ 2 - Thứ 7 (từ 08:00 đến 17:30)"
1,"Nhân Viên Backend","CÔNG TY TNHH STVG","- Hồ Chí Minh: 11 Đường 3, KDC Vạn Phúc, Phường Hiệp Bình (Thành phố Thủ Đức cũ)","https://www.topcv.vn/viec-lam/nhan-vien-backend/1628430.html","Thứ 2 - Thứ 6 (từ 08:00 đến 17:00)
Thứ 7 (từ 08:00 đến 12:00)"
1,"Nhân Viên IT - Nhận Việc Ngay","Công ty TNHH Công Nghệ Nano Hợp Nhất APA","- Hồ Chí Minh: 87 Đào Duy Anh, Phường Đức Nhuận (quận Phú Nhuận cũ)","https://www.topcv.vn/viec-lam/nhan-vien-it-nhan-viec-ngay/2145463.html","Thứ 2 - Thứ 7 (từ 08:00 đến 17:00)
Thời gian làm việc từ Thứ 2 - Thứ 7 (Nhân viên chính thức được nghỉ 2 ngày Thứ 7/tháng)"
1,"Chuyên Viên Thiết Kế Web (Figma) - Đi Làm Ngay","Công ty Cổ phần Giải pháp phần mềm trực tuyến Việt Nam","- Hải Phòng: Phường Lê Chân (quận Lê Chân cũ)","https://www.topcv.vn/viec-lam/chuyen-vien-thiet-ke-web-figma-di-lam-ngay/1765957.html","Thứ 2 - Thứ 6 (từ 07:30 đến 17:00)
Thứ 7 (từ 07:30 đến 11:30)"
1,"Nhân Viên Kinh Doanh Phần Mềm","Công Ty Cổ Phần Hosco Việt Nam","- Hà Nội: 73 Cầu Diễn, Phường Xuân Phương (quận Nam Từ Liêm cũ)","https://www.topcv.vn/viec-lam/nhan-vien-kinh-doanh-phan-mem/1159711.html","Từ thứ 2 đến hết sáng thứ 7, 8h-17h30, nghỉ trưa 12h-13h30"
1,"Nhân Viên Kinh Doanh Phần Mềm","Công Ty Cổ Phần Hosco Việt Nam","- Hồ Chí Minh: 57 Bàu Cát 6, Phường Tân Bình (quận Tân Bình cũ)","https://www.topcv.vn/viec-lam/nhan-vien-kinh-doanh-phan-mem/1159711.html","Từ thứ 2 đến hết sáng thứ 7, 8h-17h30, nghỉ trưa 12h-13h30"
1,"Graphic Designer Intern","Công ty Cổ phần Truyền thông SEFA Media","- Hà Nội: Số 23/28 Nguyên Hồng, Phường Láng (quận Đống Đa cũ)","https://www.topcv.vn/viec-lam/graphic-designer-intern/2032906.html","Thứ 2 - Thứ 7 ()
Thứ 2 – Thứ 7 (nghỉ trưa 1h30’)"
1,"Kỹ Thuật Viên IT Biết Tiếng Trung","CÔNG TY TNHH KỸ THUẬT THÔNG TIN JUNIWER VIỆT NAM","- Hà Nội: Phường Cầu Giấy (quận Cầu Giấy cũ)","https://www.topcv.vn/viec-lam/ky-thuat-vien-it-biet-tieng-trung/2039550.html","Thứ 2 - Thứ 6 (từ 08:30 đến 17:30)
Thứ 7 làm việc cách tuần"
1,"Nhân Viên Thiết Kế","CÔNG TY CỔ PHẦN IN ẤN VÀ QUẢNG CÁO CẦU VỒNG","- Hà Nội: Số 540 đường Thanh Niên, Đại Lộ, Xã Hồng Vân (huyện Thường Tín cũ)","https://www.topcv.vn/viec-lam/nhan-vien-thiet-ke/2083787.html","Thứ 2 - Thứ 7 (từ 08:00 đến 17:30)"
1,"Chuyên Viên Kinh Doanh (UAV)","CÔNG TY CỔ PHẦN QUẢN LÝ CT","- Hồ Chí Minh: 20 Trương Định, Phường Xuân Hòa (Quận 3 cũ)","https://www.topcv.vn/viec-lam/chuyen-vien-kinh-doanh-uav/2122323.html","Thứ 2 - Thứ 6 (từ 08:00 đến 17:30)
Thứ 7 (từ 08:00 đến 12:00)"
1,"3D Artist","CÔNG TY TNHH THƯƠNG MẠI VÀ TRUYỀN THÔNG QUẢNG CÁO GOLDEN PHOENIX","- Hà Nội: Số 8, Toà SHG, Quang Trung, Hà Đông, Phường Hà Đông (quận Hà Đông cũ)","https://www.topcv.vn/viec-lam/3d-artist/2139327.html","Thứ 2 - Thứ 6 (từ 08:30 đến 18:00)
2 ngày thứ 7 cách tuần
Nghỉ trưa 12h - 13h30"
1,"AI Manager - National Digital Twin 15","CÔNG TY CỔ PHẦN QUẢN LÝ CT","- Hồ Chí Minh: 20 Trương Định, Phường Xuân Hòa (Quận 3 cũ)","https://www.topcv.vn/viec-lam/ai-manager-national-digital-twin-15/2122012.html","Thứ 2 - Thứ 6 (từ 08:00 đến 17:30)
Thứ 7 (từ 08:00 đến 12:00)"
1,"Chuyên Viên Phân Tích Nghiệp Vụ (Business Analyst) - Thu Nhập Lên Tới 30 Triệu Tại Hà Nội","Công ty cổ phần Lumi Việt Nam","- Hà Nội: Tòa New Skyline Văn Quán, đường Nguyễn Khuyến, Phường Hà Đông (quận Hà Đông cũ)","https://www.topcv.vn/viec-lam/chuyen-vien-phan-tich-nghiep-vu-business-analyst-thu-nhap-len-toi-30-trieu-tai-ha-noi/2064306.html","Từ Thứ 2 - Thứ 6 (8h-17h30) , Thứ 7 làm việc và nghỉ xem kẽ. Giờ làm việc linh hoạt, áp dụng Ngày làm remote cho nhân viên chính thức."
1,"Thực Tập Sinh Media","TH FASHION JOINT STOCK COMPANY","- Hồ Chí Minh: 221 Hai Bà Trưng, Phường Xuân Hòa (Quận 3 cũ)","https://www.topcv.vn/viec-lam/thuc-tap-sinh-media/1413673.html","Thứ 2 - Thứ 7 (từ 08:30 đến 17:30)"
1,"Nhân Viên Kinh Doanh Máy Chủ Và Linh Kiện Máy Chủ","CÔNG TY CỔ PHẦN VDO","- Hà Nội: 08 tôn thất thuyết, Phường Cầu Giấy (quận Cầu Giấy cũ)","https://www.topcv.vn/viec-lam/nhan-vien-kinh-doanh-may-chu-va-linh-kien-may-chu/1720478.html","Thứ 2 - Thứ 7 (từ 08:00 đến 17:00)
Thứ 7 làm cách tuần"
1,"Nhân Viên Thiết Kế Đồ Họa - Graphic Designer","công ty TNHH TM SX Tân Phú Nhuận","- Hồ Chí Minh: Lê Trung Nghĩa, Phường Bảy Hiền (quận Tân Bình cũ)","https://www.topcv.vn/viec-lam/nhan-vien-thiet-ke-do-hoa-graphic-designer/2117403.html","Thứ 2 - Thứ 6 (từ 08:00 đến 17:00)
Thứ 7 (từ 08:00 đến 12:00)"
1,"Trưởng Nhóm IT","Công ty TNHH SX & TM Dược phẩm Tâm Bình","- Hà Nội: 349 Phố Kim Mã, Phường Giảng Võ (quận Ba Đình cũ)","https://www.topcv.vn/viec-lam/truong-nhom-it/2095628.html","Thứ 2 - Thứ 6 (từ 08:00 đến 17:15)
Thứ 7 (từ 08:00 đến 12:00)"
1,"Nhân Viên Kinh Doanh","CÔNG TY TNHH CÔNG NGHỆ PHẦN MỀM NASANI","- Hồ Chí Minh: Lầu 1 Tòa nhà Saigon ICT, Lô 46 Công viên phần mềm Quang Trung, Phường Trung Mỹ Tây (Quận 12 cũ)","https://www.topcv.vn/viec-lam/nhan-vien-kinh-doanh/2123477.html","Thứ 2 - Thứ 6 (từ 08:00 đến 17:00)
Thứ 7 (từ 08:00 đến 12:00)"
1,"Nhân Viên Hành Chính IT","CÔNG TY TNHH THƯƠNG MẠI VÀ VẬN TẢI PHƯƠNG ANH","- Hà Nội: Km2+500 Đường Phan Trọng Tuệ, Xã Thanh Trì (huyện Thanh Trì cũ)","https://www.topcv.vn/viec-lam/nhan-vien-hanh-chinh-it/2141024.html","Thứ 2 - Thứ 7 (từ 08:00 đến 17:00)"
1,"Business Analyst","Công ty TNHH Baller Headwear Việt Nam","- Đà Nẵng: Đường 08 Khu Công Nghiệp Hoà Khánh, Phường Liên Chiểu (huyện Hòa Vang, quận Liên Chiểu cũ)","https://www.topcv.vn/viec-lam/business-analyst/2150617.html","Thứ 2 - Thứ 7 (từ 07:30 đến 16:30)
Working time: Monday to Saturday: 7:30 am - 4:30 pm. Flexible take half day off on Saturday"
1,"Graphic Designer AI-INTEGRATE","CÔNG TY TNHH LEVER SPHERE VIỆT NAM","- Hà Nội: Tập đoàn SHG, số 8 đường Quang Trung, Phường Hà Đông (quận Hà Đông cũ)","https://www.topcv.vn/viec-lam/graphic-designer-ai-integrate/2150484.html","Thứ 2 - Thứ 7 (từ 08:30 đến 18:00)
Thứ 7 làm việc cách tuần
Nghỉ trưa từ 12h - 13h30
Làm việc Part Time theo ca đăng ký"
1,"Chuyên Viên Thiết Kế Đồ Họa","Công ty TNHH XNK New Sun Babies","- Hà Nội: 25 Thọ Tháp, Dịch Vọng, Phường Cầu Giấy (quận Cầu Giấy cũ)","https://www.topcv.vn/viec-lam/chuyen-vien-thiet-ke-do-hoa/2124399.html","Thứ 2 - Thứ 7 (từ 08:00 đến 17:30)"
1,"Nhân Viên Kinh Doanh Giải Pháp Nhà Máy & KCN","CÔNG TY CỔ PHẦN TCOM","- Hà Nội: Tầng 3, toà nhà Fafim, số 19 Nguyễn Trãi, Phường Khương Đình (quận Thanh Xuân cũ)","https://www.topcv.vn/viec-lam/nhan-vien-kinh-doanh-giai-phap-nha-may-kcn/2131037.html","Thứ 2 - Thứ 6 (từ 08:45 đến 18:00)
Từ thứ 2 - thứ 6
Và 2 thứ 7/tháng"
1,"Nhân Viên Triển Khai Phần Mềm","CÔNG TY TNHH TIN HỌC VI NA","- Hồ Chí Minh: 346 Bến Vân Đồn, Phường Vĩnh Hội (Quận 4 cũ)","https://www.topcv.vn/viec-lam/nhan-vien-trien-khai-phan-mem/2132607.html","Thứ 2 - Thứ 6 (từ 08:00 đến 17:30)
Thứ 7 (từ 08:00 đến 12:00)
Địa chỉ cũ: 346 Bến Vân Đồn, P.1, Q.4, TP.HCM (Lầu 5, Block A1)
Thời gian làm việc: Thứ 2 – sáng Thứ 7
Sáng: 8h00 – 12h00
Chiều: 13h30 – 17h30"
1,"Trưởng Phòng Business Analyst","CÔNG TY CỔ PHẦN CÔNG NGHỆ IRTECH","- Hà Nội: 33 Nhà vườn 3, đường số 7, Yên Xá, Phường Thanh Liệt, Xã Thanh Trì (huyện Thanh Trì cũ)","https://www.topcv.vn/viec-lam/truong-phong-business-analyst/2117057.html","Thứ 2 - Thứ 6 (từ 08:00 đến 17:00)
Thứ 7 (từ 08:00 đến 12:00)"
1,"Cán Bộ Quản Trị Hệ Thống Mạng","Phân hiệu Trường Đại học FPT tại thành phố Hồ Chí Minh","- Hồ Chí Minh: Trường Đại học FPT Tp.HCM - Lô E2a-7, Đường D1, Khu Công nghệ cao, Phường Tăng Nhơn Phú (Thành phố Thủ Đức cũ)","https://www.topcv.vn/viec-lam/can-bo-quan-tri-he-thong-mang/2149874.html","Thứ 2 - Thứ 6 (từ 08:00 đến 17:00)
Thứ 7 (từ 08:00 đến 12:00)"
1,"Cán Bộ Quản Trị Hệ Thống Mạng","Phân hiệu Trường Đại học FPT tại thành phố Hồ Chí Minh","- Hồ Chí Minh: Dự kiến sẽ chuyển cơ sở làm việc vào cuối năm 2026, Phường Tân Uyên (huyện Bắc Tân Uyên, Thành phố Tân Uyên cũ)","https://www.topcv.vn/viec-lam/can-bo-quan-tri-he-thong-mang/2149874.html","Thứ 2 - Thứ 6 (từ 08:00 đến 17:00)
Thứ 7 (từ 08:00 đến 12:00)"
1,"Nhân Viên Thiết Kế","Công Ty TNHH Thương Mại Quốc Tế Thiên Thành","- Hà Nội: Phường Yên Hòa (quận Cầu Giấy cũ)","https://www.topcv.vn/viec-lam/nhan-vien-thiet-ke/2151597.html","Thứ 2 - Thứ 7 (từ 08:00 đến 17:30)
Sáng 8h00-12h00, chiều 13h30-17h30"
1,"Nhân Viên Tư Vấn Marketing Phần Mềm Website","CÔNG TY TNHH CÔNG NGHỆ PHẦN MỀM NASANI","- Hồ Chí Minh: Lầu 1 Tòa nhà Saigon ICT, Lô 46 Công viên phần mềm Quang Trung Thành phố Hồ Chí Minh, Việt Nam, Phường Trung Mỹ Tây (Quận 12 cũ)","https://www.topcv.vn/viec-lam/nhan-vien-tu-van-marketing-phan-mem-website/1953007.html","Thứ 2 - Thứ 7 (từ 08:00 đến 17:00)"
1,"Nhân Viên Quay Dựng/ Video Editor","Công ty TNHH Thương mại Tokyo Care","- Hà Nội: 84 Minh Khai, Phường Tương Mai (quận Hai Bà Trưng, quận Hoàng Mai cũ)","https://www.topcv.vn/viec-lam/nhan-vien-quay-dung-video-editor/2105973.html","Thứ 2 - Thứ 6 (từ 08:15 đến 17:15)
Thứ Bảy nghỉ cách tuần"
1,"Trưởng Phòng Tư Vấn Triển Khai Hạ Tầng Mạng & Wifi","CÔNG TY CỔ PHẦN SSS VIỆT NAM","- Hà Nội: 124 Minh Khai, Hai Bà Trưng, Phường Tương Mai (quận Hai Bà Trưng, quận Hoàng Mai cũ)","https://www.topcv.vn/viec-lam/truong-phong-tu-van-trien-khai-ha-tang-mang-wifi/1973804.html","Thứ 2 - Thứ 6 (từ 08:00 đến 17:30)
Thứ 7 (từ 08:00 đến 12:00)"
1,"Nhân Viên Tư Vấn Khách Hàng Qua Điện Thoại","Công ty Cổ phần Công nghệ Kiot Việt","- Hà Nội: Tòa nhà 1B yết Kiêu, Trần Hưng Đạo, Hoàn Kiếm - Hoàn Kiếm, Phường Hai Bà Trưng (quận Hai Bà Trưng cũ)","https://www.topcv.vn/viec-lam/nhan-vien-tu-van-khach-hang-qua-dien-thoai/1681410.html","Thứ 2 - Thứ 7 (từ 08:00 đến 17:30)
Làm 2 thứ 7, nghỉ 2 thứ 7 theo lịch của công ty"
1,"Nhân Viên Tư Vấn Khách Hàng Qua Điện Thoại","Công ty Cổ phần Công nghệ Kiot Việt","- Hà Nội: Tòa nhà 1B yết Kiêu, Trần Hưng Đạo, Hoàn Kiếm - Hoàn Kiếm, Phường Cửa Nam (quận Hoàn Kiếm cũ)","https://www.topcv.vn/viec-lam/nhan-vien-tu-van-khach-hang-qua-dien-thoai/1681410.html","Thứ 2 - Thứ 7 (từ 08:00 đến 17:30)
Làm 2 thứ 7, nghỉ 2 thứ 7 theo lịch của công ty"
1,"Nhân Viên Tư Vấn Khách Hàng Qua Điện Thoại","Công ty Cổ phần Công nghệ Kiot Việt","- Hà Nội: Tòa nhà 1B yết Kiêu, Trần Hưng Đạo, Hoàn Kiếm - Hoàn Kiếm, Phường Hoàn Kiếm (quận Hoàn Kiếm cũ)","https://www.topcv.vn/viec-lam/nhan-vien-tu-van-khach-hang-qua-dien-thoai/1681410.html","Thứ 2 - Thứ 7 (từ 08:00 đến 17:30)
Làm 2 thứ 7, nghỉ 2 thứ 7 theo lịch của công ty"
1,"Nhân Viên Tư Vấn Khách Hàng Qua Điện Thoại","Công ty Cổ phần Công nghệ Kiot Việt","- Hà Nội: Tòa nhà 1B yết Kiêu, Trần Hưng Đạo, Hoàn Kiếm - Hoàn Kiếm, Phường Long Biên (quận Long Biên cũ)","https://www.topcv.vn/viec-lam/nhan-vien-tu-van-khach-hang-qua-dien-thoai/1681410.html","Thứ 2 - Thứ 7 (từ 08:00 đến 17:30)
Làm 2 thứ 7, nghỉ 2 thứ 7 theo lịch của công ty"
1,"Nhân Viên Tư Vấn Khách Hàng Qua Điện Thoại","Công ty Cổ phần Công nghệ Kiot Việt","- Hà Nội: Tòa nhà 1B yết Kiêu, Trần Hưng Đạo, Hoàn Kiếm - Hoàn Kiếm, Phường Hoàng Mai (quận Hoàng Mai cũ)","https://www.topcv.vn/viec-lam/nhan-vien-tu-van-khach-hang-qua-dien-thoai/1681410.html","Thứ 2 - Thứ 7 (từ 08:00 đến 17:30)
Làm 2 thứ 7, nghỉ 2 thứ 7 theo lịch của công ty"
1,"Thực Tập Sinh Graphic Design","CÔNG TY CỔ PHẦN LEIKA VIỆT NAM","- Hà Nội: 106 Hoàng Ngân, Trung Hòa, Cầu Giấy, Phường Cầu Giấy (quận Cầu Giấy cũ)","https://www.topcv.vn/viec-lam/thuc-tap-sinh-graphic-design/1871532.html","Thứ 2 - Thứ 7 (từ 08:30 đến 12:00)
Thứ 2 - Thứ 7 (từ 13:00 đến 17:30)"
1,"Product Owner - National Digital Twin 15","CÔNG TY CỔ PHẦN QUẢN LÝ CT","- Hồ Chí Minh: 20 Trương Định, Phường Xuân Hòa (Quận 3 cũ)","https://www.topcv.vn/viec-lam/product-owner-national-digital-twin-15/2122070.html","Thứ 2 - Thứ 6 (từ 08:00 đến 17:30)
Thứ 7 (từ 08:00 đến 12:00)"
1,"Kỹ Sư Cơ Khí","Công ty TNHH Tự Động AUTOTECH","- Hồ Chí Minh: 16-D19-Khu Đông Tăng Long, Phường Long Trường (Thành phố Thủ Đức cũ)","https://www.topcv.vn/viec-lam/ky-su-co-khi/2140715.html","Thứ 2 - Thứ 7 (từ 08:00 đến 17:00)"
1,"Chuyên Viên Bảo Mật Pentest","Công Ty Cổ Phần VCCorp","- Hà Nội: Center Building, 85 Vũ Trọng Phụng, Phường Thanh Xuân (quận Thanh Xuân cũ)","https://www.topcv.vn/viec-lam/chuyen-vien-bao-mat-pentest/1820014.html","Thứ 2 - Thứ 6 (từ 08:30 đến 17:45)
Thứ 7 (từ 08:30 đến 12:00)"
1,"Chuyên Viên Thiết Kế","CÔNG TY CỔ PHẦN TẬP ĐOÀN MDC GROUP","- Hà Nội: Detech Building, 8A Tôn Thất Thuyết, Phường Cầu Giấy (quận Cầu Giấy cũ)","https://www.topcv.vn/viec-lam/chuyen-vien-thiet-ke/2133908.html","Thứ 2 - Thứ 7 (từ 08:00 đến 17:30)
Nghỉ trưa: 1,5 tiếng"
1,"Chuyên Viên Phân Tích Nghiệp Vụ (Business Analyst)","Công ty Cổ phần Tập đoàn Austdoor","- Hà Nội: Phường Thanh Xuân (quận Thanh Xuân cũ)","https://www.topcv.vn/viec-lam/chuyen-vien-phan-tich-nghiep-vu-business-analyst/2120418.html","Thứ 2 - Thứ 6 (từ 08:00 đến 18:00)
Làm full 2 thứ 7/tháng"
1,"Senior Product Manager (B2B Platform)","Công ty CP Khoa học Dữ liệu","- Hà Nội: Tòa HH2 Building, Ngõ 4 Dương Đình Nghệ, Cầu Giấy, Phường Cầu Giấy (quận Cầu Giấy cũ)","https://www.topcv.vn/viec-lam/senior-product-manager-b2b-platform/2126237.html","Thứ 2 - Thứ 6 (từ 09:00 đến 18:00)
Và thứ 7 đầu tiên trong tháng"
1,"Trưởng Phòng Mua Hàng","CÔNG TY TNHH CƠ KHÍ ÔTÔ AN THÁI","- Hưng Yên: Phường Thái Bình (Thành phố Thái Bình, huyện Vũ Thư cũ)","https://www.topcv.vn/viec-lam/truong-phong-mua-hang/1995264.html","Thứ 2 - Thứ 7 (từ 07:30 đến 17:30)"
1,"Kỹ Sư Tự Động Hóa (Automation Engineer) Lương Từ 15 - 25 Triệu Tại Hồ Chí Minh, Đi Làm Ngay","CÔNG TY CỔ PHẦN VINATECH SOLUTION","- Hồ Chí Minh: Lô A6-11 KCN Tân Phú Trung, Quốc lộ 22, ấp Trạm Bơm, Xã Củ Chi (huyện Củ Chi cũ)","https://www.topcv.vn/viec-lam/ky-su-tu-dong-hoa-automation-engineer-luong-tu-15-25-trieu-tai-ho-chi-minh-di-lam-ngay/1981748.html","Thứ 2 - Thứ 6 (từ 08:00 đến 17:00)
1 ngày thứ 7 trong tháng"
1,"Nhân Viên Thiết Kế Đồ Họa","CÔNG TY TNHH THƯƠNG MẠI DỊCH VỤ VÀ TRUYỀN THÔNG NHẤT LONG","- Hà Nội: ĐỊA CHỈ: LK CTT14-09, KDT KIẾN HƯNG LUXURY, Phường Kiến Hưng (quận Hà Đông cũ)","https://www.topcv.vn/viec-lam/nhan-vien-thiet-ke-do-hoa/1605660.html","Thứ 2 - Thứ 6 (từ 08:00 đến 17:00)
Thứ 7 (từ 08:00 đến 15:30)"
1,"Nhân Viên Thiết Kế","CÔNG TY CỔ PHẦN BMC VĨNH PHÚC","- Phú Thọ: Xã Vĩnh Hưng (huyện Vĩnh Tường cũ)","https://www.topcv.vn/viec-lam/nhan-vien-thiet-ke/2149633.html","Thứ 2 - Thứ 7 (từ 07:30 đến 17:00)"
1,"Trưởng Nhóm Phân Tích Nghiệp Vụ (Leader BA)","CÔNG TY CỔ PHẦN TRUYỀN THÔNG VĂN HOÁ VIỆT","- Hà Nội: Phường Nghĩa Đô (quận Bắc Từ Liêm, quận Cầu Giấy cũ)","https://www.topcv.vn/viec-lam/truong-nhom-phan-tich-nghiep-vu-leader-ba/1704185.html","Thứ 2 - Thứ 7 (từ 08:00 đến 17:30)
Nghỉ thứ 7 cách tuần"
1,"Nhân Viên Graphic Design","CÔNG TY CỔ PHẦN LEIKA VIỆT NAM","- Hà Nội: 106 Hoàng Ngân, Trung Hòa, Cầu Giấy, Phường Cầu Giấy (quận Cầu Giấy cũ)","https://www.topcv.vn/viec-lam/nhan-vien-graphic-design/1994748.html","Thứ 2 - Thứ 7 (từ 08:30 đến 17:30)"
1,"Trưởng Bộ Phận Thiết Kế Bất Động Sản","CÔNG TY CỔ PHẦN DKRA VEGA","- Hồ Chí Minh: 36 Tăng Bạt Hổ, Phường Chợ Lớn (Quận 5 cũ)","https://www.topcv.vn/viec-lam/truong-bo-phan-thiet-ke-bat-dong-san/2148464.html","Thứ 2 - Thứ 6 (từ 08:00 đến 17:00)
Thứ 7 (từ 08:00 đến 12:00)
(Nghỉ trưa từ 12:00 – 13:00)"
1,"Nhân Viên Thiết Kế Đồ Họa/Uxui (Hà Đông - Hà Nội)","Công ty CP Kids Plaza","- Hà Nội: C,TT9-6 KĐT Him Lam, Vạn Phúc, Phường Hà Đông (quận Hà Đông cũ)","https://www.topcv.vn/viec-lam/nhan-vien-thiet-ke-do-hoa-uxui-ha-dong-ha-noi/2039858.html","Thứ 2 - Thứ 6 (từ 08:00 đến 17:30)
Thứ 7 (từ 08:00 đến 12:00)"
1,"IT Operations Analyst - Problem Management - Hà Nội - TA174","Ngân Hàng TMCP Việt Nam Thịnh Vượng (VPBank)","- Hà Nội: 89 Láng Hạ, Phường Đống Đa (quận Đống Đa cũ)","https://www.topcv.vn/brand/vpbank/tuyen-dung/it-operations-analyst-problem-management-ha-noi-ta174-j2112361.html","[""Thứ 2 - Thứ 6 (từ 08:00 đến 17:00)\ntừ thứ 2 – thứ 6 & 2 sáng thứ 7/tháng""]"
1,"Nhân Viên Design POD","CÔNG TY CỔ PHẦN THƯƠNG MẠI VÀ CÔNG NGHỆ X-COM","- Hà Nội: KĐT The Manor Central Park, Phường Hoàng Mai (quận Hoàng Mai cũ)","https://www.topcv.vn/viec-lam/nhan-vien-design-pod/2115523.html","Thứ 2 - Thứ 7 (từ 08:30 đến 17:30)
Từ thứ 2 – sáng thứ 7. Trong đó:
- Từ Thứ 2 đến thứ 6 hàng tuần: 8h30 – 17h30
- Thứ 7 hàng tuần: Từ 8h00 – 12h00"
1,"System Data Governance","Ngân Hàng TMCP Việt Nam Thịnh Vượng (VPBank)","- Hà Nội: Phường Đống Đa (quận Đống Đa cũ)","https://www.topcv.vn/brand/vpbank/tuyen-dung/system-data-governance-j2135807.html","[""Thứ 2 - Thứ 6 (từ 08:00 đến 17:30)\nThứ 7 (từ 08:00 đến 12:00)""]"
1,"NLP(LLM) Engineer (Junior+, Upto 60M)","Công Ty Truyền Thông Và Công Nghệ ICOMM Việt Nam","- Hà Nội: Tầng 24, Tòa VIWASEEN, 48 Tố Hữu, Phường Đại Mỗ (quận Nam Từ Liêm cũ)","https://www.topcv.vn/viec-lam/nlpllm-engineer-junior-upto-60m/2152242.html","Thời gian làm việc: Từ thứ 2 đến thứ 6: 08h15 - 17h15; Thứ 7: 9h00 - 12h00. Nghỉ trưa 60 phút (12h00-13h00). Nghỉ cố định 1 thứ Bảy ở tuần thứ hai trong tháng."
1,"Nhân Viên Thiết Kế Đồ Họa - Đi Làm Ngay","CÔNG TY TNHH QUẢNG CÁO THƯƠNG MẠI VÀ IN W&W","- Hà Nội: 300 Trần Điền, Phường Định Công (quận Hoàng Mai cũ)","https://www.topcv.vn/viec-lam/nhan-vien-thiet-ke-do-hoa-di-lam-ngay/1861161.html","Thứ 2 - Thứ 7 (từ 08:00 đến 17:30)"
1,"Kỹ Sư Hệ Thống","Công Ty TNHH Lewu Tech","- Hồ Chí Minh: 16/31 Đường số 14 Thành phố Hồ Chí Minh, Việt Nam, Phường An Nhơn (quận Gò Vấp cũ)","https://www.topcv.vn/viec-lam/ky-su-he-thong/2074764.html","Thứ 2 - Thứ 6 (từ 08:00 đến 17:30)
Thứ 2 - Thứ 6(từ 08:00 đến 17:30). Thứ 7(từ 8:00 đến 12:00)"
1,"Chuyên Gia Đánh Giá, Đào Tạo ISO (Ngành CNTT)","Công ty Cổ phần Chứng nhận và Giám định Quốc tế ISOCERT","- Hồ Chí Minh: Số 16 đường số 1, KDC City Land, Phường Gò Vấp (quận Gò Vấp cũ)","https://www.topcv.vn/viec-lam/chuyen-gia-danh-gia-dao-tao-iso-nganh-cntt/2128910.html","Thứ 2 - Thứ 6 (từ 08:30 đến 17:30)
Thứ 7 (từ 08:30 đến 12:00)"
1,"IT Support Executive","CÔNG TY TNHH MTV SEN VÀNG VIỆT NAM","- Hồ Chí Minh: 200 Nguyễn Văn Bá, Phường Thủ Đức (Thành phố Thủ Đức cũ)","https://www.topcv.vn/brand/goldenlotusjewelry/tuyen-dung/it-support-executive-j2124201.html","[""Thứ 2 - Thứ 7 (từ 08:00 đến 17:00)""]"
1,"Nhân Viên Kinh Doanh (Sales Associate)","CÔNG TY CỔ PHẦN TẬP ĐOÀN HVN","- Hà Nội: Số 15, Lô TT02, dự án Hải Đăng (HD Mon), Hàm Nghi, Phường Từ Liêm (quận Nam Từ Liêm cũ)","https://www.topcv.vn/viec-lam/nhan-vien-kinh-doanh-sales-associate/2056170.html","Thứ 2 - Thứ 6 (từ 08:00 đến 17:30)
Thứ 7 tuần lẻ"
1,"AI Content Marketing (Fullstack)","Công ty TNHH Tập Đoàn Đầu Tư Welly Corp","- Hà Nội: Tầng 3, tòa Udic Complex, Hoàng Đạo Thúy, Phường Yên Hòa (quận Cầu Giấy cũ)","https://www.topcv.vn/viec-lam/ai-content-marketing-fullstack/2138934.html","Thứ 2 - Thứ 7 (từ 08:30 đến 18:00)
Làm việc từ thứ 2 đến thứ 6 và 2 thứ 7 luân phiên"
1,"Junior IT Infrastructure Engineer","CÔNG TY CỔ PHẦN DỊCH VỤ CÔNG NGHỆ TIN HỌC HPT","- Đà Nẵng: 414 Tôn Đức Thắng, Phường Liên Chiểu (huyện Hòa Vang, quận Liên Chiểu cũ)","https://www.topcv.vn/viec-lam/junior-it-infrastructure-engineer/2145428.html","Thứ 2 - Thứ 7 (từ 08:30 đến 17:30)
T7 làm WFH"
1,"Nhân Viên Kinh Doanh Phần Mềm","CÔNG TY CỔ PHẦN TCOM","- Hà Nội: Tầng 3, toà nhà Fafim, số 19 Nguyễn Trãi, Phường Khương Đình (quận Thanh Xuân cũ)","https://www.topcv.vn/viec-lam/nhan-vien-kinh-doanh-phan-mem/2133013.html","Thứ 2 - Thứ 6 (từ 08:45 đến 18:00)
Từ thứ 2 - thứ 6
Và 2 thứ 7/tháng"
1,"Kỹ Sư Lập Trình Nhúng (Embedded Firmware) - BLDC/ Inverter - Từ 1 Năm Kinh Nghiệm - Thu Nhập Upto 25Tr - Đi Làm Ngay","Công ty Cổ phần công nghệ và đầu tư Intech","- Hà Nội: Số 145 Ngọc Hồi, Phường Yên Sở (quận Hoàng Mai cũ)","https://www.topcv.vn/viec-lam/ky-su-lap-trinh-nhung-embedded-firmware-bldc-inverter-tu-1-nam-kinh-nghiem-thu-nhap-upto-25tr-di-lam-ngay/2126366.html","Thứ 2 - Thứ 6 (từ 08:00 đến 17:30)
8h - 17h30 từ thứ 2 – thứ 6 và 2 thứ 7/tháng"
1,"Chuyên Viên Thiết Kế Đồ Họa","CÔNG TY CỔ PHẦN PHÁT TRIỂN BẤT ĐỘNG SẢN MICC","- Hà Nội: sô 3 Dương Đình Nghệ, Phường Cầu Giấy (quận Cầu Giấy cũ)","https://www.topcv.vn/viec-lam/chuyen-vien-thiet-ke-do-hoa/1460686.html","Thứ 2 - Thứ 6 (từ 08:00 đến 17:30)
Thứ 7 (từ 08:00 đến 12:00)"
1,"Chuyên Viên Thiết Kế Đồ Họa","CÔNG TY CỔ PHẦN PHÁT TRIỂN BẤT ĐỘNG SẢN MICC","- Hà Nội: Sao biển 23-369, Vinhomes Ocean Park 1, Xã Gia Lâm (huyện Gia Lâm cũ)","https://www.topcv.vn/viec-lam/chuyen-vien-thiet-ke-do-hoa/1460686.html","Thứ 2 - Thứ 6 (từ 08:00 đến 17:30)
Thứ 7 (từ 08:00 đến 12:00)"
1,"Chuyên Viên Đảm Bảo Chất Lượng Sản Phẩm AI","Công ty Cp Công nghệ và Truyền thông Dagoras","- Hà Nội: Phường Cầu Giấy (quận Cầu Giấy cũ)","https://www.topcv.vn/viec-lam/chuyen-vien-dam-bao-chat-luong-san-pham-ai/2118526.html","Thứ 2 - Thứ 6 (từ 08:00 đến 17:30)
+ 2 ngày thứ Bảy/ tháng"
1,"Nhân Viên Kỹ Thuật IT Phần Cứng - Camera - Máy In","CÔNG TY CỔ PHẦN MÁY TÍNH BIÊN HÒA","- Đồng Nai: Số 1264 Phạm Văn Thuận, Phường Tam Hiệp (Thành phố Biên Hòa cũ)","https://www.topcv.vn/viec-lam/nhan-vien-ky-thuat-it-phan-cung-camera-may-in/2125578.html","Thứ 2 - Thứ 7 (từ 08:00 đến 21:00)
3 Ca Xoay linh động"
1,Animator,"Công ty Cổ phần Gapu","- Hà Nội: Tầng 5 tòa AB Imperia Garden, Phường Thanh Xuân (quận Thanh Xuân cũ)","https://www.topcv.vn/viec-lam/animator/1716113.html","Thứ 2 - Thứ 7 (từ 08:30 đến 18:00)
Làm 1 thứ 7/tháng"
1,"Chuyên Viên Thiết Kế","CÔNG TY CỔ PHẦN DINH DƯỠNG NUTRICARE","- Hà Nội: Số 8, Khu A-TT2 Him Lam, Phường Hà Đông (quận Hà Đông cũ)","https://www.topcv.vn/brand/nutricare/tuyen-dung/chuyen-vien-thiet-ke-j2115518.html","[""Thứ 2 - Thứ 6 (từ 08:00 đến 17:00)\n8h00 – 17h00 Thứ 2 – Thứ 6, Thứ 7 làm cách tuần""]"
1,"Nhân Viên Kỹ Thuật Máy Tính","CÔNG TY TNHH CÔNG NGHỆ MÁY TÍNH TĐ","- Bắc Ninh: 24 Trần Hưng Đạo, Phường Võ Cường (Thành phố Bắc Ninh cũ)","https://www.topcv.vn/viec-lam/nhan-vien-ky-thuat-may-tinh/2131403.html","Thứ 2 - Thứ 7 (từ 08:30 đến 18:00)"
1,"Chuyên Viên Thiết Kế Đồ Họa - Video","CÔNG TY CỔ PHẦN CREST FURNITURE HOLDING","- Hồ Chí Minh: 108 Nguyễn Văn Kỉnh, Phường Cát Lái (Thành phố Thủ Đức cũ)","https://www.topcv.vn/viec-lam/chuyen-vien-thiet-ke-do-hoa-video/2123877.html","Thứ 2 - Thứ 7 (từ 08:00 đến 17:30)
Thứ Bảy làm cách tuần"
1,"Kỹ Sư Thiết Kế FPGA","Công ty TNHH một thành viên Tổng Công ty Sản xuất thiết bị Viettel","- Hà Nội: An Bình, Xã An Khánh (huyện Hoài Đức cũ)","https://www.topcv.vn/viec-lam/ky-su-thiet-ke-fpga/1739675.html","Thứ 2 - Thứ 6 (từ 08:00 đến 17:30)
Thứ 7 đầu tiên của tháng"
1,"Kỹ Sư Thiết Kế FPGA","Công ty TNHH một thành viên Tổng Công ty Sản xuất thiết bị Viettel","- Hà Nội: Khu CNC Hòa Lạc, Xã Thạch Thất (huyện Thạch Thất cũ)","https://www.topcv.vn/viec-lam/ky-su-thiet-ke-fpga/1739675.html","Thứ 2 - Thứ 6 (từ 08:00 đến 17:30)
Thứ 7 đầu tiên của tháng"
1,"Graphic Designer (Social & Video)","Công ty cổ phần Detech Konnai","- Hà Nội: Số 8 Tôn Thất Thuyết, Phường Cầu Giấy (quận Cầu Giấy cũ)","https://www.topcv.vn/viec-lam/graphic-designer-social-video/2121134.html","8h - 17h00 từ Thứ 2 đến Thứ 7, thứ 7 làm việc online"
1,"Chuyên Viên Thiết Kế Đồ Họa (Graphic Designer)","Công ty Cổ phần Truyền Thông Tập Trung Mặt Trời Vàng","- Hồ Chí Minh: Tầng 21, Tòa nhà Riverfront Financial Centre, Số 3A – 3B Đường Tôn Đức Thắng, Phường Sài Gòn (Quận 1 cũ)","https://www.topcv.vn/viec-lam/chuyen-vien-thiet-ke-do-hoa-graphic-designer/2140148.html","Thứ 2 - Thứ 6 (từ 09:00 đến 18:00)
Làm việc 2 Sáng thứ 7 cách tuần: 9:00 - 12:00"
1,"Nhân Viên Graphic Designer","CÔNG TY CỔ PHẦN CÔNG NGHỆ HỢP LONG","- Hà Nội: Tầng 5, tòa HH01A chung cư NewHorizon, số 87 Lĩnh Nam, Phường Vĩnh Tuy (quận Hai Bà Trưng, quận Hoàng Mai cũ)","https://www.topcv.vn/viec-lam/nhan-vien-graphic-designer/2137274.html","Thứ 2 - Thứ 6 (từ 08:00 đến 17:00)
Thứ 7 (từ 08:00 đến 12:00)
Nghỉ trưa 12h00 – 13h00
Trực xử lý phát sinh ngoài giờ tại nhà"
1,"Nhân Viên Thiết Kế","Công ty Cổ phần FiFa Investment","- Hồ Chí Minh: Xã Bình Hưng (huyện Bình Chánh cũ)","https://www.topcv.vn/viec-lam/nhan-vien-thiet-ke/1772354.html","Thứ 2 - Thứ 6 (từ 08:00 đến 17:00)
Thứ 7 (từ 08:00 đến 12:00)"
1,"Nhân Viên Thiết Kế 2D - 3D Event","CÔNG TY CP DỊCH VỤ DU LỊCH ĐỘI NHÓM VIỆT","- Hồ Chí Minh: 337/2/12 Bình Lợi, Phường Bình Lợi Trung (quận Bình Thạnh cũ)","https://www.topcv.vn/viec-lam/nhan-vien-thiet-ke-2d-3d-event/1004733.html","Thứ 2 - Thứ 7 (từ 08:00 đến 17:00)
Thứ 7 (từ 08:00 đến 12:00)"
1,"Chuyên Viên Thiết Kế Đồ Họa & Media","CÔNG TY CỔ PHẦN SẢN XUẤT VÀ XUẤT NHẬP KHẨU H.A.T+","- Hà Nội: Tòa nhà Bình Minh 81 Đàm Quang Trung, Phường Long Biên (quận Long Biên cũ)","https://www.topcv.vn/viec-lam/chuyen-vien-thiet-ke-do-hoa-media/2149181.html","Thứ 2 - Thứ 6 (từ 08:00 đến 17:00)
Thứ 7 (từ 08:00 đến 12:00)
Sáng thứ 7 làm việc linh hoạt."
1,"Thực Tập Sinh Trợ Lý Giám Đốc","Công ty cổ phần TechLead","- Hà Nội: Tầng 4 - số 11 Nguyển Xiển - Thanh Xuân, Phường Khương Đình (quận Thanh Xuân cũ)","https://www.topcv.vn/viec-lam/thuc-tap-sinh-tro-ly-giam-doc/1180702.html","Thứ 2 - Thứ 6 (từ 08:30 đến 18:00)
Và thứ 7 cách tuần"
1,"Live Game Operations","VPĐD Công ty Cổ phần Trực tuyến GOSU","- Hồ Chí Minh: Tòa WASECO, Số 10, Phổ Quang, Phường Tân Sơn Hòa (quận Tân Bình cũ)","https://www.topcv.vn/viec-lam/live-game-operations/2095073.html","Thứ 2 - Thứ 7 (từ 08:00 đến 17:30)
Thứ 2 - Thứ 7 (từ 08:00 đến 17:30)
Nghỉ thứ bảy ngày chẵn"
1,"Nhân Viên Kinh Doanh Công Nghệ Thông Tin","CÔNG TY CP PHÁT TRIỂN CÔNG NGHỆ MỚI THẾ GIỚI","- Hà Nội: Số 3 ngách 83,ngõ 24 Kim Đồng, Phường Hoàng Mai (quận Hoàng Mai cũ)","https://www.topcv.vn/viec-lam/nhan-vien-kinh-doanh-cong-nghe-thong-tin/2117361.html","Thứ 2 - Thứ 7 (từ 08:00 đến 17:30)
Thứ 2 - Thứ 6:08:00 đến 17h30 (nghỉ trưa từ 12:00 đến 13:30)
Thứ 7: 08:00 - 12:00"
1,"Thumbnail Strategist","CÔNG TY TNHH MTV NIA-STUDIO","- Hà Nội: 48 Tố Hữu, Nam Từ Liêm., Phường Đại Mỗ (quận Nam Từ Liêm cũ)","https://www.topcv.vn/viec-lam/thumbnail-strategist/2020534.html","Thứ 2 - Thứ 7 ()
Thời gian làm việc: Từ thứ 2 đến thứ 7
Hình thức làm việc: Full-Time, Remote"
1,"Thumbnail Strategist","CÔNG TY TNHH MTV NIA-STUDIO","- Đà Nẵng: 49 Hóa Sơn 10, Hải Châu, Phường Hải Châu (quận Hải Châu cũ)","https://www.topcv.vn/viec-lam/thumbnail-strategist/2020534.html","Thứ 2 - Thứ 7 ()
Thời gian làm việc: Từ thứ 2 đến thứ 7
Hình thức làm việc: Full-Time, Remote"
1,"Nhân Viên Thiết Kế Đồ Họa Phòng Truyền Thông","Viện nghiên cứu và phát triển Sản phẩm thiên nhiên","- Hà Nội: 12 Phùng Khoang 2, Trung Văn, Phường Tây Mỗ (quận Nam Từ Liêm cũ)","https://www.topcv.vn/viec-lam/nhan-vien-thiet-ke-do-hoa-phong-truyen-thong/1934461.html","Thứ 2 - Thứ 6 (từ 08:00 đến 17:00)
Thứ 7 (từ 08:00 đến 12:00)"
1,"Chuyên Viên Thiết Kế Đồ Họa (Biết Tiếng Trung)","CÔNG TY TNHH VEO VIET NAM LIMITED","- Hồ Chí Minh: 376 An Lạc, Phường An Lạc (quận Bình Tân cũ)","https://www.topcv.vn/viec-lam/chuyen-vien-thiet-ke-do-hoa-biet-tieng-trung/2148389.html","Thứ 2 - Thứ 7 (từ 08:30 đến 17:30)"
1,"Nhân Viên Quản Trị Hệ Thống & Mạng","CÔNG TY TNHH ĐẦU TƯ APG","- Hà Nội: Tầng 2, tòa N01T1, Khu Ngoại giao đoàn, Phường Xuân Đỉnh (quận Bắc Từ Liêm cũ)","https://www.topcv.vn/viec-lam/nhan-vien-quan-tri-he-thong-mang/2131123.html","Thứ 2 - Thứ 7 (từ 08:15 đến 17:30)
Nghỉ 1 thứ 7 cuối tháng"
1,"Nhân Viên Thiết Kế Giày (3D Designer)","CÔNG TY TNHH LẠC TỶ","- Hồ Chí Minh: 3-5 Tên Lửa (Bình Tân cũ), Phường An Lạc (quận Bình Tân cũ)","https://www.topcv.vn/viec-lam/nhan-vien-thiet-ke-giay-3d-designer/533420.html","Thứ 2 - Thứ 7 (từ 07:30 đến 16:30)"
1,"R&D Thiết Kế Sản Phẩm Trầm Hương","CÔNG TY CỔ PHẦN THIÊN MỘC HƯƠNG","- Hồ Chí Minh: 254 Cô Bắc, Phường Cầu Ông Lãnh (Quận 1 cũ)","https://www.topcv.vn/viec-lam/rd-thiet-ke-san-pham-tram-huong/1952332.html","Thứ 2 - Thứ 7 (từ 08:30 đến 17:30)"
1,"Thực Tập Sinh Thiết Kế - Design Intern","Tập Đoàn Novaon","- Hà Nội: 219 Trung Kính, Phường Yên Hòa (quận Cầu Giấy cũ)","https://www.topcv.vn/viec-lam/thuc-tap-sinh-thiet-ke-design-intern/2107007.html","Thứ 2 - Thứ 6 ()
Thứ 2 đến thứ 6 và 1 buổi sáng thứ 7 đầu tiên của tháng
Buổi sáng checkin linh hoạt từ 7h30-9h"
1,"Nhân Viên Kỹ Thuật Thí Nghiệm Điện","CÔNG TY TNHH TƯ VẤN & ỨNG DỤNG NĂNG LƯỢNG 360","- Đà Nẵng: (Tất cả phường)","https://www.topcv.vn/viec-lam/nhan-vien-ky-thuat-thi-nghiem-dien/1905626.html","Thứ 2 - Thứ 7 (từ 08:00 đến 17:30)
Từ thứ 2 đến Sáng thứ 7"
1,"Nhân Viên Graphic Designer","Công ty Cổ phần Bệnh viện Mắt Việt An Đà Nẵng","- Đà Nẵng: 115 Nguyễn Văn Linh, Phường Hải Châu (quận Hải Châu cũ)","https://www.topcv.vn/viec-lam/nhan-vien-graphic-designer/1701454.html","Thứ 2 - Thứ 7 (từ 07:30 đến 17:00)
+ Sáng 7h30 - 11h30
+ Chiều 13h00 - 17h00"
1,"Nhân Viên Hỗ Trợ Vận Hành (Operations Assistant)","CÔNG TY TNHH TRUYỀN THÔNG LSB","- Quảng Trị: MG08A Vincom, Phường Đồng Hới (Thành phố Đồng Hới cũ)","https://www.topcv.vn/viec-lam/nhan-vien-ho-tro-van-hanh-operations-assistant/2094243.html","Thứ 2 - Thứ 6 (từ 07:30 đến 17:00)
Thứ 7 (từ 07:30 đến 11:30)"
1,"Trưởng Nhóm Thiết Kế Đồ Họa","CÔNG TY TNHH SẢN XUẤT - THƯƠNG MẠI - DỊCH VỤ QUI PHÚC","- Hồ Chí Minh: 111/39/4 Tây Lân, Phường Bình Tân (quận Bình Tân cũ)","https://www.topcv.vn/viec-lam/truong-nhom-thiet-ke-do-hoa/2145549.html","Thứ 2 - Thứ 7 (từ 08:00 đến 17:00)"
1,"Chuyên Viên Thiết Kế Đồ Họa 2D","CÔNG TY TNHH MTV SEN VÀNG VIỆT NAM","- Hồ Chí Minh: 200 Nguyễn Văn Bá, Phường Thủ Đức (Thành phố Thủ Đức cũ)","https://www.topcv.vn/brand/goldenlotusjewelry/tuyen-dung/chuyen-vien-thiet-ke-do-hoa-2d-j2148451.html","[""Thứ 2 - Thứ 7 (từ 08:00 đến 17:00)""]"
1,"AI Product Builder","CÔNG TY TNHH THƯƠNG MẠI VÀ TRUYỀN THÔNG QUẢNG CÁO GOLDEN PHOENIX","- Hà Nội: Số 8, Toà SHG, Quang Trung, Hà Đông, Phường Hà Đông (quận Hà Đông cũ)","https://www.topcv.vn/viec-lam/ai-product-builder/2141541.html","Thứ 2 - Thứ 6 (từ 08:30 đến 18:00)
2 ngày thứ 7 cách tuần
Nghỉ trưa 12h - 13h30"
1,"Trưởng Nhóm Phân Tích Nghiệp Vụ","Công ty cổ phần Ecoit","- Hà Nội: Nguyễn Tuân, Thanh Xuân, Phường Thanh Xuân (quận Thanh Xuân cũ)","https://www.topcv.vn/viec-lam/truong-nhom-phan-tich-nghiep-vu/2121032.html","Thứ 2 - Thứ 6 (từ 08:00 đến 17:30)
Và 02 thứ 7 trong tháng"
1,"Designer POD","CÔNG TY CỔ PHẦN DU LỊCH DỊCH VỤ THƯƠNG MẠI THIÊN PHÚ","- Hà Nội: Toà nhà VP Golden Field 24 Nguyễn Cơ Thạch, Mỹ Đình, Phường Từ Liêm (quận Nam Từ Liêm cũ)","https://www.topcv.vn/viec-lam/designer-pod/2145196.html","Thứ 2 - Thứ 7 (từ 08:30 đến 17:30)
Nghỉ 2 thứ 7 trong tháng"
1,"Senior AI Engineer (RAG / LLM) - Building Vietnam Legal AI Platform","Công ty TNHH THƯ VIỆN PHÁP LUẬT","- Hồ Chí Minh: THƯ VIỆN PHÁP LUẬT: Số 63, Đường 10, Khu Sala, Phường An Khánh (Thành phố Thủ Đức cũ)","https://www.topcv.vn/viec-lam/senior-ai-engineer-rag-llm-building-vietnam-legal-ai-platform/2136545.html","Thứ 2 - Thứ 7 (từ 07:45 đến 17:30)"
1,"Senior AI Engineer (RAG / LLM) - Building Vietnam Legal AI Platform","Công ty TNHH THƯ VIỆN PHÁP LUẬT","- Hồ Chí Minh: HCM: Số 17 Nguyễn Gia Thiều, Phường Xuân Hòa (Quận 3 cũ)","https://www.topcv.vn/viec-lam/senior-ai-engineer-rag-llm-building-vietnam-legal-ai-platform/2136545.html","Thứ 2 - Thứ 7 (từ 07:45 đến 17:30)"
1,"Nhân Viên IT Support","Công ty cổ phần Thương mại và Dịch vụ Maxtech Việt Nam","- Hà Nội: Tòa nhà Sun Square, số 21 đường Lê Đức Thọ, Phường Từ Liêm (quận Nam Từ Liêm cũ)","https://www.topcv.vn/viec-lam/nhan-vien-it-support/2120094.html","Thứ 2 - Thứ 7 (từ 08:00 đến 17:20)"
1,"Nhân Viên Design","CÔNG TY TNHH MAASTRICHT VIỆT NAM","- Hà Nội: Tòa nhà Minh Đức số 301 - Phúc Lợi - Long Biên, Phường Long Biên (quận Long Biên cũ)","https://www.topcv.vn/viec-lam/nhan-vien-design/2115872.html","Thứ 2 - Thứ 6 (từ 08:00 đến 17:30)
Làm từ thứ 2 tới hết sáng thứ 7 hàng tuần"
1,"Chuyên Viên Thiết Kế/Graphic Design - LCB 15-20tr","CÔNG TY CP THƯƠNG MẠI VÀ XUẤT NHẬP KHẨU VITACARE - CHI NHÁNH HÀ NỘI","- Hà Nội: Phường Từ Liêm (quận Nam Từ Liêm cũ)","https://www.topcv.vn/viec-lam/chuyen-vien-thiet-ke-graphic-design-lcb-15-20tr/2126413.html","Thứ 2 - Thứ 7 (từ 08:00 đến 17:30)"
1,"Nhân Viên Thiết Kế Đồ Họa/ Graphic Designer","CÔNG TY TNHH SOLMC","- Hà Nội: Phường Việt Hưng (quận Long Biên cũ)","https://www.topcv.vn/viec-lam/nhan-vien-thiet-ke-do-hoa-graphic-designer/2125971.html","Thứ 2 - Thứ 7 (từ 08:30 đến 18:00)
Làm 2 thứ 7/tháng"
1,"Nhân Viên Thiết Kế Đồ Hoạ- Graphic Designer","Công ty CP Trung Nguyên Franchising","- Hồ Chí Minh: 82-84 Bùi Thị Xuân, Phường Bến Thành (Quận 1 cũ)","https://www.topcv.vn/viec-lam/nhan-vien-thiet-ke-do-hoa-graphic-designer/2132644.html","Thứ 2 - Thứ 6 (từ 08:00 đến 17:00)
Thứ 7 (từ 08:00 đến 12:00)"
1,"Graphic Designer POD","CÔNG TY TNHH THƯƠNG MẠI DỊCH VỤ XUẤT NHẬP KHẨU ECOMBEST","- Hồ Chí Minh: Tòa nhà Lotus, 16 Cửu Long, Phường Tân Sơn Hòa (quận Tân Bình cũ)","https://www.topcv.vn/viec-lam/graphic-designer-pod/2150884.html","Thứ 2 - Thứ 6 (từ 08:30 đến 17:45)
- Và hai ngày Thứ 7 cách tuần trong tháng
- Nghỉ trưa từ 12:15 - 13:30."
1,"Kỹ Sư Lập Trình Vận Hành CNC","Công ty TNHH Trace-Tec Việt Nam","- Hà Nội: Đường tỉnh 72, An Thượng, Xã Hoài Đức (huyện Hoài Đức cũ)","https://www.topcv.vn/viec-lam/ky-su-lap-trinh-van-hanh-cnc/2028257.html","8h30 - 17h30, Thứ 2 – Thứ 7 (làm 2 thứ 7/ tháng, nghỉ cách tuần)"
1,"Nhân Viên Software Developer – Frontend (Dev) - Làm Việc Tại Hà Nội","BỆNH VIỆN ĐA KHOA PHƯƠNG ĐÔNG - CHI NHÁNH CÔNG TY TNHH TỔ HỢP Y TẾ PHƯƠNG ĐÔNG","- Hà Nội: Bệnh viện đa khoa Phương Đông, Số 9, Phố Viê, Phường Đông Ngạc (quận Bắc Từ Liêm cũ)","https://www.topcv.vn/viec-lam/nhan-vien-software-developer-frontend-dev-lam-viec-tai-ha-noi/2064689.html","Thứ 2 - Thứ 6 (từ 08:00 đến 17:30)
Thứ 7 (từ 08:00 đến 12:00)"
1,"Nhân Viên IT Helpdesk","CÔNG TY TNHH DỆT VÀ PHỦ KEO 5S","- Hồ Chí Minh: Lầu 2, tòa nhà Tanimex, A5, đường CN13, KCN Tân Bình, Phường Tây Thạnh (quận Tân Phú cũ)","https://www.topcv.vn/viec-lam/nhan-vien-it-helpdesk/2127184.html","Thứ 2 - Thứ 6 (từ 08:30 đến 17:30)
Thứ 7 (từ 08:30 đến 12:00)"
1,"Nhân Viên Thiết Kế Đồ Họa (2D)","CÔNG TY TNHH TỔ CHỨC SỰ KIỆN VHUNTER","- Hải Phòng: Số 11 Lạch Tray, Phường Gia Viên (quận Ngô Quyền cũ)","https://www.topcv.vn/viec-lam/nhan-vien-thiet-ke-do-hoa-2d/1361315.html","Thứ 2 - Thứ 7 (từ 08:00 đến 17:30)"
1,"Data Scientist Expert - Hà Nội - TA150","Ngân Hàng TMCP Việt Nam Thịnh Vượng (VPBank)","- Hà Nội: 89 Láng Hạ, Đống Đa, Phường Đống Đa (quận Đống Đa cũ)","https://www.topcv.vn/brand/vpbank/tuyen-dung/data-scientist-expert-ha-noi-ta150-j2139662.html","[""Thứ 2 - Thứ 6 (từ 08:00 đến 17:00)\nThứ 7 - Thứ 6 (từ 08:00 đến 12:00)""]"
1,"CVCC Vận Hành Hệ Thống Thu Hồi Nợ - TA108 - ID3233","Ngân Hàng TMCP Việt Nam Thịnh Vượng (VPBank)","- Hà Nội: Phường Cầu Giấy (quận Cầu Giấy cũ)
- Hồ Chí Minh: Phường Sài Gòn (Quận 1 cũ)","https://www.topcv.vn/brand/vpbank/tuyen-dung/cvcc-van-hanh-he-thong-thu-hoi-no-ta108-id3233-j2119107.html","[""Thứ 2 - Thứ 6 (từ 08:00 đến 17:30)\nThứ 7 (từ 08:00 đến 12:00)""]"
1,"Nhân Viên Tư Vấn Triển Khai Phần Mềm","CÔNG TY TNHH CÔNG NGHỆ PHẦN MỀM NASANI","- Hồ Chí Minh: Lầu 1, Tòa nhà Saigon ICT Lô 46, Công viên phần mềm Quang Trung, Phường Trung Mỹ Tây (Quận 12 cũ)","https://www.topcv.vn/viec-lam/nhan-vien-tu-van-trien-khai-phan-mem/2132581.html","Thứ 2 - Thứ 6 (từ 08:00 đến 17:00)
Thứ 7 (từ 08:00 đến 12:00)"
1,"Nhân Viên Khai Thác CNTT / Quản Trị Hệ Thống & Mạng","CÔNG TY CỔ PHẦN VIỄN THÔNG ACT","- Hồ Chí Minh: 2R Bình Giã, Phường Tân Bình (quận Tân Bình cũ)","https://www.topcv.vn/viec-lam/nhan-vien-khai-thac-cntt-quan-tri-he-thong-mang/2126173.html","Thứ 2 - Thứ 6 (từ 08:00 đến 17:30)
Thứ 7 (từ 08:00 đến 12:00)
."
1,"Nhân Viên Kinh Doanh Sales Marketing","CÔNG TY TNHH THƯƠNG MẠI DỊCH VỤ ANHI SOLUTION","- Hồ Chí Minh: 44 Đường số 1 KDC City Land Park Hills, Phường Gò Vấp (quận Gò Vấp cũ)","https://www.topcv.vn/viec-lam/nhan-vien-kinh-doanh-sales-marketing/2145109.html","Thứ 2 - Thứ 6 (từ 08:00 đến 17:00)
Thứ 7 (từ 08:00 đến 12:00)"
1,"Chuyên Viên Tư Vấn Phần Mềm","Công ty Cổ phần Công nghệ KiotViet","- Hà Nội: 1A Yết Kiêu, Phường Cửa Nam (quận Hoàn Kiếm cũ)","https://www.topcv.vn/viec-lam/chuyen-vien-tu-van-phan-mem/2147812.html","Thứ 2 - Thứ 7 (từ 08:00 đến 17:00)
Thứ 2 - Sáng Thứ 7"
1,"Team Lead Chỉnh Lý & Số Hóa Tài Liệu","CÔNG TY TNHH GIẢI PHÁP SỐ TOÀN CẦU","- Hồ Chí Minh: số 150 Đường 2, Khu Đô Thị Vạn Phúc, Quốc lộ 13, Phường Hiệp Bình (Thành phố Thủ Đức cũ)","https://www.topcv.vn/viec-lam/team-lead-chinh-ly-so-hoa-tai-lieu/2152444.html","Thứ 2 - Thứ 7 (từ 08:00 đến 17:00)"
1,"Graphic Designer","CÔNG TY CỔ PHẦN ECO WIPES VIỆT NAM","- Hồ Chí Minh: 2687/1A Quốc lộ 1A, Phường An Phú Đông (Quận 12 cũ)","https://www.topcv.vn/viec-lam/graphic-designer/2057248.html","Thứ 2 - Thứ 6 (từ 08:00 đến 17:00)
Thứ 7 (từ 08:00 đến 12:00)"
1,"Thực Tập Sinh Thiết Kế Đồ Họa - Graphic Design Intern - Marketing Team",ICONDENIM,"- Hồ Chí Minh: Số 3, đường 3/2, Phường Vườn Lài (Quận 10 cũ)","https://www.topcv.vn/viec-lam/thuc-tap-sinh-thiet-ke-do-hoa-graphic-design-intern-marketing-team/2104670.html","9h00-18h00, thứ 2 đến thứ 6
9h00-13h00, thứ 7 ( Work from home)
Nghỉ trưa 1 tiếng"
1,"Video Editor Game/App Mobile","CÔNG TY CỔ PHẦN TOH GROUP","- Hà Nội: 48 Tố Hữu, Phường Từ Liêm (quận Nam Từ Liêm cũ)","https://www.topcv.vn/viec-lam/video-editor-game-app-mobile/2153408.html","Thứ 2 - Thứ 6 (từ 08:00 đến 17:30)
Sáng thứ 7 chơi cầu lông 2h toàn công ty, có hưởng lương."
1,"Nhân Viên Vận Hành Mạng & An Ninh","CÔNG TY TNHH NEXCORE SOLUTION VINA","- Bắc Ninh: Xã Yên Phong (huyện Yên Phong cũ)","https://www.topcv.vn/viec-lam/nhan-vien-van-hanh-mang-an-ninh/2129253.html","Thứ 2 – Thứ 6 (Thứ 7 làm việc cách tuần)"
1,"Nhân Viên Vận Hành Mạng & An Ninh","CÔNG TY TNHH NEXCORE SOLUTION VINA","- Hà Nội: Tháp A Tòa nhà Keangnam, Khu E6, Đường Dương Đình Nghệ, Phường Yên Hòa (quận Cầu Giấy cũ)","https://www.topcv.vn/viec-lam/nhan-vien-van-hanh-mang-an-ninh/2129253.html","Thứ 2 – Thứ 6 (Thứ 7 làm việc cách tuần)"
1,"UX-UI Designer","Công ty TNHH Pancake Việt Nam","- Thanh Hóa: 06 Đại Lộ Võ Nguyên Giáp, Phường Hạc Thành (Thành phố Thanh Hóa cũ)","https://www.topcv.vn/viec-lam/ux-ui-designer/2146595.html","Thứ 2 - Thứ 7 (từ 08:30 đến 18:00)
Nghỉ trưa 12h30 - 14h. Nghỉ 2 thứ 7 luân phiên trong 1 tháng."
1,"Thiết Kế Đồ Họa Và Sản Xuất Video","Công ty Cổ phần Consortio Việt Nam","- Hà Nội: 82 Nguyễn Hữu Huân, Phường Hoàn Kiếm (quận Hoàn Kiếm cũ)","https://www.topcv.vn/viec-lam/thiet-ke-do-hoa-va-san-xuat-video/2149228.html","Thứ 2 - Thứ 6 (từ 08:30 đến 17:30)
02 buổi sáng Thứ Bảy/tháng"
1,"Graphic Designer","CÔNG TY TNHH SẢN XUẤT VÀ QUẢNG CÁO GALA","- Hồ Chí Minh: 90-92 Bàu Cát 2, Phường Bảy Hiền (quận Tân Bình cũ)","https://www.topcv.vn/viec-lam/graphic-designer/2152455.html","Thứ 2 - Thứ 7 (từ 08:00 đến 17:30)"
1,"Chuyên Viên Kinh Doanh/Sales (IT, Software,...)","Công Ty Cổ Phần VCCorp","- Hà Nội: Center Building, 85 Vũ Trọng Phụng, Phường Thanh Xuân (quận Thanh Xuân cũ)","https://www.topcv.vn/viec-lam/chuyen-vien-kinh-doanh-sales-it-software/1675981.html","Thứ 2 - Thứ 6 (từ 08:30 đến 17:45)
Thứ 7 (từ 08:30 đến 12:00)"
1,"Technical PM/BA","Mac Marketing","- Hồ Chí Minh: 2C Lam Sơn, Phường Tân Sơn Hòa (quận Tân Bình cũ)","https://www.topcv.vn/viec-lam/technical-pm-ba/2139559.html","Thứ 2 - Thứ 6 (từ 08:30 đến 05:30)
Thứ 7 (từ 08:30 đến 12:00)"
1,"AI Engineer (Fullstack)","Công ty Văn hóa và Truyền thông 1980Books","- Hà Nội: 20h2, ngõ 6 Trần Kim Xuyến, Yên Hòa, Phường Yên Hòa (quận Cầu Giấy cũ)","https://www.topcv.vn/viec-lam/ai-engineer-fullstack/2116054.html","Thứ 2 - Thứ 6 (từ 08:00 đến 17:00)
Và 2 ngày thứ 7 xen kẽ/tháng"
1,"Nhân Viên Thiết Kế Đồ Họa (Biết Edit Video) - Thu Nhập Upto 18 Triệu, Hà Nội","Công ty cổ phần Zemmer Việt Nam","- Hà Nội: số 63 Vạn Phúc, Phường Hà Đông (quận Hà Đông cũ)","https://www.topcv.vn/viec-lam/nhan-vien-thiet-ke-do-hoa-biet-edit-video-thu-nhap-upto-18-trieu-ha-noi/2128007.html","Thứ 2 - Thứ 7 (từ 08:00 đến 17:30)
Sáng: 8:00-12:00
Chiều: 13:30-17:30
Nghỉ trưa 1,5 tiếng"
1,"Multimedia Designer/Thiết Kế Đa Phương Tiện","Công Ty Cổ Phần Vĩnh Quang","- Hồ Chí Minh: Số 8 đường 8, Phường Bình Phú (Quận 6 cũ)","https://www.topcv.vn/viec-lam/multimedia-designer-thiet-ke-da-phuong-tien/2130955.html","Thứ 2 - Thứ 7 (từ 08:00 đến 17:00)"
1,"Lập Trình Game Dòng Casual/Puzzle","CÔNG TY TNHH CÔNG NGHỆ NHẬN THỨC MÁY HORUS AI","- Hà Nội: tòa văn phòng CT2D, VOV, đường Lương Thế Vinh, Từ Liêm, Phường Từ Liêm (quận Nam Từ Liêm cũ)","https://www.topcv.vn/viec-lam/lap-trinh-game-dong-casual-puzzle/1961121.html","Thứ 2 - Thứ 6 (từ 08:00 đến 17:00)
Thứ 7 (từ 08:00 đến 12:00)"
1,"Trưởng Nhóm Thiết Kế Đồ Họa (Design Leader)","CÔNG TY TNHH ANNA EYEGLASSES HÀ NỘI","- Hồ Chí Minh: 212A2, Nguyễn Trãi, Cầu Ông Lãnh, Phường Cầu Ông Lãnh (Quận 1 cũ)","https://www.topcv.vn/viec-lam/truong-nhom-thiet-ke-do-hoa-design-leader/2130015.html","8h00 - 17h00, làm 2 thứ 7 một tháng"
1,"Senior Java Developer","NGÂN HÀNG TM TNHH MTV KỶ NGUYÊN THỊNH VƯỢNG","- Hà Nội: Phường Cầu Giấy (quận Cầu Giấy cũ)","https://www.topcv.vn/viec-lam/senior-java-developer/2138639.html","Thứ 2 - Thứ 6 (từ 08:00 đến 17:00)
Thời gian Làm việc từ Thứ Hai đến hết sáng Thứ Bảy (Nghỉ phúc lợi 02 Thứ Bảy/ Tháng)"
1,"LẬP TRÌNH VIÊN CNC Tại Hưng Yên (Thu Nhập 14tr - 16tr)","CÔNG TY TNHH ĐIỆN TỬ ZGS VIỆT NAM","- Hưng Yên: Đường F2, Khu F, KCN Phố Nối A, Xã Lạc Đạo (huyện Văn Lâm cũ)","https://www.topcv.vn/viec-lam/lap-trinh-vien-cnc-tai-hung-yen-thu-nhap-14tr-16tr/2153200.html","Thời gian làm việc: Từ thứ 2 đến thứ 7; Sáng 8:00-12:00; Chiều 13:00-17h00;
có thể tăng ca"
1,"Nhân Viên Thiết Kế Sáng Tạo (Bao Bì) / Graphic Design - Lương Từ 10tr-13tr/Tháng  (Khu Vực Tân Phú)","Công ty TNHH Salub Việt Nam","- Hồ Chí Minh: 160 Nguyễn Hữu Dật (Tân Phú cũ), Phường Tây Thạnh (quận Tân Phú cũ)","https://www.topcv.vn/viec-lam/nhan-vien-thiet-ke-sang-tao-bao-bi-graphic-design-luong-tu-10tr-13tr-thang-khu-vuc-tan-phu/2143062.html","Thứ 2 - Thứ 6 (từ 08:00 đến 17:00)
Thứ 7 (từ 08:00 đến 12:00)"
1,"Chuyên Gia ERP (Kỹ Thuật/ Database)","Công ty Cổ phần Tập đoàn Hoa Sen","- Hồ Chí Minh: 72 Nguyễn Cơ Thạch, Phường An Khánh (Thành phố Thủ Đức cũ)","https://www.topcv.vn/viec-lam/chuyen-gia-erp-ky-thuat-database/2111388.html","Thứ 2 - Thứ 6 (từ 08:00 đến 17:00)
Thứ 7 (từ 08:00 đến 12:00)"
1,"Graphic Designer/ Thiết Kế Đồ Họa 2D Từ 6 Tháng Kinh Nghiệm | Thanh Xuân, Hà Nội | Thu Nhập 10-18M","CÔNG TY TNHH ĐẦU TƯ GIÁO DỤC MAPUNI","- Hà Nội: Phố đi bộ Carnaby, 214 Nguyễn Xiển, Xã Thanh Trì (huyện Thanh Trì cũ)","https://www.topcv.vn/viec-lam/graphic-designer-thiet-ke-do-hoa-2d-tu-6-thang-kinh-nghiem-thanh-xuan-ha-noi-thu-nhap-10-18m/1707016.html","Thứ 2 - Thứ 7 (từ 08:00 đến 18:00)
Nghỉ trưa 12h30 - 14h30"
1,"Nhân Viên Thiết Kế 2D - Ngành Hàng Mẹ & Bé","Công ty Cổ phần Motaro Group","- Hà Nội: Tầng 9, tòa nhà Hàn Việt, 203 Minh Khai, Phường Bạch Mai (quận Hai Bà Trưng cũ)","https://www.topcv.vn/viec-lam/nhan-vien-thiet-ke-2d-nganh-hang-me-be/1345783.html","Thứ 2 - Thứ 6 (từ 08:00 đến 17:30)
Thứ 7 (từ 08:00 đến 15:00)
Thời gian nghỉ trưa: Từ 12h00 - 13h30"
1,"2D Animation (Diễn Hoạt)","CÔNG TY TNHH BG MEDIA VIỆT NAM","- Hà Nội: 61 Ngụy Như Kon Tum, Phường Thanh Xuân (quận Thanh Xuân cũ)","https://www.topcv.vn/viec-lam/2d-animation-dien-hoat/1882836.html","Thứ 2 - Thứ 6 (từ 08:15 đến 17:30)
- Thứ 2 - Thứ 6 : từ 08:15 đến 17:30 ( nghỉ trưa 1,5h)
- Thứ 7 cách tuần: từ 08:15 đến 16:00 ( nghỉ sớm 1,5h)"
1,"Android Engineer","Công ty TNHH Giải pháp Phân tích dữ liệu Insight Data","- Hà Nội: 89 Láng Hạ, Đống Đa, Phường Đống Đa (quận Đống Đa cũ)","https://www.topcv.vn/viec-lam/android-engineer/2060241.html","Thứ 2 - Thứ 6 (từ 08:30 đến 17:30)
Làm việc từ thứ 2 - thứ 6 và 4 sáng thứ 7 hoặc 2 thứ 7"
1,"Nhân Viên Xuất Nhập Khẩu (Data Analysis)","CÔNG TY TNHH TESSELLATION BÌNH DƯƠNG","- Đồng Nai: Lô 102/6-3, Số 2, KCN Amata, Phường Long Bình (Thành phố Biên Hòa cũ)","https://www.topcv.vn/viec-lam/nhan-vien-xuat-nhap-khau-data-analysis/1912100.html","Thứ 2 - Thứ 6 (từ 07:30 đến 16:00)
và 2 nửa thứ 7 bất kỳ trong tháng"
1,"Nhân Viên Thiết Kế (Phỏng Vấn Đi Làm Ngay)","CÔNG TY TNHH CÔNG NGHỆ MỸ THUẬT CHUYỂN ĐỘNG","- Quảng Ninh: sh 14-16, phú gia 3, Cẩm Bình, Phường Cẩm Phả (Thành phố Cẩm Phả cũ)","https://www.topcv.vn/viec-lam/nhan-vien-thiet-ke-phong-van-di-lam-ngay/1827218.html","Thứ 2 - Thứ 7 (từ 07:30 đến 17:30)"
1,"Chuyên Viên Vận Hành T24 Corebanking","NGÂN HÀNG TM TNHH MTV KỶ NGUYÊN THỊNH VƯỢNG","- Hà Nội: 18 Phạm Hùng, Phường Từ Liêm (quận Nam Từ Liêm cũ)","https://www.topcv.vn/viec-lam/chuyen-vien-van-hanh-t24-corebanking/2151529.html","Thứ 2 - Thứ 6 (từ 08:30 đến 18:00)
Thứ 7 (từ 08:00 đến 12:00)
Giờ làm việc tiêu chuẩn: Thứ Hai – Thứ Sáu (giờ bắt đầu linh hoạt: 8:00 / 8:30 / 9:00) và 2 buổi sáng Thứ Bảy mỗi tháng (8:00–12:00) (có thể làm việc từ xa)."
1,"Nhân Viên Thiết Kế - Đi Làm Ngay","Công ty TNHH The Beauty House","- Hồ Chí Minh: (Tất cả phường)","https://www.topcv.vn/viec-lam/nhan-vien-thiet-ke-di-lam-ngay/2145788.html","Thứ 2 - Thứ 6 (từ 08:30 đến 17:30)
Thứ 7 (từ 08:30 đến 12:30)"
1,"Graphic Design Executive","Công ty TNHH AEON Việt Nam","- Hồ Chí Minh: 30 Tân Thắng, Phường Tân Sơn Nhì (quận Tân Phú cũ)","https://www.topcv.vn/viec-lam/graphic-design-executive/2076062.html","Thứ 2 - Thứ 6 (từ 08:30 đến 17:30)
Làm việc 1 thứ Bảy/tháng"
1,"Nhân Viên Phát Triển Sản Phẩm","CÔNG TY TNHH CÔNG NGHIỆP WONGEAK (VIỆT NAM)","- Hải Phòng: Nhà xưởng A3-1&A3-2, lô 5, KCN VSIP, Xã Cẩm Giàng (huyện Cẩm Giàng cũ)","https://www.topcv.vn/viec-lam/nhan-vien-phat-trien-san-pham/2025574.html","Thứ 2 - Thứ 7 (từ 08:00 đến 17:00)"
1,"Nhân Viên Phát Triển Sản Phẩm","CÔNG TY TNHH CÔNG NGHIỆP WONGEAK (VIỆT NAM)","- Hồ Chí Minh: Một phần nhà xưởng số 1-3, Cụm 1, đường M14, KCN Tân Bình mở rộng, phường Bình Hưng Hoà, Phường Bình Hưng Hòa (quận Bình Tân cũ)","https://www.topcv.vn/viec-lam/nhan-vien-phat-trien-san-pham/2025574.html","Thứ 2 - Thứ 7 (từ 08:00 đến 17:00)"
1,"Nhân Viên Kinh Doanh Phần Mềm","Công Ty Cổ phần Định Gia Nét","- Hồ Chí Minh: 341-343 Điện Biên Phủ, Phường Gia Định (quận Bình Thạnh cũ)","https://www.topcv.vn/viec-lam/nhan-vien-kinh-doanh-phan-mem/175423.html","Từ thứ 2 đến thứ 6: Sáng 8:00 - 12:00, chiều: 13:00 - 17:00,
Sáng thứ 7 (tuần làm tuần nghỉ): 8:00 - 12:00"
1,"Nhân Viên Thiết Kế Hộp/ Packaging Designer Làm Việc Từ T2 - T6 Tại Quận 1","HAPAS VIỆT NAM","- Hồ Chí Minh: Tầng 19, JustCo – Riverfront Financial Centre  3A – 3B Tôn Đức Thắng, Phường Sài Gòn (Quận 1 cũ)","https://www.topcv.vn/viec-lam/nhan-vien-thiet-ke-hop-packaging-designer-lam-viec-tu-t2-t6-tai-quan-1/2033050.html","Thứ 2 - Thứ 6 (từ 09:00 đến 18:00)
- Thời gian làm việc:
+ Thứ Hai: 8h30 - 18h00 (Nghỉ trưa 12h00 - 13h30)
+ Thứ Ba - Thứ Sáu: 09h00 - 18h00 (Nghỉ trưa 12h00 - 13h30)
+ Thứ Bảy: 01 buổi sáng đầu tiên trong tháng"
1,"Họa Viên 3D Blender (Có 2 Năm KN) - Lương 10-20 Triệu","CÔNG TY TNHH PFAM","- Hồ Chí Minh: số P1.2.33 khu Diamond Sky Linked Villa (gần Aeon Tân Phú), Phường Tân Sơn Nhì (quận Tân Phú cũ)","https://www.topcv.vn/viec-lam/hoa-vien-3d-blender-co-2-nam-kn-luong-10-20-trieu/2146066.html","Thứ 2 - Thứ 7 (từ 08:00 đến 17:00)
Thứ 7 làm cách tuần"
1,"Chuyên Viên Thiết Kế Designer Ngành Nha Khoa Thẩm Mỹ, Làm Việc Tại Hà Nội, Thu Nhập Không Giới Hạn, Phúc Lợi Tốt","CÔNG TY CỔ PHẦN DELIA BEAUTY GROUP","- Hà Nội: 69 Nguyễn Hy Quang, Phường Đống Đa (quận Đống Đa cũ)","https://www.topcv.vn/viec-lam/chuyen-vien-thiet-ke-designer-nganh-nha-khoa-tham-my-lam-viec-tai-ha-noi-thu-nhap-khong-gioi-han-phuc-loi-tot/1283392.html","Thứ 2 - Thứ 7 (từ 08:30 đến 17:30)"
1,"Kỹ Thuật Viên Laptop Máy Tính","Công ty TNHH Công nghệ số Bình Minh Việt Nam","- Hà Nội: U8LK14 Nguyễn Trác, KĐT Đô Nghĩa, Phường Yên Nghĩa (quận Hà Đông cũ)","https://www.topcv.vn/viec-lam/ky-thuat-vien-laptop-may-tinh/1216690.html","Thứ 2 - Thứ 7 (từ 08:00 đến 18:00)"
1,"Shopify Developer","Công ty cổ phần Việt Tinh Anh","- Hồ Chí Minh: Số 33-35, Đường Ngô Thị Bì, Khu dân cư Him Lam, Phường Tân Hưng (Quận 7 cũ)","https://www.topcv.vn/viec-lam/shopify-developer/2152651.html","Thứ 2 - Thứ 6 (từ 08:00 đến 17:00)
Thứ hai đến thứ sáu và sáng thứ bảy"
1,"Nhân Viên Kinh Doanh Phần Mềm","CÔNG TY TNHH CÔNG NGHỆ - THIẾT BỊ - GIÁO DỤC SONG PHƯƠNG","- Cần Thơ: Số B10-4, Đường số 3, KDC Nam Long, Phường Cái Răng (quận Cái Răng cũ)","https://www.topcv.vn/viec-lam/nhan-vien-kinh-doanh-phan-mem/2118955.html","Thứ 2 - Thứ 6 (từ 08:00 đến 17:00)
Thứ 2 - Thứ 6: 08h00 - 17h15
Thứ 7: 08h00 - 12h00"
1,"Nhân Viên Bảo Trì Mới Ra Trường","CÔNG TY CỔ PHẦN CÔNG NGHỆ CAO HTVG","- Hưng Yên: Phường Đường Hào (Thị xã Mỹ Hào cũ)","https://www.topcv.vn/viec-lam/nhan-vien-bao-tri-moi-ra-truong/2069903.html","Thứ 2 - Thứ 7 (từ 08:00 đến 17:00)"
1,"Chuyên Viên Design","CÔNG TY TNHH OFD","- Hồ Chí Minh: 51 Đường số 3, Thăng Long Home, Phường Tam Bình (Thành phố Thủ Đức cũ)","https://www.topcv.vn/viec-lam/chuyen-vien-design/2145821.html","Thứ 2 - Thứ 6 (từ 08:00 đến 17:00)
Làm 2 Thứ Bảy sáng 08h00-12h00 (cách tuần)"
1,"Nhân Viên Thiết Kế Marketing (Graphic Designer)","CÔNG TY TNHH TMDV DECOR EVENT AZPARTY","- Hồ Chí Minh: 196/1/14 Đường Cộng Hòa Thành phố Hồ Chí Minh, Việt Nam, Phường Bảy Hiền (quận Tân Bình cũ)","https://www.topcv.vn/viec-lam/nhan-vien-thiet-ke-marketing-graphic-designer/2002045.html","Thứ 2 - Thứ 7 (từ 08:30 đến 18:00)
Làm việc từ 08:30, nghỉ trưa 1 tiếng rưỡi, tan ca 18:00"
1,"Tech Lead","CÔNG TY TNHH SIMPLIFIED TECHNOLOGY VIỆT NAM","- Nghệ An: Căn PG1-04 Shophouse Vinhome Quang Trung, Phường Thành Vinh (Thành phố Vinh cũ)","https://www.topcv.vn/viec-lam/tech-lead/2119179.html","Thứ 2 - Thứ 7 (từ 07:45 đến 17:00)
Thứ 7 thường làm Online và làm cách tuần nếu các dự án chạy mượt"
1,"Nhân Viên Kỹ Thuật Máy Tính Máy In Thiết Bị VP","Hộ Kinh Doanh Hoàng Thị Thơm","- Phú Thọ: Tổ 58, Khu Liên Phương, Phường Nông Trang (Thành phố Việt Trì cũ)","https://www.topcv.vn/viec-lam/nhan-vien-ky-thuat-may-tinh-may-in-thiet-bi-vp/1976382.html","Thứ 2 - Thứ 7 (từ 07:30 đến 17:30)"
1,"Sales & Marketing Intern","CÔNG TY TRÁCH NHIỆM HỮU HẠN CÔNG NGHỆ RAKUNA VIỆT NAM","- Hà Nội: Phường Việt Hưng (quận Long Biên cũ)","https://www.topcv.vn/viec-lam/sales-marketing-intern/2152660.html","Thứ 2 - Thứ 7 (từ 08:00 đến 17:00)
1-2 tháng đào tạo và thử việc sau đó ký hợp đồng chính thức
Làm từ 8h00 tới 17h00 từ thứ 2 tới thứ 6
Có 2 thứ 7 trong một tháng làm việc tại văn phòng"
1,"Senior Data Engineer – Finance Division - ID437","Ngân Hàng TMCP Việt Nam Thịnh Vượng (VPBank)","- Hà Nội: Phường Đống Đa (quận Đống Đa cũ)","https://www.topcv.vn/brand/vpbank/tuyen-dung/senior-data-engineer-finance-division-id437-j2119463.html","[""Thứ 2 - Thứ 6 (từ 08:00 đến 17:30)\nThứ 7 (từ 08:00 đến 12:00)""]"
1,"Nhân Viên Vận Hành Hệ Thống","Công ty TNHH Đức Trung","- Hà Nội: 120 Nguyễn Thái Học, Phường Ba Đình (quận Ba Đình cũ)","https://www.topcv.vn/viec-lam/nhan-vien-van-hanh-he-thong/1081645.html","Thứ 2 - Thứ 7 (từ 08:30 đến 17:30)
Giờ Hành chính: 8h30-17h30, nghỉ trưa 1 tiếng. Thứ 7 làm việc luân phiên cách tuần"
1,"Nhân Viên Kinh Doanh Giải Pháp CNTT - ATTT","CÔNG TY CỔ PHẦN TƯ VẤN VÀ ĐÀO TẠO SMARTPRO","- Hồ Chí Minh: 5 Nguyễn Gia Thiều, Phường Xuân Hòa (Quận 3 cũ)","https://www.topcv.vn/viec-lam/nhan-vien-kinh-doanh-giai-phap-cntt-attt/2039457.html","Thứ 2 - Thứ 6 (từ 08:00 đến 17:00)
Từ 8:00 - 12:00 và 13:30 - 17:30, từ Thứ 2 đến Thứ 6 hàng tuần. Thứ 7 từ 8:00 - 12:00,"
1,"Nhân Viên Gia Hạn Hợp Đồng (Có Sẵn Data) - Tân Bình","CÔNG TY CỔ PHẦN CÔNG NGHỆ KIOTVIET","- Hồ Chí Minh: Tầng 6 khu B, Tòa nhà Waseco, Số 10 Phổ Quang, Phường Tân Sơn Hòa (quận Tân Bình cũ)","https://www.topcv.vn/viec-lam/nhan-vien-gia-han-hop-dong-co-san-data-tan-binh/2128618.html","Thứ 2 - Thứ 7 (từ 08:00 đến 17:30)
Nghỉ 02 ngày thứ Bảy trong mỗi tháng theo sự sắp xếp của Ban Giám đốc kinh doanh"
1,"Thực Tập Sinh Tư Vấn Triển Khai Phần Mềm","CÔNG TY TNHH CÔNG NGHỆ PHẦN MỀM NASANI","- Hồ Chí Minh: tòa Sài Gòn ICT, lô 46, công viên phần mềm Quang Trung, Trung Mỹ Tây, Phường Trung Mỹ Tây (Quận 12 cũ)","https://www.topcv.vn/viec-lam/thuc-tap-sinh-tu-van-trien-khai-phan-mem/1855187.html","Thứ 2 - Thứ 6 (từ 08:00 đến 17:00)
Thứ 7 (từ 08:00 đến 12:00)"
1,"Thực Tập Sinh Tư Vấn Triển Khai Phần Mềm","CÔNG TY TNHH CÔNG NGHỆ PHẦN MỀM NASANI","- Cần Thơ: 295 đường 30/4 Xuân Khánh, Ninh Kiều, Phường Ninh Kiều (quận Ninh Kiều cũ)","https://www.topcv.vn/viec-lam/thuc-tap-sinh-tu-van-trien-khai-phan-mem/1855187.html","Thứ 2 - Thứ 6 (từ 08:00 đến 17:00)
Thứ 7 (từ 08:00 đến 12:00)"
1,"Leader Nodejs","Công ty cổ phần giải pháp MKT","- Hà Nội: Tầng 4, toà nhà Stellar Garden số 35 Lê Văn Thiêm, Phường Thanh Xuân (quận Thanh Xuân cũ)","https://www.topcv.vn/viec-lam/leader-nodejs/2149860.html","Thứ 2 - Thứ 6 (từ 08:00 đến 17:30)
Thứ 7 (từ 08:00 đến 12:00)"
1,"Nhân Viên Kinh Doanh Phần Mềm","CÔNG TY CỔ PHẦN TCOM","- Hà Nội: Tầng 3, toà nhà Fafim, số 19 Nguyễn Trãi, Phường Khương Đình (quận Thanh Xuân cũ)","https://www.topcv.vn/viec-lam/nhan-vien-kinh-doanh-phan-mem/2040952.html","Thứ 2 - Thứ 6 (từ 08:30 đến 18:00)
Thứ 7 cách tuần"
1,"Designer Thời Trang Nam","HỘ KINH DOANH LÊ TRỌNG KHANG","- Hồ Chí Minh: 4 Đường Đông Hưng , phường Tân Hưng Thuận, Phường Đông Hưng Thuận (Quận 12 cũ)","https://www.topcv.vn/viec-lam/designer-thoi-trang-nam/1937975.html","Thứ 2 - Thứ 7 (từ 08:00 đến 17:00)
1 năm được nghỉ phép 12 ngày"
1,"Nhân Viên Kinh Doanh","CÔNG TY TNHH CÔNG NGHỆ EMPOS","- Hà Nội: (Tất cả phường)","https://www.topcv.vn/viec-lam/nhan-vien-kinh-doanh/1946284.html","Thứ 2 - Thứ 7 (từ 08:00 đến 17:30)
Từ thứ 2 đến sáng thứ 7"
1,"Nhân Viên Kinh Doanh","CÔNG TY TNHH CÔNG NGHỆ EMPOS","- Hồ Chí Minh: Phường An Hội Tây (quận Gò Vấp cũ)","https://www.topcv.vn/viec-lam/nhan-vien-kinh-doanh/1946284.html","Thứ 2 - Thứ 7 (từ 08:00 đến 17:30)
Từ thứ 2 đến sáng thứ 7"
1,"Nhân Viên Kinh Doanh","CÔNG TY TNHH CÔNG NGHỆ EMPOS","- Hồ Chí Minh: Phường An Hội Đông (quận Gò Vấp cũ)","https://www.topcv.vn/viec-lam/nhan-vien-kinh-doanh/1946284.html","Thứ 2 - Thứ 7 (từ 08:00 đến 17:30)
Từ thứ 2 đến sáng thứ 7"
1,"Nhân Viên Kinh Doanh","CÔNG TY TNHH CÔNG NGHỆ EMPOS","- Hồ Chí Minh: Phường An Khánh (Thành phố Thủ Đức cũ)","https://www.topcv.vn/viec-lam/nhan-vien-kinh-doanh/1946284.html","Thứ 2 - Thứ 7 (từ 08:00 đến 17:30)
Từ thứ 2 đến sáng thứ 7"
1,"Nhân Viên Kinh Doanh","CÔNG TY TNHH CÔNG NGHỆ EMPOS","- Hồ Chí Minh: Phường An Lạc (quận Bình Tân cũ)","https://www.topcv.vn/viec-lam/nhan-vien-kinh-doanh/1946284.html","Thứ 2 - Thứ 7 (từ 08:00 đến 17:30)
Từ thứ 2 đến sáng thứ 7"
1,"Nhân Viên Kinh Doanh","CÔNG TY TNHH CÔNG NGHỆ EMPOS","- Hồ Chí Minh: Phường Bà Rịa (Thành phố Bà Rịa cũ)","https://www.topcv.vn/viec-lam/nhan-vien-kinh-doanh/1946284.html","Thứ 2 - Thứ 7 (từ 08:00 đến 17:30)
Từ thứ 2 đến sáng thứ 7"
1,"Nhân Viên Kinh Doanh","CÔNG TY TNHH CÔNG NGHỆ EMPOS","- Hồ Chí Minh: Phường Bàn Cờ (Quận 3 cũ)","https://www.topcv.vn/viec-lam/nhan-vien-kinh-doanh/1946284.html","Thứ 2 - Thứ 7 (từ 08:00 đến 17:30)
Từ thứ 2 đến sáng thứ 7"
1,"Nhân Viên Kinh Doanh","CÔNG TY TNHH CÔNG NGHỆ EMPOS","- Hồ Chí Minh: Phường Bình Cơ (huyện Bắc Tân Uyên, Thành phố Tân Uyên cũ)","https://www.topcv.vn/viec-lam/nhan-vien-kinh-doanh/1946284.html","Thứ 2 - Thứ 7 (từ 08:00 đến 17:30)
Từ thứ 2 đến sáng thứ 7"
1,"Nhân Viên Kinh Doanh","CÔNG TY TNHH CÔNG NGHỆ EMPOS","- Hồ Chí Minh: Phường Bình Dương (Thành phố Tân Uyên, Thành phố Thủ Dầu Một cũ)","https://www.topcv.vn/viec-lam/nhan-vien-kinh-doanh/1946284.html","Thứ 2 - Thứ 7 (từ 08:00 đến 17:30)
Từ thứ 2 đến sáng thứ 7"
1,"Nhân Viên Kinh Doanh","CÔNG TY TNHH CÔNG NGHỆ EMPOS","- Hồ Chí Minh: Phường Bình Hưng Hòa (quận Bình Tân cũ)","https://www.topcv.vn/viec-lam/nhan-vien-kinh-doanh/1946284.html","Thứ 2 - Thứ 7 (từ 08:00 đến 17:30)
Từ thứ 2 đến sáng thứ 7"
1,"Nhân Viên Kinh Doanh","CÔNG TY TNHH CÔNG NGHỆ EMPOS","- Hồ Chí Minh: Phường Bình Trị Đông (quận Bình Tân cũ)","https://www.topcv.vn/viec-lam/nhan-vien-kinh-doanh/1946284.html","Thứ 2 - Thứ 7 (từ 08:00 đến 17:30)
Từ thứ 2 đến sáng thứ 7"
1,"Nhân Viên Kinh Doanh","CÔNG TY TNHH CÔNG NGHỆ EMPOS","- Hồ Chí Minh: Phường Bình Tân (quận Bình Tân cũ)","https://www.topcv.vn/viec-lam/nhan-vien-kinh-doanh/1946284.html","Thứ 2 - Thứ 7 (từ 08:00 đến 17:30)
Từ thứ 2 đến sáng thứ 7"
1,"Nhân Viên Kinh Doanh","CÔNG TY TNHH CÔNG NGHỆ EMPOS","- Hồ Chí Minh: Phường Gò Vấp (quận Gò Vấp cũ)","https://www.topcv.vn/viec-lam/nhan-vien-kinh-doanh/1946284.html","Thứ 2 - Thứ 7 (từ 08:00 đến 17:30)
Từ thứ 2 đến sáng thứ 7"
1,"Nhân Viên Kinh Doanh","CÔNG TY TNHH CÔNG NGHỆ EMPOS","- Hồ Chí Minh: Phường Hạnh Thông (quận Gò Vấp cũ)","https://www.topcv.vn/viec-lam/nhan-vien-kinh-doanh/1946284.html","Thứ 2 - Thứ 7 (từ 08:00 đến 17:30)
Từ thứ 2 đến sáng thứ 7"
1,"Nhân Viên Kinh Doanh","CÔNG TY TNHH CÔNG NGHỆ EMPOS","- Hồ Chí Minh: Phường Khánh Hội (Quận 4 cũ)","https://www.topcv.vn/viec-lam/nhan-vien-kinh-doanh/1946284.html","Thứ 2 - Thứ 7 (từ 08:00 đến 17:30)
Từ thứ 2 đến sáng thứ 7"
1,"Nhân Viên Kinh Doanh","CÔNG TY TNHH CÔNG NGHỆ EMPOS","- Hồ Chí Minh: Phường Thông Tây Hội (quận Gò Vấp cũ)","https://www.topcv.vn/viec-lam/nhan-vien-kinh-doanh/1946284.html","Thứ 2 - Thứ 7 (từ 08:00 đến 17:30)
Từ thứ 2 đến sáng thứ 7"
1,"Nhân Viên Kinh Doanh","CÔNG TY TNHH CÔNG NGHỆ EMPOS","- Hồ Chí Minh: Phường Tân Bình (quận Tân Bình cũ)","https://www.topcv.vn/viec-lam/nhan-vien-kinh-doanh/1946284.html","Thứ 2 - Thứ 7 (từ 08:00 đến 17:30)
Từ thứ 2 đến sáng thứ 7"
1,"Nhân Viên Kinh Doanh","CÔNG TY TNHH CÔNG NGHỆ EMPOS","- Hồ Chí Minh: Phường Tân Hòa (quận Tân Bình cũ)","https://www.topcv.vn/viec-lam/nhan-vien-kinh-doanh/1946284.html","Thứ 2 - Thứ 7 (từ 08:00 đến 17:30)
Từ thứ 2 đến sáng thứ 7"
1,"Nhân Viên Kinh Doanh","CÔNG TY TNHH CÔNG NGHỆ EMPOS","- Hồ Chí Minh: Phường Tân Sơn (quận Tân Bình cũ)","https://www.topcv.vn/viec-lam/nhan-vien-kinh-doanh/1946284.html","Thứ 2 - Thứ 7 (từ 08:00 đến 17:30)
Từ thứ 2 đến sáng thứ 7"
1,"Nhân Viên Kinh Doanh","CÔNG TY TNHH CÔNG NGHỆ EMPOS","- Hồ Chí Minh: Phường Tân Sơn Hòa (quận Tân Bình cũ)","https://www.topcv.vn/viec-lam/nhan-vien-kinh-doanh/1946284.html","Thứ 2 - Thứ 7 (từ 08:00 đến 17:30)
Từ thứ 2 đến sáng thứ 7"
1,"Nhân Viên Kinh Doanh","CÔNG TY TNHH CÔNG NGHỆ EMPOS","- Hồ Chí Minh: Phường Tân Sơn Nhất (quận Tân Bình cũ)","https://www.topcv.vn/viec-lam/nhan-vien-kinh-doanh/1946284.html","Thứ 2 - Thứ 7 (từ 08:00 đến 17:30)
Từ thứ 2 đến sáng thứ 7"
1,"Nhân Viên Kinh Doanh","CÔNG TY TNHH CÔNG NGHỆ EMPOS","- Hồ Chí Minh: Phường Tân Tạo (quận Bình Tân cũ)","https://www.topcv.vn/viec-lam/nhan-vien-kinh-doanh/1946284.html","Thứ 2 - Thứ 7 (từ 08:00 đến 17:30)
Từ thứ 2 đến sáng thứ 7"
1,"Nhân Viên Kinh Doanh","CÔNG TY TNHH CÔNG NGHỆ EMPOS","- Hồ Chí Minh: Phường Vĩnh Hội (Quận 4 cũ)","https://www.topcv.vn/viec-lam/nhan-vien-kinh-doanh/1946284.html","Thứ 2 - Thứ 7 (từ 08:00 đến 17:30)
Từ thứ 2 đến sáng thứ 7"
1,"Nhân Viên Kinh Doanh","CÔNG TY TNHH CÔNG NGHỆ EMPOS","- Hồ Chí Minh: Phường Xóm Chiếu (Quận 4 cũ)","https://www.topcv.vn/viec-lam/nhan-vien-kinh-doanh/1946284.html","Thứ 2 - Thứ 7 (từ 08:00 đến 17:30)
Từ thứ 2 đến sáng thứ 7"
1,"Nhân Viên Kinh Doanh","CÔNG TY TNHH CÔNG NGHỆ EMPOS","- Đà Nẵng: Phường An Khê (quận Cẩm Lệ, quận Thanh Khê cũ)","https://www.topcv.vn/viec-lam/nhan-vien-kinh-doanh/1946284.html","Thứ 2 - Thứ 7 (từ 08:00 đến 17:30)
Từ thứ 2 đến sáng thứ 7"
1,"Nhân Viên Kinh Doanh","CÔNG TY TNHH CÔNG NGHỆ EMPOS","- Đà Nẵng: Phường An Thắng (Thị xã Điện Bàn cũ)","https://www.topcv.vn/viec-lam/nhan-vien-kinh-doanh/1946284.html","Thứ 2 - Thứ 7 (từ 08:00 đến 17:30)
Từ thứ 2 đến sáng thứ 7"
1,"Nhân Viên Kinh Doanh","CÔNG TY TNHH CÔNG NGHỆ EMPOS","- Đà Nẵng: Phường Bàn Thạch (Thành phố Tam Kỳ cũ)","https://www.topcv.vn/viec-lam/nhan-vien-kinh-doanh/1946284.html","Thứ 2 - Thứ 7 (từ 08:00 đến 17:30)
Từ thứ 2 đến sáng thứ 7"
1,"Nhân Viên Kinh Doanh","CÔNG TY TNHH CÔNG NGHỆ EMPOS","- Đà Nẵng: Phường Cẩm Lệ (quận Cẩm Lệ cũ)","https://www.topcv.vn/viec-lam/nhan-vien-kinh-doanh/1946284.html","Thứ 2 - Thứ 7 (từ 08:00 đến 17:30)
Từ thứ 2 đến sáng thứ 7"
1,"Nhân Viên Kinh Doanh","CÔNG TY TNHH CÔNG NGHỆ EMPOS","- Đà Nẵng: Phường Hòa Cường (quận Hải Châu cũ)","https://www.topcv.vn/viec-lam/nhan-vien-kinh-doanh/1946284.html","Thứ 2 - Thứ 7 (từ 08:00 đến 17:30)
Từ thứ 2 đến sáng thứ 7"
1,"Nhân Viên Kinh Doanh","CÔNG TY TNHH CÔNG NGHỆ EMPOS","- Đà Nẵng: Phường Hòa Khánh (huyện Hòa Vang, quận Liên Chiểu cũ)","https://www.topcv.vn/viec-lam/nhan-vien-kinh-doanh/1946284.html","Thứ 2 - Thứ 7 (từ 08:00 đến 17:30)
Từ thứ 2 đến sáng thứ 7"
1,"Nhân Viên Kinh Doanh","CÔNG TY TNHH CÔNG NGHỆ EMPOS","- Đà Nẵng: Phường Hòa Xuân (quận Cẩm Lệ, huyện Hòa Vang cũ)","https://www.topcv.vn/viec-lam/nhan-vien-kinh-doanh/1946284.html","Thứ 2 - Thứ 7 (từ 08:00 đến 17:30)
Từ thứ 2 đến sáng thứ 7"
1,"Nhân Viên Kinh Doanh","CÔNG TY TNHH CÔNG NGHỆ EMPOS","- Đà Nẵng: Phường Hương Trà (Thành phố Tam Kỳ cũ)","https://www.topcv.vn/viec-lam/nhan-vien-kinh-doanh/1946284.html","Thứ 2 - Thứ 7 (từ 08:00 đến 17:30)
Từ thứ 2 đến sáng thứ 7"
1,"Nhân Viên Kinh Doanh","CÔNG TY TNHH CÔNG NGHỆ EMPOS","- Đà Nẵng: Phường Hải Châu (quận Hải Châu cũ)","https://www.topcv.vn/viec-lam/nhan-vien-kinh-doanh/1946284.html","Thứ 2 - Thứ 7 (từ 08:00 đến 17:30)
Từ thứ 2 đến sáng thứ 7"
1,"Nhân Viên Kinh Doanh","CÔNG TY TNHH CÔNG NGHỆ EMPOS","- Đà Nẵng: Phường Hải Vân (huyện Hòa Vang, quận Liên Chiểu cũ)","https://www.topcv.vn/viec-lam/nhan-vien-kinh-doanh/1946284.html","Thứ 2 - Thứ 7 (từ 08:00 đến 17:30)
Từ thứ 2 đến sáng thứ 7"
1,"Nhân Viên Kinh Doanh","CÔNG TY TNHH CÔNG NGHỆ EMPOS","- Đà Nẵng: Phường Hội An (Thành phố Hội An cũ)","https://www.topcv.vn/viec-lam/nhan-vien-kinh-doanh/1946284.html","Thứ 2 - Thứ 7 (từ 08:00 đến 17:30)
Từ thứ 2 đến sáng thứ 7"
1,"Nhân Viên Kinh Doanh","CÔNG TY TNHH CÔNG NGHỆ EMPOS","- Đà Nẵng: Phường Hội An Tây (Thành phố Hội An cũ)","https://www.topcv.vn/viec-lam/nhan-vien-kinh-doanh/1946284.html","Thứ 2 - Thứ 7 (từ 08:00 đến 17:30)
Từ thứ 2 đến sáng thứ 7"
1,"Nhân Viên Kinh Doanh","CÔNG TY TNHH CÔNG NGHỆ EMPOS","- Đà Nẵng: Phường Hội An Đông (Thành phố Hội An cũ)","https://www.topcv.vn/viec-lam/nhan-vien-kinh-doanh/1946284.html","Thứ 2 - Thứ 7 (từ 08:00 đến 17:30)
Từ thứ 2 đến sáng thứ 7"
1,"Nhân Viên Kinh Doanh","CÔNG TY TNHH CÔNG NGHỆ EMPOS","- Đà Nẵng: Phường Liên Chiểu (huyện Hòa Vang, quận Liên Chiểu cũ)","https://www.topcv.vn/viec-lam/nhan-vien-kinh-doanh/1946284.html","Thứ 2 - Thứ 7 (từ 08:00 đến 17:30)
Từ thứ 2 đến sáng thứ 7"
1,"Nhân Viên Kinh Doanh","CÔNG TY TNHH CÔNG NGHỆ EMPOS","- Đà Nẵng: Phường Ngũ Hành Sơn (quận Ngũ Hành Sơn cũ)","https://www.topcv.vn/viec-lam/nhan-vien-kinh-doanh/1946284.html","Thứ 2 - Thứ 7 (từ 08:00 đến 17:30)
Từ thứ 2 đến sáng thứ 7"
1,"Nhân Viên Kinh Doanh","CÔNG TY TNHH CÔNG NGHỆ EMPOS","- Đà Nẵng: Phường Quảng Phú (Thành phố Tam Kỳ cũ)","https://www.topcv.vn/viec-lam/nhan-vien-kinh-doanh/1946284.html","Thứ 2 - Thứ 7 (từ 08:00 đến 17:30)
Từ thứ 2 đến sáng thứ 7"
1,"Nhân Viên Kinh Doanh","CÔNG TY TNHH CÔNG NGHỆ EMPOS","- Đà Nẵng: Phường Sơn Trà (quận Sơn Trà cũ)","https://www.topcv.vn/viec-lam/nhan-vien-kinh-doanh/1946284.html","Thứ 2 - Thứ 7 (từ 08:00 đến 17:30)
Từ thứ 2 đến sáng thứ 7"
1,"Nhân Viên Kinh Doanh","CÔNG TY TNHH CÔNG NGHỆ EMPOS","- Đà Nẵng: Phường Tam Kỳ (Thành phố Tam Kỳ cũ)","https://www.topcv.vn/viec-lam/nhan-vien-kinh-doanh/1946284.html","Thứ 2 - Thứ 7 (từ 08:00 đến 17:30)
Từ thứ 2 đến sáng thứ 7"
1,"Nhân Viên Kinh Doanh","CÔNG TY TNHH CÔNG NGHỆ EMPOS","- Đà Nẵng: Phường Thanh Khê (quận Thanh Khê cũ)","https://www.topcv.vn/viec-lam/nhan-vien-kinh-doanh/1946284.html","Thứ 2 - Thứ 7 (từ 08:00 đến 17:30)
Từ thứ 2 đến sáng thứ 7"
1,"Nhân Viên Kinh Doanh","CÔNG TY TNHH CÔNG NGHỆ EMPOS","- Đà Nẵng: Phường Điện Bàn (Thị xã Điện Bàn cũ)","https://www.topcv.vn/viec-lam/nhan-vien-kinh-doanh/1946284.html","Thứ 2 - Thứ 7 (từ 08:00 đến 17:30)
Từ thứ 2 đến sáng thứ 7"
1,"Nhân Viên Kinh Doanh","CÔNG TY TNHH CÔNG NGHỆ EMPOS","- Đà Nẵng: Phường Điện Bàn Bắc (Thị xã Điện Bàn cũ)","https://www.topcv.vn/viec-lam/nhan-vien-kinh-doanh/1946284.html","Thứ 2 - Thứ 7 (từ 08:00 đến 17:30)
Từ thứ 2 đến sáng thứ 7"
1,"Nhân Viên Kinh Doanh","CÔNG TY TNHH CÔNG NGHỆ EMPOS","- Đà Nẵng: Phường Điện Bàn Đông (Thị xã Điện Bàn cũ)","https://www.topcv.vn/viec-lam/nhan-vien-kinh-doanh/1946284.html","Thứ 2 - Thứ 7 (từ 08:00 đến 17:30)
Từ thứ 2 đến sáng thứ 7"
1,"Nhân Viên Kinh Doanh","CÔNG TY TNHH CÔNG NGHỆ EMPOS","- Đà Nẵng: Xã Chiên Đàn (huyện Phú Ninh cũ)","https://www.topcv.vn/viec-lam/nhan-vien-kinh-doanh/1946284.html","Thứ 2 - Thứ 7 (từ 08:00 đến 17:30)
Từ thứ 2 đến sáng thứ 7"
1,"Nhân Viên Kinh Doanh","CÔNG TY TNHH CÔNG NGHỆ EMPOS","- Đà Nẵng: Xã Duy Nghĩa (huyện Duy Xuyên cũ)","https://www.topcv.vn/viec-lam/nhan-vien-kinh-doanh/1946284.html","Thứ 2 - Thứ 7 (từ 08:00 đến 17:30)
Từ thứ 2 đến sáng thứ 7"
1,"Nhân Viên Kinh Doanh","CÔNG TY TNHH CÔNG NGHỆ EMPOS","- Đà Nẵng: Xã Duy Xuyên (huyện Duy Xuyên cũ)","https://www.topcv.vn/viec-lam/nhan-vien-kinh-doanh/1946284.html","Thứ 2 - Thứ 7 (từ 08:00 đến 17:30)
Từ thứ 2 đến sáng thứ 7"
1,"Nhân Viên Kinh Doanh","CÔNG TY TNHH CÔNG NGHỆ EMPOS","- Đà Nẵng: Xã Gò Nổi (Thị xã Điện Bàn cũ)","https://www.topcv.vn/viec-lam/nhan-vien-kinh-doanh/1946284.html","Thứ 2 - Thứ 7 (từ 08:00 đến 17:30)
Từ thứ 2 đến sáng thứ 7"
1,"Nhân Viên Kinh Doanh","CÔNG TY TNHH CÔNG NGHỆ EMPOS","- Đà Nẵng: Xã Hiệp Đức (huyện Hiệp Đức cũ)","https://www.topcv.vn/viec-lam/nhan-vien-kinh-doanh/1946284.html","Thứ 2 - Thứ 7 (từ 08:00 đến 17:30)
Từ thứ 2 đến sáng thứ 7"
1,"Nhân Viên Kinh Doanh","CÔNG TY TNHH CÔNG NGHỆ EMPOS","- Đà Nẵng: Xã Hà Nha (huyện Đại Lộc cũ)","https://www.topcv.vn/viec-lam/nhan-vien-kinh-doanh/1946284.html","Thứ 2 - Thứ 7 (từ 08:00 đến 17:30)
Từ thứ 2 đến sáng thứ 7"
1,"Nhân Viên Kinh Doanh","CÔNG TY TNHH CÔNG NGHỆ EMPOS","- Đà Nẵng: Xã Hòa Vang (huyện Hòa Vang cũ)","https://www.topcv.vn/viec-lam/nhan-vien-kinh-doanh/1946284.html","Thứ 2 - Thứ 7 (từ 08:00 đến 17:30)
Từ thứ 2 đến sáng thứ 7"
1,"Nhân Viên Kinh Doanh","CÔNG TY TNHH CÔNG NGHỆ EMPOS","- Đà Nẵng: Xã Hùng Sơn (huyện Tây Giang cũ)","https://www.topcv.vn/viec-lam/nhan-vien-kinh-doanh/1946284.html","Thứ 2 - Thứ 7 (từ 08:00 đến 17:30)
Từ thứ 2 đến sáng thứ 7"
1,"Nhân Viên Kinh Doanh","CÔNG TY TNHH CÔNG NGHỆ EMPOS","- Đà Nẵng: Xã Khâm Đức (huyện Phước Sơn cũ)","https://www.topcv.vn/viec-lam/nhan-vien-kinh-doanh/1946284.html","Thứ 2 - Thứ 7 (từ 08:00 đến 17:30)
Từ thứ 2 đến sáng thứ 7"
1,"Nhân Viên Kinh Doanh","CÔNG TY TNHH CÔNG NGHỆ EMPOS","- Đà Nẵng: Xã La Dêê (huyện Nam Giang cũ)","https://www.topcv.vn/viec-lam/nhan-vien-kinh-doanh/1946284.html","Thứ 2 - Thứ 7 (từ 08:00 đến 17:30)
Từ thứ 2 đến sáng thứ 7"
1,"Nhân Viên Kinh Doanh","CÔNG TY TNHH CÔNG NGHỆ EMPOS","- Đà Nẵng: Xã La Êê (huyện Nam Giang cũ)","https://www.topcv.vn/viec-lam/nhan-vien-kinh-doanh/1946284.html","Thứ 2 - Thứ 7 (từ 08:00 đến 17:30)
Từ thứ 2 đến sáng thứ 7"
1,"Nhân Viên Kinh Doanh","CÔNG TY TNHH CÔNG NGHỆ EMPOS","- Đà Nẵng: Xã Lãnh Ngọc (huyện Tiên Phước cũ)","https://www.topcv.vn/viec-lam/nhan-vien-kinh-doanh/1946284.html","Thứ 2 - Thứ 7 (từ 08:00 đến 17:30)
Từ thứ 2 đến sáng thứ 7"
1,"Nhân Viên Kinh Doanh","CÔNG TY TNHH CÔNG NGHỆ EMPOS","- Đà Nẵng: Xã Nam Giang (huyện Nam Giang cũ)","https://www.topcv.vn/viec-lam/nhan-vien-kinh-doanh/1946284.html","Thứ 2 - Thứ 7 (từ 08:00 đến 17:30)
Từ thứ 2 đến sáng thứ 7"
1,"Nhân Viên Kinh Doanh","CÔNG TY TNHH CÔNG NGHỆ EMPOS","- Đà Nẵng: Xã Nam Phước (huyện Duy Xuyên cũ)","https://www.topcv.vn/viec-lam/nhan-vien-kinh-doanh/1946284.html","Thứ 2 - Thứ 7 (từ 08:00 đến 17:30)
Từ thứ 2 đến sáng thứ 7"
1,"Nhân Viên Kinh Doanh","CÔNG TY TNHH CÔNG NGHỆ EMPOS","- Đà Nẵng: Xã Nam Trà My (huyện Nam Trà My cũ)","https://www.topcv.vn/viec-lam/nhan-vien-kinh-doanh/1946284.html","Thứ 2 - Thứ 7 (từ 08:00 đến 17:30)
Từ thứ 2 đến sáng thứ 7"
1,"Nhân Viên Kinh Doanh","CÔNG TY TNHH CÔNG NGHỆ EMPOS","- Đà Nẵng: Xã Nông Sơn (huyện Quế Sơn cũ)","https://www.topcv.vn/viec-lam/nhan-vien-kinh-doanh/1946284.html","Thứ 2 - Thứ 7 (từ 08:00 đến 17:30)
Từ thứ 2 đến sáng thứ 7"
1,"Nhân Viên Kinh Doanh","CÔNG TY TNHH CÔNG NGHỆ EMPOS","- Đà Nẵng: Xã Núi Thành (huyện Núi Thành cũ)","https://www.topcv.vn/viec-lam/nhan-vien-kinh-doanh/1946284.html","Thứ 2 - Thứ 7 (từ 08:00 đến 17:30)
Từ thứ 2 đến sáng thứ 7"
1,"Nhân Viên Kinh Doanh","CÔNG TY TNHH CÔNG NGHỆ EMPOS","- Đà Nẵng: Xã Phú Ninh (huyện Phú Ninh cũ)","https://www.topcv.vn/viec-lam/nhan-vien-kinh-doanh/1946284.html","Thứ 2 - Thứ 7 (từ 08:00 đến 17:30)
Từ thứ 2 đến sáng thứ 7"
1,"Nhân Viên Kinh Doanh","CÔNG TY TNHH CÔNG NGHỆ EMPOS","- Đà Nẵng: Xã Phú Thuận (huyện Đại Lộc cũ)","https://www.topcv.vn/viec-lam/nhan-vien-kinh-doanh/1946284.html","Thứ 2 - Thứ 7 (từ 08:00 đến 17:30)
Từ thứ 2 đến sáng thứ 7"
1,"Fullstack Developer (Tradebot & Market Maker)","CÔNG TY CỔ PHẦN FIN 20","- Hồ Chí Minh: 21/17 Bình Lợi, Phường Bình Lợi Trung (quận Bình Thạnh cũ)","https://www.topcv.vn/viec-lam/fullstack-developer-tradebot-market-maker/2141375.html","Thứ 2 - Thứ 6 (từ 08:00 đến 17:00)
Thứ 2 đến thứ 6: 8h30 – 17h30
Thứ 7: 8h30 – 12h30"
1,"Nhân Viên Kỹ Thuật Phòng Net (Đi Làm Ngay)","CÔNG TY TNHH CYBERCORE VIỆT NAM","- Hồ Chí Minh: Phường Diên Hồng (Quận 10 cũ)","https://www.topcv.vn/viec-lam/nhan-vien-ky-thuat-phong-net-di-lam-ngay/1952740.html","Thứ 2 - Thứ 7 (từ 08:30 đến 17:30)
Làm việc 8 giờ/ngày, 6 ngày/tuần theo lịch do quản lý sắp xếp."
1,"Nhân Viên Kỹ Thuật Phòng Net (Đi Làm Ngay)","CÔNG TY TNHH CYBERCORE VIỆT NAM","- Hồ Chí Minh: Phường Long Bình (Thành phố Thủ Đức cũ)","https://www.topcv.vn/viec-lam/nhan-vien-ky-thuat-phong-net-di-lam-ngay/1952740.html","Thứ 2 - Thứ 7 (từ 08:30 đến 17:30)
Làm việc 8 giờ/ngày, 6 ngày/tuần theo lịch do quản lý sắp xếp."
1,"Nhân Viên Kỹ Thuật Phòng Net (Đi Làm Ngay)","CÔNG TY TNHH CYBERCORE VIỆT NAM","- Hồ Chí Minh: Phường Hòa Hưng (Quận 10 cũ)","https://www.topcv.vn/viec-lam/nhan-vien-ky-thuat-phong-net-di-lam-ngay/1952740.html","Thứ 2 - Thứ 7 (từ 08:30 đến 17:30)
Làm việc 8 giờ/ngày, 6 ngày/tuần theo lịch do quản lý sắp xếp."
1,"Nhân Viên Kỹ Thuật Phòng Net (Đi Làm Ngay)","CÔNG TY TNHH CYBERCORE VIỆT NAM","- Hồ Chí Minh: Phường Tân Hưng (Quận 7 cũ)","https://www.topcv.vn/viec-lam/nhan-vien-ky-thuat-phong-net-di-lam-ngay/1952740.html","Thứ 2 - Thứ 7 (từ 08:30 đến 17:30)
Làm việc 8 giờ/ngày, 6 ngày/tuần theo lịch do quản lý sắp xếp."
1,"Nhân Viên Kỹ Thuật Phòng Net (Đi Làm Ngay)","CÔNG TY TNHH CYBERCORE VIỆT NAM","- Hồ Chí Minh: Xã Tân An Hội (huyện Củ Chi cũ)","https://www.topcv.vn/viec-lam/nhan-vien-ky-thuat-phong-net-di-lam-ngay/1952740.html","Thứ 2 - Thứ 7 (từ 08:30 đến 17:30)
Làm việc 8 giờ/ngày, 6 ngày/tuần theo lịch do quản lý sắp xếp."
1,"Nhân Viên Kỹ Thuật Phòng Net (Đi Làm Ngay)","CÔNG TY TNHH CYBERCORE VIỆT NAM","- Hồ Chí Minh: Phường Chợ Quán (Quận 5 cũ)","https://www.topcv.vn/viec-lam/nhan-vien-ky-thuat-phong-net-di-lam-ngay/1952740.html","Thứ 2 - Thứ 7 (từ 08:30 đến 17:30)
Làm việc 8 giờ/ngày, 6 ngày/tuần theo lịch do quản lý sắp xếp."
1,"Nhân Viên Lập Trình GIS","CÔNG TY CỔ PHẦN LIFETEX","- Hà Nội: 15 Tố Hữu, Phường Thanh Xuân (quận Thanh Xuân cũ)","https://www.topcv.vn/viec-lam/nhan-vien-lap-trinh-gis/1986709.html","Thứ 2 - Thứ 6 (từ 08:00 đến 17:00)
Thứ 7 (từ 08:00 đến 12:00)"
1,"Nhân Viên Media / Video Editor","CÔNG TY TNHH THỰC PHẨM CHẤT LƯỢNG CANADA","- Hà Nội: Tòa CTM số 299 Cầu Giấy, Phường Cầu Giấy (quận Cầu Giấy cũ)","https://www.topcv.vn/viec-lam/nhan-vien-media-video-editor/2125381.html","Thứ 2 - Thứ 7 (từ 08:00 đến 17:30)"
1,"Designer - Thiết Kế Part-Time","CÔNG TY TNHH THƯƠNG MẠI VÀ DỊCH VỤ UNI HOUSE","- Hà Nội: Số 123, Ngõ 133 Nguyễn Trãi, Phường Thanh Xuân (quận Thanh Xuân cũ)","https://www.topcv.vn/viec-lam/designer-thiet-ke-part-time/2122676.html","Thứ 2 - Thứ 7 (từ 08:30 đến 12:00)
Thứ 2 - Thứ 7 (từ 14:00 đến 18:00)
Ca sáng: 8h30 - 12h
Ca chiều: 14h - 18h"
1,"Technical PMO (Presales & DC/Network Solutions)","CÔNG TY TNHH TÍN BẢO LAN","- Hồ Chí Minh: 160/47 Bùi Đình Tuý, Phường Bình Thạnh (quận Bình Thạnh cũ)","https://www.topcv.vn/viec-lam/technical-pmo-presales-dc-network-solutions/2124615.html","Thứ 2 - Thứ 6 (từ 08:00 đến 17:00)
Thứ Bảy (từ 08h00 - 12h00)"
1,"Thực Tập Sinh Video Editor","CÔNG TY CỔ PHẦN DU LỊCH VÀ DỊCH VỤ LALAGO","- Hà Nội: 38 Louis I, Phường Đại Mỗ (quận Nam Từ Liêm cũ)","https://www.topcv.vn/viec-lam/thuc-tap-sinh-video-editor/1451940.html","Thứ 2 - Thứ 6 (từ 08:00 đến 17:30)
Thứ 7 (từ 08:00 đến 12:00)"
1,"Nhân Viên Thiết Kế Đồ Họa (Graphic Design)","Công ty TNHH Công nghiệp INTCO Việt Nam","- Thanh Hóa: Lô CN-01/02 và CN-01/03, Nam Khu A, KCN Bỉm Sơn, Phường Quang Trung (Thị xã Bỉm Sơn cũ)","https://www.topcv.vn/viec-lam/nhan-vien-thiet-ke-do-hoa-graphic-design/2121317.html","Thứ 2 - Thứ 7 (từ 08:00 đến 17:00)"
1,"Nhân Viên Thiết Kế Đồ Họa","CÔNG TY TNHH SẢN XUẤT THƯƠNG MẠI DỊCH VỤ TÂN NÔNG PHÁT","- Hồ Chí Minh: 295 Lê Cơ, Phường An Lạc (quận Bình Tân cũ)","https://www.topcv.vn/viec-lam/nhan-vien-thiet-ke-do-hoa/2049377.html","Thứ 2 - Thứ 6 (từ 08:00 đến 17:00)
Thứ 7 (từ 08:00 đến 15:00)"
1,"Graphic Design (Thiết Kế Đồ Họa) Mảng Mobile Game/App","CÔNG TY CỔ PHẦN TOH GROUP","- Hà Nội: 48 Tố Hữu, Phường Từ Liêm (quận Nam Từ Liêm cũ)","https://www.topcv.vn/viec-lam/graphic-design-thiet-ke-do-hoa-mang-mobile-game-app/2104408.html","Thứ 2 - Thứ 6 (từ 08:00 đến 17:30)
Sáng thứ 7 chơi cầu lông 2h toàn cty, có hưởng lương."
1,"Tư Vấn Triển Khai Phần Mềm Website (BA) Fulltime","CÔNG TY TNHH CÔNG NGHỆ PHẦN MỀM NASANI","- Hồ Chí Minh: tòa nhà Sài Gòn ICT, Công viên phần mềm Quang Trung, Trung Mỹ Tây, Phường Trung Mỹ Tây (Quận 12 cũ)","https://www.topcv.vn/viec-lam/tu-van-trien-khai-phan-mem-website-ba-fulltime/2115500.html","Thứ 2 - Thứ 6 (từ 08:00 đến 17:00)
Thứ 7 (từ 08:00 đến 12:00)
thứ 7 ( 8h-12h)"
1,"Kỹ Sư Lập Trình Nhúng","Công ty TNHH một thành viên Tổng Công ty Sản xuất thiết bị Viettel","- Hà Nội: An Bình, Xã An Khánh (huyện Hoài Đức cũ)","https://www.topcv.vn/viec-lam/ky-su-lap-trinh-nhung/1739673.html","Thứ 2 - Thứ 6 (từ 08:00 đến 17:30)
Thứ 7 đầu tiên của tháng"
1,"Nhân Viên Kinh Doanh (Không Đi Thị Trường) - Thu Nhập Từ 15 Trở Lên Tại Hồ Chí Minh","CÔNG TY TNHH CÔNG NGHỆ THÔNG TIN TRƯỜNG THỊNH","- Hồ Chí Minh: 14 Trịnh Lỗi, Phường Phú Thọ Hòa (quận Tân Phú cũ)","https://www.topcv.vn/viec-lam/nhan-vien-kinh-doanh-khong-di-thi-truong-thu-nhap-tu-15-tro-len-tai-ho-chi-minh/2128323.html","Thứ 2 - Thứ 7 (từ 08:00 đến 17:30)
Nghỉ trưa 1,5 tiếng"
1,"Nhân Viên Kỹ Thuật Triển Khai","Công ty Cổ Phần Kỹ thuật DEC","- Hồ Chí Minh: 1/82 Lữ Gia, Phường Phú Thọ (Quận 11 cũ)","https://www.topcv.vn/viec-lam/nhan-vien-ky-thuat-trien-khai/1241072.html","Thứ 2 - Thứ 6 (từ 08:00 đến 17:00)
Thứ 7 (từ 08:00 đến 12:00)
Thứ 2 - Thứ 6: 8h-17h
Thứ 7: 8h-12h"
1,"Nhân Viên Thiết Kế","CÔNG TY TNHH D.A.M","- Hà Nội: Trâu Qùy, Xã Gia Lâm (huyện Gia Lâm cũ)","https://www.topcv.vn/viec-lam/nhan-vien-thiet-ke/2150253.html","Thứ 2 - Thứ 7 (từ 08:00 đến 17:00)"
1,"Lập Trình CAM - Lương Lên Đến 17 Triệu","Công ty cổ phần sản xuất khuôn mẫu Việt Nam","- Hà Nội: Cụm công nghiệp Di Trạch, Xã Hoài Đức (huyện Hoài Đức cũ)","https://www.topcv.vn/viec-lam/lap-trinh-cam-luong-len-den-17-trieu/2139966.html","Thứ 2 - Thứ 7 (từ 08:00 đến 17:00)"
1,"Thiết Kế Đồ Họa (Graphic Design)","CÔNG TY CỔ PHẦN XÂY DỰNG & THƯƠNG MẠI ĐẤT THÀNH","- Hồ Chí Minh: 162/117 Nguyễn Văn Khối, Phường Thông Tây Hội (quận Gò Vấp cũ)","https://www.topcv.vn/viec-lam/thiet-ke-do-hoa-graphic-design/2114000.html","Thứ 2 - Thứ 7 (từ 08:00 đến 17:30)
Thứ 7 làm cách tuần"
1,"Chuyên Gia Triển Khai Và Vận Hành Hệ Thống SCM","Công ty Cổ phần Tập đoàn Hoa Sen","- Hồ Chí Minh: VP Hoa Sen Home, 72 Nguyễn Cơ Thạch, Phường An Khánh (Thành phố Thủ Đức cũ)","https://www.topcv.vn/viec-lam/chuyen-gia-trien-khai-va-van-hanh-he-thong-scm/2111336.html","Thứ 2 - Thứ 6 (từ 08:00 đến 17:00)
Thứ 7 (từ 08:00 đến 12:00)"
1,"Backend/Frontend Developer (ASP.Net Core,ReactJS)","CÔNG TY CỔ PHẦN I-SOFT","- Hồ Chí Minh: Số 7 Lô C2 Đường 659, Khu nhà ở Phước Long B, Phường Phước Long (Thành phố Thủ Đức cũ)","https://www.topcv.vn/viec-lam/backend-frontend-developer-asp-net-core-reactjs/1832660.html","Thứ 2 - Thứ 6 (từ 08:00 đến 17:00)
Thứ 7 làm buổi sáng, tuần làm tuần nghỉ"
1,"Thực Tập Sinh Thiết Kế Đồ Họa (Full-Time)","CÔNG TY TNHH HOMENAY RENOVATION","- Hồ Chí Minh: 302 Lê Văn Sỹ, Phường Tân Sơn Hòa (quận Tân Bình cũ)","https://www.topcv.vn/viec-lam/thuc-tap-sinh-thiet-ke-do-hoa-full-time/1772204.html","Thứ 2 - Thứ 6 (từ 08:00 đến 17:00)
Thứ 7 (từ 08:00 đến 12:00)"
1,"Nhân Viên Kỹ Thuật Lập Trình CNC","Công ty Cổ Phần Trần Đức","- Hồ Chí Minh: 69/13 Đường Bình Chuẩn 42, Khu phố Bình Phước A, Phường An Phú (Thành phố Thuận An cũ)","https://www.topcv.vn/viec-lam/nhan-vien-ky-thuat-lap-trinh-cnc/2132110.html","Thứ 2 - Thứ 7 (từ 08:00 đến 16:45)"
1,"Nhân Viên AI Văn Phòng - Tiếng Trung","CÔNG TY TNHH GIẢI PHÁP SỐ G2 VIỆT NAM","- Hải Phòng: ngũ hùng, Xã Bắc Thanh Miện (huyện Thanh Miện cũ)","https://www.topcv.vn/viec-lam/nhan-vien-ai-van-phong-tieng-trung/1453990.html","Thứ 2 - Thứ 7 (từ 08:00 đến 17:00)"
1,"Kỹ Thuật Máy Tính / IT Support (AI Tools)","Công ty TNHH Công Nghệ INFO Việt Nam","- Hải Phòng: Số 182 Hạ Lý, Phường Hồng Bàng (quận Hồng Bàng cũ)","https://www.topcv.vn/viec-lam/ky-thuat-may-tinh-it-support-ai-tools/1532037.html","Thứ 2 - Thứ 7 (từ 07:45 đến 17:00)"
1,"Trưởng Nhóm Thiết Kế - Kinh Nghiệm Bất Động Sản","CÔNG TY CỔ PHẦN DKRA VEGA","- Hồ Chí Minh: 36 Tăng Bạt Hổ, Phường Chợ Lớn (Quận 5 cũ)","https://www.topcv.vn/viec-lam/truong-nhom-thiet-ke-kinh-nghiem-bat-dong-san/2126136.html","Thứ 2 - Thứ 6 (từ 08:00 đến 17:00)
Thứ 7 (từ 08:00 đến 12:00)
(Nghỉ trưa từ 12:00 – 13:00)"
1,"Chuyên Viên Thiết Kế Đồ Họa & Media","CÔNG TY CỔ PHẦN GIOVANNI POS","- Hà Nội: Tòa nhà Bình Minh, 81 Đàm Quang Trung, Phường Long Biên (quận Long Biên cũ)","https://www.topcv.vn/viec-lam/chuyen-vien-thiet-ke-do-hoa-media/2149371.html","Thứ 2 - Thứ 6 (từ 08:00 đến 17:00)
Thứ 7 (từ 08:00 đến 12:00)
Sáng thứ 7 làm việc linh hoạt"
1,"Intern/Thực Tập Sinh Design - Thực Chiến Cùng Austramilk - Thu Nhập Từ 1-4 Triệu - Hồ Chí Minh","CÔNG TY TNHH HỆ THỐNG SIÊU THỊ OZZIES MARTS","- Hồ Chí Minh: 451/36/25 Tô Hiến Thành Q10, Phường Diên Hồng (Quận 10 cũ)","https://www.topcv.vn/viec-lam/intern-thuc-tap-sinh-design-thuc-chien-cung-austramilk-thu-nhap-tu-1-4-trieu-ho-chi-minh/2131746.html","Thứ 2 - Thứ 7 (từ 08:30 đến 17:30)"
1,"Nhân Viên Kinh Doanh / Sales / Tư Vấn Khách Hàng – Data Có Sẵn – Thu Nhập Hấp Dẫn Từ 15–30 Triệu – TP.HCM","CÔNG TY TNHH LOOP TECHNOLOGIES","- Hồ Chí Minh: Số 12 – 13, Đường N1, Phường Tân Thuận (Quận 7 cũ)","https://www.topcv.vn/viec-lam/nhan-vien-kinh-doanh-sales-tu-van-khach-hang-data-co-san-thu-nhap-hap-dan-tu-1530-trieu-tp-hcm/2140075.html","Thứ 2 - Thứ 6 (từ 08:30 đến 18:00)
Thứ 7 (từ 09:00 đến 12:00)
Nghỉ trưa 12:00 – 13:30
Thứ 7 : làm remote"
1,"Chuyên Viên Kinh Doanh Phần Mềm Tư Vấn Trực Tiếp","CÔNG TY CỔ PHẦN CÔNG NGHỆ KIOTVIET","- Hà Nội: 1A Yết Kiêu, Phường Cửa Nam (quận Hoàn Kiếm cũ)","https://www.topcv.vn/viec-lam/chuyen-vien-kinh-doanh-phan-mem-tu-van-truc-tiep/2125623.html","Thứ 2 - Thứ 6 (từ 08:00 đến 17:00)
Làm từ thứ 2 - 6 & Làm 2 thứ 7 - nghỉ 2 thứ 7 trong tháng"
1,"Chuyên Viên Triển Khai - Đào Tạo Phần Mềm","CÔNG TY CỔ PHẦN LIFETEX","- Hồ Chí Minh: 72 Lê Thánh Tôn, Phường Sài Gòn (Quận 1 cũ)","https://www.topcv.vn/viec-lam/chuyen-vien-trien-khai-dao-tao-phan-mem/1981290.html","Thứ 2 - Thứ 6 (từ 08:00 đến 17:00)
Thứ 7 (từ 08:00 đến 12:00)"
1,"Thực Tập Sinh Kinh Doanh Dự Án","Công ty CP Đầu tư Thương mại và Phát triển Công nghệ FSI - CN HCM","- Hồ Chí Minh: 26/22 Đường số 3, Cư xá Đô Thành, Phường Bàn Cờ (Quận 3 cũ)","https://www.topcv.vn/viec-lam/thuc-tap-sinh-kinh-doanh-du-an/1675678.html","Thứ 2 - Thứ 6 (từ 08:00 đến 17:00)
Thứ 7 tuần 2 và tuần 4 làm online"
1,"Nhân Viên Thiết Kế Đồ Hoạ","Công ty Cổ phần Đầu tư Địa ốc Khang Nam","- Hồ Chí Minh: 215 đường 9A, KDC Trung Sơn, Xã Bình Hưng (huyện Bình Chánh cũ)","https://www.topcv.vn/viec-lam/nhan-vien-thiet-ke-do-hoa/2151041.html","Thứ 2 - Thứ 6 (từ 08:00 đến 17:00)
Thứ 7 (từ 08:00 đến 12:00)
Từ Thứ 2 đến sáng Thứ 7"
1,"Thực Tập Sinh Thiết Kế","CÔNG TY CỔ PHẦN LỐI SỐNG XANH ECOLAR","- Hồ Chí Minh: 31A đường 17 khu phố 3, Phường Hiệp Bình (Thành phố Thủ Đức cũ)","https://www.topcv.vn/viec-lam/thuc-tap-sinh-thiet-ke/1999485.html","Thứ 2 - Thứ 7 (từ 08:00 đến 17:30)
Nghỉ trưa: 11h30-13h"
1,"Nhân Viên Kinh Doanh Giải Pháp Dành Cho Hộ Kinh Doanh - Không Giới Hạn Chuyên Ngành","Công ty Cổ phần MISA","- Hà Nội: Tòa nhà Công Đoàn Ngân hàng Việt Nam, Số 6, ngõ 82 Dịch Vọng Hậu, Phường Cầu Giấy (quận Cầu Giấy cũ)
- Hồ Chí Minh: Tòa nhà MISA Lô 5, Công viên Phần mềm Quang Trung, 49 Tô Ký, Phường Trung Mỹ Tây (Quận 12 cũ)","https://www.topcv.vn/brand/misa/tuyen-dung/nhan-vien-kinh-doanh-giai-phap-danh-cho-ho-kinh-doanh-khong-gioi-han-chuyen-nganh-j2153686.html","[""8 tiếng/ngày từ Thứ Hai đến Thứ Sáu, Thứ Bảy làm việc từ 8h00 - 12h00\nGiai đoạn từ 01/05 - 30/11 hàng năm: Thời gian làm việc thứ Bảy hàng tuần linh động theo yêu cầu và tiến độ của công việc thực tế phát sinh""]"
1,"Nhân Viên Kinh Doanh","CÔNG TY TNHH TMDV CÔNG NGHỆ VPS","- Hồ Chí Minh: Phường Trung Mỹ Tây (Quận 12 cũ)","https://www.topcv.vn/viec-lam/nhan-vien-kinh-doanh/2103211.html","Thứ 2 - Thứ 6 (từ 08:00 đến 17:00)
Thứ 7 (từ 08:00 đến 12:00)"
1,"Nhân Viên Kinh Doanh Phân Phối Công Nghệ Thông Tin","CÔNG TY CỔ PHẦN VDO","- Hồ Chí Minh: 155 võ văn tần, Phường Xuân Hòa (Quận 3 cũ)","https://www.topcv.vn/viec-lam/nhan-vien-kinh-doanh-phan-phoi-cong-nghe-thong-tin/1878604.html","Thứ 2 - Thứ 6 (từ 08:00 đến 17:30)
Thứ 7 làm việc cách tuần"
1,"Nhân Viên Kinh Doanh Dịch Vụ","CÔNG TY CỔ PHẦN CÔNG NGHỆ GIẢI PHÁP THI THIÊN","- Hồ Chí Minh: 47 Hồ Bá Kiện, Phường Hòa Hưng (Quận 10 cũ)","https://www.topcv.vn/viec-lam/nhan-vien-kinh-doanh-dich-vu/2067877.html","Thứ 2 - Thứ 6 (từ 08:00 đến 17:00)
Thứ 7 (từ 08:00 đến 12:00)"
1,"Chuyên Viên Kinh Doanh - KiotViet Software","CÔNG TY CỔ PHẦN CÔNG NGHỆ KIOTVIET","- Hà Nội: Số 1B Yết Kiêu, Phường Cửa Nam (quận Hoàn Kiếm cũ)","https://www.topcv.vn/viec-lam/chuyen-vien-kinh-doanh-kiotviet-software/1919019.html","Thứ 2 - Thứ 6 (từ 08:00 đến 17:30)
Thứ 7: 08h00-12h00"
1,"Product Owner (Từ 2 Năm Kinh Nghiệm)","CÔNG TY CỔ PHẦN ĐẦU TƯ CÔNG NGHỆ VÀ THƯƠNG MẠI SOFTDREAMS","- Hà Nội: Tầng 3 CT5 AB Văn Khê, Hà Đông (quận Hà Đông cũ), Phường Hà Đông (quận Hà Đông cũ)","https://www.topcv.vn/brand/softdreams/tuyen-dung/product-owner-tu-2-nam-kinh-nghiem-j2138790.html","[""Thứ 2 - Thứ 6 (từ 08:00 đến 17:30)\nThứ 7 cách tuần""]"
1,"Nhân Viên Thiết Kế Đồ Hoạ","CÔNG TY CỔ PHẦN DỊCH VỤ THƯƠNG MẠI VÀ QUẢNG CÁO HPA","- Hà Nội: Số 27 ngõ 193 Định Công Hạ, Phường Định Công (quận Hoàng Mai cũ)","https://www.topcv.vn/viec-lam/nhan-vien-thiet-ke-do-hoa/2124495.html","Thứ 2 - Thứ 7 (từ 08:00 đến 17:30)"
1,"Nhân Viên Kinh Doanh B2B","Công ty Cổ phần Giải pháp Chuyên gia Star Global","- Hồ Chí Minh: 04 Đường N8, Khu phố 2,, Phường Long Trường (Thành phố Thủ Đức cũ)","https://www.topcv.vn/viec-lam/nhan-vien-kinh-doanh-b2b/2149620.html","Thứ 2 - Thứ 6 (từ 08:00 đến 17:30)
Thứ 7 (từ 08:00 đến 12:00)"
1,"Chuyên Viên Thiết Kế (Designer)","CÔNG TY TNHH HPA DIRECT VN","- Hà Nội: Số 59 Xuân Diệu, Tây Hồ, Phường Tây Hồ (quận Tây Hồ cũ)","https://www.topcv.vn/viec-lam/chuyen-vien-thiet-ke-designer/2114946.html","Từ thứ 2 đến thứ 6, Thứ 7 làm cách tuần
Chọn thời gian làm linh hoạt 09h00-18h00 hoặc 08h00-17h00 (nghỉ trưa 1h)"
1,"Cộng Tác Viên - DEV Font-End","CÔNG TY CỔ PHẦN ĐẦU TƯ VÀ PHÁT TRIỂN CÔNG NGHỆ TRUYỀN THÔNG NAM VIỆT","- Hà Nội: Tầng 6, tháp B, tòa Central Point 219 Trung Kính, Yên Hòa, Cầu Giấy, Phường Cầu Giấy (quận Cầu Giấy cũ)","https://www.topcv.vn/viec-lam/cong-tac-vien-dev-font-end/2130866.html","Thứ 2 - Thứ 7 (từ 08:00 đến 17:00)"
1,"Trưởng Nhóm Kinh Doanh","CÔNG TY TNHH GIẢI PHÁP VÀ DỊCH VỤ PHẦN MỀM SUPERB AI","- Hà Nội: Số 2/2, ngõ 180 Hoàng Quốc Việt, Phường Nghĩa Đô (quận Bắc Từ Liêm, quận Cầu Giấy cũ)","https://www.topcv.vn/viec-lam/truong-nhom-kinh-doanh/2134115.html","Thứ 2 - Thứ 6 (từ 08:00 đến 17:30), Nghỉ trưa 12h00 đến 13h30
Thứ 7 (từ 08:00 đến 12:00)
Nghỉ phép 1,5 ngày + 1 ngày WFH/tháng"
1,"Nhân Viên Kinh Doanh Phần Mềm","CÔNG TY TNHH CÔNG NGHỆ PHẦN MỀM NASANI","- Hồ Chí Minh: òa nhà Saigon ICT, Lô 46 Công viên phần mềm Quang Trung, Phường Trung Mỹ Tây (Quận 12 cũ)","https://www.topcv.vn/viec-lam/nhan-vien-kinh-doanh-phan-mem/2146479.html","Thứ 2 - Thứ 6 (từ 08:00 đến 17:00)
Thứ 7 (từ 08:00 đến 12:00)"
1,"Nhân Viên Thiết Kế","Công ty cổ phần Thảo Dược Fitolabs","- Hà Nội: Số 4 Thôn Cương Ngô, Xã Thanh Trì (huyện Thanh Trì cũ)","https://www.topcv.vn/viec-lam/nhan-vien-thiet-ke/2142511.html","Thứ 2 - Thứ 6 (từ 08:00 đến 17:15)
Thứ 7 làm sáng từ 8h đến 11h30"
1,"Nhân Viên Tư Vấn Triển Khai Phần Mềm (Ban Dự Án )","CÔNG TY CỔ PHẦN HOSCO VIỆT NAM","- Hà Nội: 73 Cầu Diễn, Phường Xuân Phương (quận Nam Từ Liêm cũ)","https://www.topcv.vn/viec-lam/nhan-vien-tu-van-trien-khai-phan-mem-ban-du-an/1864458.html","Thứ 2 đến sáng thứ 7 ( từ 8h-17h30, nghỉ trưa 1h30)"
1,"Nhân Viên Tư Vấn Triển Khai Phần Mềm (Ban Dự Án )","CÔNG TY CỔ PHẦN HOSCO VIỆT NAM","- Hồ Chí Minh: 57 Bàu Cát 6, Phường Tân Bình (quận Tân Bình cũ)","https://www.topcv.vn/viec-lam/nhan-vien-tu-van-trien-khai-phan-mem-ban-du-an/1864458.html","Thứ 2 đến sáng thứ 7 ( từ 8h-17h30, nghỉ trưa 1h30)"
1,"Nhân Viên Thiết Kế","CÔNG TY CỔ PHẦN DƯỢC PHẨM UNIPHAVET","- Tây Ninh: Lô B103, Đường số 4, KCN Thái Hòa, ấp Tân Hòa, Xã Đức Lập (huyện Đức Hòa cũ)","https://www.topcv.vn/viec-lam/nhan-vien-thiet-ke/2119006.html","Thứ 2 - Thứ 7 (từ 08:00 đến 16:30)"
1,"Chuyên Viên Hạ Tầng Mạng Và Bảo Mật","Công ty Cổ phần Tập đoàn OSB","- Hồ Chí Minh: 152 Phan Chu Trinh, Phường Vũng Tàu (Thành phố Vũng Tàu cũ)","https://www.topcv.vn/viec-lam/chuyen-vien-ha-tang-mang-va-bao-mat/2141087.html","Thứ 2 - Thứ 6 (từ 08:00 đến 17:00)
Thứ 7 (từ 08:00 đến 12:00)"
1,"Trưởng Nhóm Thiết Kế","CÔNG TY CỔ PHẦN QUẢN LÝ VẬN HÀNH KHÁCH SẠN SUPER HOTEL CANDLE","- Hà Nội: CDC building 25 Lê Đại Hành, Phường Hai Bà Trưng (quận Hai Bà Trưng cũ)","https://www.topcv.vn/viec-lam/truong-nhom-thiet-ke/1891562.html","Thứ 2 - Thứ 7 (từ 08:00 đến 17:30)"
1,"Nhân Viên Design Fulltime","Công ty TNHH Tabcom Care","- Hà Nội: Liền kề 2.1, Số 39 Đường 18M, Mộ Lao, Phường Hà Đông (quận Hà Đông cũ)","https://www.topcv.vn/viec-lam/nhan-vien-design-fulltime/2084127.html","Thứ 2 - Thứ 7 (từ 08:00 đến 17:30)"
1,"Nhân Viên Thiết Kế Đồ Họa","Công ty Cổ Phần Cúc Phương","- Hà Nội: Tổ 15, Kiến Hưng, Hà Đông cũ, Phường Hà Đông (quận Hà Đông cũ)","https://www.topcv.vn/viec-lam/nhan-vien-thiet-ke-do-hoa/2129630.html","Thứ 2 - Thứ 7 (từ 08:00 đến 17:00)
Riêng T7, CBNV đảm bảo làm đủ tối thiểu 02 ngày/tháng"
1,"TTS Thiết Kế Đồ Họa, Editor Fulltime","CÔNG TY CỔ PHẦN Ý TƯỞNG KHỞI NGUỒN","- Hà Nội: (Tất cả phường)","https://www.topcv.vn/viec-lam/tts-thiet-ke-do-hoa-editor-fulltime/2116279.html","Thứ 2 - Thứ 6 (từ 08:30 đến 18:00)
Thứ 7 (từ 08:30 đến 12:00)"
1,"Nhân Viên Thiết Kế In Ấn Bao Bì","CÔNG TY TNHH MTV ĐẠI TÀI LỢI","- Hồ Chí Minh: Số 3 đường 25A, Phường An Lạc (quận Bình Tân cũ)","https://www.topcv.vn/viec-lam/nhan-vien-thiet-ke-in-an-bao-bi/2122291.html","Thứ 2 - Thứ 7 (từ 08:00 đến 17:30)
Nghỉ từ 12:00 đến 13:30"
1,"Nhân Viên Kỹ Thuật Máy Tính, Máy In, Camera","Công ty TNHH công nghệ KSC","- Hải Phòng: 166 xích thổ, Phường An Hải (quận An Dương cũ)","https://www.topcv.vn/viec-lam/nhan-vien-ky-thuat-may-tinh-may-in-camera/1204478.html","Thứ 2 - Thứ 7 (từ 08:00 đến 17:30)"
1,"Lead/ Trưởng Nhóm Business Analyst","CÔNG TY CỔ PHẦN LIFETEX","- Hà Nội: 15 Tố Hữu, Phường Thanh Xuân (quận Thanh Xuân cũ)","https://www.topcv.vn/viec-lam/lead-truong-nhom-business-analyst/1920188.html","Thứ 2 - Thứ 6 (từ 08:00 đến 17:00)
Thứ 7 (từ 08:00 đến 12:00)"
1,"Senior Graphic Designer (Mạnh Ecom)","Công ty TNHH TM Thiên Thủy Mộc","- Hồ Chí Minh: 23 Trường Sơn, Phường Tân Sơn Nhất (quận Tân Bình cũ)","https://www.topcv.vn/viec-lam/senior-graphic-designer-manh-ecom/1884941.html","Thứ 2 - Thứ 6 (từ 08:30 đến 17:30)
Thứ 7 (từ 08:30 đến 12:30)"
1,"Nhân Viên Xử Lý Data – Dự Án QC Project (Tagging)","Công ty TNHH Việt Mỹ SSU","- Hồ Chí Minh: Phường Tân Bình (quận Tân Bình cũ)","https://www.topcv.vn/viec-lam/nhan-vien-xu-ly-data-du-an-qc-project-tagging/2122941.html","Thứ 2 - Thứ 7 (từ 09:00 đến 18:00)"
1,"Nhân Viên Thiết Kế Đồ Họa","CÔNG TY TNHH VĂN HOÁ PALETTE","- Hà Nội: 131 Phan Văn Trường, Phường Cầu Giấy (quận Cầu Giấy cũ)","https://www.topcv.vn/viec-lam/nhan-vien-thiet-ke-do-hoa/2152166.html","Thứ 2 - Thứ 6 (từ 09:00 đến 18:00)
Thứ 7 (từ 09:00 đến 12:00)"
1,"Nhân Viên Thiết Kế Đồ Họa","Công ty Cổ Phần Tập Đoàn Bất Động Sản CRV","- Hà Nội: Phường Hai Bà Trưng (quận Hai Bà Trưng cũ)","https://www.topcv.vn/viec-lam/nhan-vien-thiet-ke-do-hoa/2114336.html","Thứ 2 - Thứ 7 (từ 08:00 đến 17:30)"
1,"Thiết Kế Game / Game Designer (Junior)","CÔNG TY TNHH HỌC LÝ PHƯƠNG ĐÔNG","- Hà Nội: tòa văn phòng CT2D, VOV, đường Lương Thế Vinh, Phường Từ Liêm (quận Nam Từ Liêm cũ)","https://www.topcv.vn/viec-lam/thiet-ke-game-game-designer-junior/1961559.html","Thứ 2 - Thứ 6 (từ 08:00 đến 17:30)
Thứ 7 (từ 08:00 đến 12:00)"
1,"Nhân Viên Chỉnh Sửa Hình Ảnh Nội Thất",CenNext,"- Hà Nội: 22 Thành Công, Phường Giảng Võ (quận Ba Đình cũ)","https://www.topcv.vn/viec-lam/nhan-vien-chinh-sua-hinh-anh-noi-that/1387522.html","7h - 16h, từ thứ 2 đến thứ 6 và  2 ngày thứ 7 cách tuần trong 1 tháng."
1,"Nhân Viên IT","Công ty TNHH Hyosung Financial System Vina","- Bắc Ninh: Lô CN8-1 KCN Yên Phong 2C, Tam Giang, Yên Phong, Xã Yên Phong (huyện Yên Phong cũ)","https://www.topcv.vn/viec-lam/nhan-vien-it/2133971.html","Thứ 2 - Thứ 7 (từ 08:00 đến 17:00)
Nghỉ 2 thứ 7/tháng"
1,"Thực Tập Sinh Business Development - Agency","CÔNG TY TNHH DIWE","- Hà Nội: 136 Phố Nguyễn Lân, Phường Phương Liệt (quận Thanh Xuân cũ)","https://www.topcv.vn/viec-lam/thuc-tap-sinh-business-development-agency/2142757.html","Thứ 2 - Thứ 6 (từ 08:15 đến 17:30)
Từ thứ 2 đến thứ 6 và 2 thứ 7 cách tuần trong tháng"
1,"Nhân Viên Lập Trình - Vận Hành Máy CNC","CÔNG TY TNHH CÔNG NGHỆ CAO MICRO ONE","- Hà Nội: Lô 05/9B KCN Hoàng Mai Hà Nội, Việt Nam, Phường Hoàng Mai (quận Hoàng Mai cũ)","https://www.topcv.vn/viec-lam/nhan-vien-lap-trinh-van-hanh-may-cnc/1750765.html","Thứ 2 - Thứ 7 (từ 08:00 đến 17:00)"
1,"Nhân Viên Kinh Doanh Phần Mềm","CÔNG TY TNHH CÔNG NGHỆ PHẦN MỀM NASANI","- Hồ Chí Minh: Lầu 1 Tòa nhà Saigon ICT, Lô 46 Công viên phần mềm Quang Trung, Phường Trung Mỹ Tây (Quận 12 cũ)","https://www.topcv.vn/viec-lam/nhan-vien-kinh-doanh-phan-mem/2129936.html","Thứ 2 - Thứ 6 (từ 08:00 đến 17:00)
Thứ 7 (từ 08:00 đến 12:00)"
1,"Nhân Viên Unity Playable Ads","CÔNG TY TNHH CÔNG NGHỆ NHẬN THỨC MÁY HORUS AI","- Hà Nội: tòa văn phòng CT2D, VOV, đường Lương Thế Vinh, Phường Từ Liêm (quận Nam Từ Liêm cũ)","https://www.topcv.vn/viec-lam/nhan-vien-unity-playable-ads/1870584.html","Thứ 2 - Thứ 6 (từ 08:00 đến 17:00)
Thứ 7 (từ 08:00 đến 12:00)"
1,"Chuyên Viên Kinh Doanh B2B","CÔNG TY TNHH CÔNG NGHỆ VIETBAY","- Hà Nội: A8 – TT1 FiveStar Mỹ Đình, Phường Từ Liêm (quận Nam Từ Liêm cũ)","https://www.topcv.vn/viec-lam/chuyen-vien-kinh-doanh-b2b/1195417.html","Thứ 2 - Thứ 6 (từ 08:15 đến 17:30)
Thứ 7 làm việc cách tuần"
1,"Chuyên Viên Kinh Doanh B2B","CÔNG TY TNHH CÔNG NGHỆ VIETBAY","- Hồ Chí Minh: Phòng 37, Tầng 3, QTSC Building, 97-101 Đường Nguyễn Công Trứ, Phường Sài Gòn (Quận 1 cũ)","https://www.topcv.vn/viec-lam/chuyen-vien-kinh-doanh-b2b/1195417.html","Thứ 2 - Thứ 6 (từ 08:15 đến 17:30)
Thứ 7 làm việc cách tuần"
1,"Senior Graphic Designer, Từ 2 Năm Kinh Nghiệm, Thu Nhập 12-15++ Triệu Tại Ba Đình Hà Nội","CÔNG TY CỔ PHẦN TRUYỀN THÔNG VÀ THƯƠNG MẠI X COMM","- Hà Nội: 226 Vạn Phúc, Phường Ngọc Hà (quận Ba Đình cũ)","https://www.topcv.vn/viec-lam/senior-graphic-designer-tu-2-nam-kinh-nghiem-thu-nhap-12-15-trieu-tai-ba-dinh-ha-noi/1737268.html","Thứ 2 - Thứ 6 (từ 08:30 đến 18:00)
Thứ 7 (từ 08:30 đến 12:30)"
1,"Senior Product Owner- Sản Phẩm AI Edtech",EDUPIA,"- Hà Nội: Tầng 2-3-5-6 Tòa Comatce, 61 Ngụy Như Kon Tum, Phường Thanh Xuân (quận Thanh Xuân cũ)","https://www.topcv.vn/brand/educa/tuyen-dung/senior-product-owner-san-pham-ai-edtech-j2108934.html","[""Thứ 2 - Thứ 6 (từ 08:00 đến 17:30)\nThứ 7 (từ 08:00 đến 12:00)""]"
1,"Nhân Viên Thiết Kế Đồ Họa (Graphic Designer)","CÔNG TY TNHH ANNA EYEGLASSES HÀ NỘI","- Hồ Chí Minh: 212A2 Nguyễn Trãi, Cầu Ông Lãnh, Phường Cầu Ông Lãnh (Quận 1 cũ)","https://www.topcv.vn/viec-lam/nhan-vien-thiet-ke-do-hoa-graphic-designer/1779225.html","Sáng 8h00-12h00, chiều: 13h00-17h00, làm thứ 7 cách tuần"
1,"Nhân Viên Phần Mềm","CÔNG TY CỔ PHẦN VẬT TƯ KHOA HỌC KỸ THUẬT - LASI","- Hà Nội: Phường Yên Hòa (quận Cầu Giấy cũ)","https://www.topcv.vn/viec-lam/nhan-vien-phan-mem/2116789.html","Thứ 2 - Thứ 6 (từ 08:00 đến 17:00)
Từ Thứ 2 đến Thứ 6 (8h30 - 17h30), làm thứ 7 cách tuần"
1,"Kỹ Sư Lập Trình","CÔNG TY TNHH PHẦN MỀM VINASHOOT","- Hà Nội: p1104, tòa c5, kđt mỹ đình 1, Phường Từ Liêm (quận Nam Từ Liêm cũ)","https://www.topcv.vn/viec-lam/ky-su-lap-trinh/2125982.html","Thứ 2 - Thứ 7 (từ 08:00 đến 17:30)
Tháng được nghỉ 2 thứ 7."
1,"Chuyên Viên ERP (Functional)","Tập Đoàn Vàng Bạc Đá Quý DOJI","- Hà Nội: DOJI Tower, số 5, Lê Duẩn, Phường Ba Đình (quận Ba Đình cũ)","https://www.topcv.vn/viec-lam/chuyen-vien-erp-functional/2150200.html","Thứ 2 - Thứ 6 (từ 08:30 đến 17:30)
Thứ 7 (từ 08:30 đến 17:30)
Nghỉ trưa từ 12h - 13h
Thứ 7 làm việc cách tuần"
1,"Nhân Viên Graphic Design","Công Ty TNHH 1986 Việt Nam","- Hà Nội: 143 Hà Kế Tấn, Phường Thanh Xuân (quận Thanh Xuân cũ)","https://www.topcv.vn/viec-lam/nhan-vien-graphic-design/2104816.html","Thứ 2 - Thứ 7 (từ 09:00 đến 18:00)"
1,"Chuyên Viên Kiểm Thử Phần Mềm - Tester - Upto 18tr","CÔNG TY TNHH HÓA ĐƠN ĐIỆN TỬ M-INVOICE","- Hà Nội: số 12+14, ngõ 269/1 đường giáp bát, Phường Hoàng Mai (quận Hoàng Mai cũ)","https://www.topcv.vn/viec-lam/chuyen-vien-kiem-thu-phan-mem-tester-upto-18tr/2064641.html","Thứ 2 - Thứ 6 (từ 08:00 đến 17:00)
Thứ 7 (từ 08:00 đến 12:00)"
1,"Trưởng Ca Bảo Mật Thông Tin & Sản Phẩm","Công ty TNHH Giầy Alena Việt Nam","- Thanh Hóa: Thôn Vực Phác, Xã Yên Định (huyện Yên Định cũ)","https://www.topcv.vn/viec-lam/truong-ca-bao-mat-thong-tin-san-pham/2117763.html","Thứ 2 - Thứ 7 (từ 08:00 đến 17:00)"
1,"Nhân Viên Thiết Kế Đồ Họa (Graphic Designer)","CÔNG TY TNHH GIA LINH NGUYỄN","- Hà Nội: Toà Handico Phạm Hùng, Mễ Trì, Phường Từ Liêm (quận Nam Từ Liêm cũ)","https://www.topcv.vn/viec-lam/nhan-vien-thiet-ke-do-hoa-graphic-designer/2151494.html","Thứ 2 - Thứ 6 (từ 08:00 đến 17:30)
Thứ 7 (từ 08:00 đến 12:00)"
1,"Chuyên Viên Telesales - Không Yêu Cầu Kinh Nghiệm - Lương Trung Bình Lên Đến 20 Triệu Đến Không Giới Hạn - (Hà Nội)","Công Ty TNHH NASYS","- Hà Nội: 19 Đại Từ, Phường Hoàng Mai (quận Hoàng Mai cũ)","https://www.topcv.vn/viec-lam/chuyen-vien-telesales-khong-yeu-cau-kinh-nghiem-luong-trung-binh-len-den-20-trieu-den-khong-gioi-han-ha-noi/2119665.html","Thứ 2 - Thứ 7 (từ 08:00 đến 17:00)
Thứ 7 làm cách tuần (tuần 1 và tuần 3 của tháng)"
1,"Senior/ Expert AI Engineer","NGÂN HÀNG THƯƠNG MẠI CỔ PHẦN KỸ THƯƠNG VIỆT NAM","- Hà Nội: Quang Trung, Phường Cửa Nam (quận Hoàn Kiếm cũ)","https://www.topcv.vn/brand/techcombank/tuyen-dung/senior-expert-ai-engineer-j2142217.html","[""Thứ 2 - Thứ 6 (từ 08:00 đến 17:00)\nThứ 7 (từ 08:00 đến 12:00)""]"
1,"Nhân Viên Thiết Kế - Designer","Trường Cao đẳng Công nghệ Bách khoa Hà Nội","- Hà Nội: 18-20 Nhân Mỹ, Từ Liêm, Phường Từ Liêm (quận Nam Từ Liêm cũ)","https://www.topcv.vn/viec-lam/nhan-vien-thiet-ke-designer/2088164.html","Thứ 2 - Thứ 6 (từ 08:00 đến 17:00)
Thứ 7 cách tuần"
1,"Nhân Viên Kinh Doanh IT Tiếng Trung","CÔNG TY TNHH KỸ THUẬT THÔNG TIN JUNIWER VIỆT NAM","- Hà Nội: Phường Cầu Giấy (quận Cầu Giấy cũ)","https://www.topcv.vn/viec-lam/nhan-vien-kinh-doanh-it-tieng-trung/2038830.html","Thứ 2 - Thứ 6 (từ 08:30 đến 17:30)
Thứ 7 làm việc cách tuần"
1,"Nhân Viên Công Nghệ Thông Tin - IT","CÔNG TY CỔ PHẦN CÔNG NGHỆ NQC","- Hà Nội: 125 Hoàng Ngân, Phường Yên Hòa (quận Cầu Giấy cũ)","https://www.topcv.vn/viec-lam/nhan-vien-cong-nghe-thong-tin-it/1604154.html","Thứ 2 - Thứ 6 (từ 08:00 đến 17:00)
Thứ 7 (từ 08:00 đến 12:00)"
1,"Chuyên Viên Thiết Kế Đồ Họa (Graphic Designer)","CÔNG TY CỔ PHẦN THỰC PHẨM VÀ ĐỒ UỐNG BARETT","- Hà Nội: 22 Thể Giao, Phường Hai Bà Trưng (quận Hai Bà Trưng cũ)","https://www.topcv.vn/brand/barett/tuyen-dung/chuyen-vien-thiet-ke-do-hoa-graphic-designer-j2051628.html","[""8h00 – 17h00 (Thứ 2 – Sáng thứ 7), được nghỉ 1 sáng thứ 7 trong tháng""]"
1,"IT Support (Thu Nhập 8-12tr)","CÔNG TY TNHH MINH HẠNH PHÚ THỌ","- Hà Nội: SH02-24, Phường Việt Hưng (quận Long Biên cũ)","https://www.topcv.vn/viec-lam/it-support-thu-nhap-8-12tr/2139007.html","Thứ 2 - Thứ 6 (từ 08:30 đến 17:00)
Thứ 7 (từ 08:30 đến 11:30)
Không cố định tùy theo thời gian có thể làm việc"
1,"Product Owner - XGAMES","CÔNG TY TNHH DỊCH VỤ SECOM","- Hồ Chí Minh: 167 Trần Não, Phường An Khánh (Thành phố Thủ Đức cũ)","https://www.topcv.vn/viec-lam/product-owner-xgames/2145745.html","Thứ 2 - Thứ 6 (từ 08:30 đến 17:30)
01 ngày Thứ 7 làm việc trong tháng."
1,"Product Manager - National Digital Twin 15","CÔNG TY CỔ PHẦN QUẢN LÝ CT","- Hồ Chí Minh: 20 Trương Định, Phường Xuân Hòa (Quận 3 cũ)","https://www.topcv.vn/viec-lam/product-manager-national-digital-twin-15/2122284.html","Thứ 2 - Thứ 6 (từ 08:00 đến 17:30)
Thứ 7 (từ 08:00 đến 12:00)"
1,"Lập Trình Viên Front End","CÔNG TY TNHH HÓA ĐƠN ĐIỆN TỬ M-INVOICE","- Hà Nội: số 12+14, ngõ 269/1 đường giáp bát, Phường Hoàng Mai (quận Hoàng Mai cũ)","https://www.topcv.vn/viec-lam/lap-trinh-vien-front-end/2115657.html","Thứ 2 - Thứ 6 (từ 08:00 đến 17:00)
Thứ 7 (từ 08:00 đến 12:00)"
1,"Operation Support Manager","CÔNG TY CP DỊCH VỤ THƯƠNG MẠI ĐIỆN TỬ N & H","- Hồ Chí Minh: RJ78+J5, Đường CN13, P. Tây Thạnh, Phường Tân Bình (quận Tân Bình cũ)","https://www.topcv.vn/viec-lam/operation-support-manager/2135652.html","Thứ 2 - Thứ 7 (từ 08:00 đến 17:00)"
1,"Lập Trình & Vận Hành Phay CNC","Công ty Cổ phần Nhựa Thiếu niên Tiền phong","- Hải Phòng: 222 Mạc Đăng Doanh, Hưng Đạo, Phường Hưng Đạo (quận Dương Kinh cũ)","https://www.topcv.vn/viec-lam/lap-trinh-van-hanh-phay-cnc/2004732.html","Thứ 2 - Thứ 7 (từ 07:30 đến 16:30)"
1,"Chuyên Viên Công Nghệ Thông Tin - IT FRONT END","Công ty TNHH Văn Minh","- Nghệ An: Bến xe Phía Đông, Phường Vinh Phú (Thành phố Vinh cũ)","https://www.topcv.vn/viec-lam/chuyen-vien-cong-nghe-thong-tin-it-front-end/2091891.html","Thứ 2 - Thứ 7 (từ 07:30 đến 16:45)"
1,"Chuyên Viên Thiết Kế (Designer)","CÔNG TY CỔ PHẦN MỸ PHẨM THIÊN NHIÊN CỎ MỀM","- Hà Nội: Số 6 ngõ 9 Lê Đức Thọ, Phường Từ Liêm (quận Nam Từ Liêm cũ)","https://www.topcv.vn/viec-lam/chuyen-vien-thiet-ke-designer/1665612.html","Thứ 2 - Thứ 6 (từ 08:00 đến 17:00)
Thứ 7 (từ 08:00 đến 12:00)"
1,"Kỹ Sư Tư Vấn Giải Pháp Công Nghệ (PRESALES)","Công Ty TNHH PNK","- Hà Nội: 14 Kim Đồng, Giáp Bát, Phường Hoàng Mai (quận Hoàng Mai cũ)","https://www.topcv.vn/viec-lam/ky-su-tu-van-giai-phap-cong-nghe-presales/2104578.html","Thứ 2 - Thứ 6 (từ 07:45 đến 17:00)
Thứ 7 nghỉ luân phiên"
1,"Graphic Designer - Ưu Tiên Nhận Việc Ngay","CÔNG TY TNHH THỰC PHẨM VÀ NƯỚC GIẢI KHÁT NAWON","- Hồ Chí Minh: 994/1C, Nguyễn Thị Minh Khai, KP Tân Thắng, Phường Tân Đông Hiệp (Thành phố Dĩ An cũ)","https://www.topcv.vn/viec-lam/graphic-designer-uu-tien-nhan-viec-ngay/1903612.html","Thứ 2 - Thứ 7 (từ 08:00 đến 17:00)
Được về sớm 1 tiếng vào thứ 7 cuối tháng"
1,"Chuyên Viên Thiết Kế 2D","CÔNG TY TNHH KHÈ GROUP","- Hồ Chí Minh: 19 Hoàng Trọng Mậu, Phường Tân Hưng (Quận 7 cũ)","https://www.topcv.vn/viec-lam/chuyen-vien-thiet-ke-2d/2136904.html","Thứ 2 - Thứ 6 (từ 09:00 đến 18:00)
Thứ 7 (từ 09:00 đến 14:00)"
1,"Chuyên Viên Thiết Kế Đồ Hoạ (F&B)","CÔNG TY TNHH TRUNG TÂM HỘI NGHỊ VÀ TIỆC CƯỚI THISKYHALL","- Hồ Chí Minh: 74 Nguyễn Cơ Thạch, Phường An Khánh (Thành phố Thủ Đức cũ)","https://www.topcv.vn/viec-lam/chuyen-vien-thiet-ke-do-hoa-fb/2145031.html","Thứ 2 - Thứ 7 (từ 08:00 đến 17:00)
Off 2 ngày thứ 7 trong tháng"
1,"Java Developer 3 Năm Kinh Nghiệm Onsite Bank","Công ty TNHH Công nghệ và Truyền thông VNDitech","- Hà Nội: LPB Tower, 210 Trần Quang Khải, Phường Hoàn Kiếm (quận Hoàn Kiếm cũ)","https://www.topcv.vn/viec-lam/java-developer-3-nam-kinh-nghiem-onsite-bank/2145358.html","Thứ 2 - Thứ 6 (từ 08:00 đến 17:30)
Sáng thứ 7 nếu dự án có yêu cầu."
1,"Intern 3D Modeler - Diễn Hoạ Kiến Trúc","CÔNG TY CỔ PHẦN CG RECORD","- Hồ Chí Minh: Phường Bình Trưng (Thành phố Thủ Đức cũ)","https://www.topcv.vn/viec-lam/intern-3d-modeler-dien-hoa-kien-truc/2127563.html","Thứ 2 - Thứ 7 (từ 09:00 đến 18:00)
Thứ 7 làm cách tuần."
1,Designer,"CÔNG TY TNHH ĐẦU TƯ CÔNG NGHỆ GIA MINH","- Hồ Chí Minh: 16 Bis Nguyên Dinh Chieu, Phường Sài Gòn (Quận 1 cũ)","https://www.topcv.vn/viec-lam/designer/2049039.html","Thứ 2 - Thứ 6 (từ 08:30 đến 18:00)
Sáng Thứ 7 online, hoặc offline theo yêu cầu công việc (nếu có)"
1,"Lập Trình Viên AI","CÔNG TY CỔ PHẦN CÔNG NGHỆ VCS VIỆT NAM","- Hà Nội: 101 Phố Láng Hạ, Phường Đống Đa (quận Đống Đa cũ)","https://www.topcv.vn/viec-lam/lap-trinh-vien-ai/2064453.html","Thứ 2 - Thứ 6 (từ 08:00 đến 17:30)
Thứ 7 (từ 08:00 đến 12:00)"
1,"Nhân Viên IT","CÔNG TY TNHH HẢI NAM","- Lâm Đồng: 27 Nguyễn Thông, Phường Phú Thủy (Thành phố Phan Thiết cũ)","https://www.topcv.vn/viec-lam/nhan-vien-it/2097851.html","Thứ 2 - Thứ 7 (từ 07:30 đến 17:00)"
1,"Nhân Viên Kinh Doanh Dự Án CNTT","CÔNG TY CỔ PHẦN VDO","- Hồ Chí Minh: 155 Võ Văn Tần, Phường Xuân Hòa (Quận 3 cũ)","https://www.topcv.vn/viec-lam/nhan-vien-kinh-doanh-du-an-cntt/1878338.html","Thứ 2 - Thứ 6 (từ 08:00 đến 17:30)
Thứ 7 làm việc cách tuần"
1,"Nhân Viên Camera","CÔNG TY TRÁCH NHIỆM HỮU HẠN ADVANCED MULTITECH (VIỆT NAM)","- Đồng Nai: Đường số 4, KCN Nhơn Trạch 3 ( phân khu Formosa), Xã Nhơn Trạch (huyện Nhơn Trạch cũ)","https://www.topcv.vn/viec-lam/nhan-vien-camera/2132289.html","Thứ 2 - Thứ 7 (từ 08:00 đến 17:00)
Thứ 2 - Thứ 7 (từ 22:00 đến 06:00)
Đi luân phiên ca"
1,"Nhân Viên Kinh Doanh (Telesale/B2B)","Công ty CP TS24","- Hồ Chí Minh: KDC Galleria, 18A Nguyễn Hữu Thọ, Xã Nhà Bè (huyện Nhà Bè cũ)","https://www.topcv.vn/viec-lam/nhan-vien-kinh-doanh-telesale-b2b/1549897.html","Thứ 2 - Thứ 6 (từ 08:00 đến 17:00)
Thứ 7 (từ 08:00 đến 12:00)"
1,"Graphic Designer (Full-Time)","CÔNG TY TNHH JS TREE","- Hà Nội: 134 Nguyễn Hoàng Tôn, Phường Phú Thượng (quận Tây Hồ cũ)","https://www.topcv.vn/viec-lam/graphic-designer-full-time/2148272.html","Thứ 2 - Thứ 6 (từ 08:30 đến 17:30)
Thứ 7 (từ 08:30 đến 12:30)"
1,"Nhân Viên Thiết Kế 2D","CÔNG TY TNHH THƯƠNG MẠI DỊCH VỤ TRÍ LỰC VIỆT","- Hồ Chí Minh: 26B Tân Thới Nhất 17, Phường Đông Hưng Thuận (Quận 12 cũ)","https://www.topcv.vn/viec-lam/nhan-vien-thiet-ke-2d/2148565.html","Thứ 2 - Thứ 7 (từ 08:00 đến 17:00)"
1,"Graphic Designer - Gachon Vietnam","TỔ CHỨC GIÁO DỤC FPT","- Hà Nội: Tòa nhà Detech, Số 8 Tôn Thất Thuyết, Phường Cầu Giấy (quận Cầu Giấy cũ)","https://www.topcv.vn/viec-lam/graphic-designer-gachon-vietnam/2149506.html","Thứ 2 - Thứ 7 (từ 08:00 đến 12:00)
Thứ 2 - Thứ 6 (từ 13:30 đến 17:30)"
1,"3D Model Specialist","CÔNG TY TNHH THƯƠNG MẠI VÀ TRUYỀN THÔNG QUẢNG CÁO GOLDEN PHOENIX","- Hà Nội: Số 8 đường Quang Trung, Hà Đông, Phường Hà Đông (quận Hà Đông cũ)","https://www.topcv.vn/viec-lam/3d-model-specialist/2137791.html","Thứ 2 - Thứ 6 (từ 08:30 đến 18:00)
Làm thứ 7 cách tuần
Nghỉ trưa từ 12h - 13h30"
1,"Phân Tích Nghiệp Vụ (BA)","CÔNG TY CỔ PHẦN TRUYỀN THÔNG VĂN HOÁ VIỆT","- Hà Nội: Phường Nghĩa Đô (quận Bắc Từ Liêm, quận Cầu Giấy cũ)","https://www.topcv.vn/viec-lam/phan-tich-nghiep-vu-ba/1977535.html","Thứ 2 - Thứ 7 (từ 08:00 đến 12:00)
Thứ 2 - Thứ 7 (từ 13:30 đến 17:30)
Nghỉ thứ 7 cách tuần"
1,"Nhân Viên Kinh Doanh Domain/Hosting/Cloud/Server","CÔNG TY TNHH TC TEAM","- Hồ Chí Minh: Số 19/13, đường Vĩnh Phú 35, khu phố Tây, Phường Lái Thiêu (Thành phố Thuận An cũ)","https://www.topcv.vn/viec-lam/nhan-vien-kinh-doanh-domain-hosting-cloud-server/2071620.html","Thứ 2 - Thứ 7 (từ 09:00 đến 17:00)
Thứ 2 - Thứ 6: Từ 09:00 đến 17:00 (Nghỉ trưa: 12:00 đến 13:00).
Thứ 7: Từ 09:00 đến 17:00 (Làm việc tại nhà)."
1,"Nhân Viên Thiết Kế","Công ty TNHH Keiko Việt Nam","- Hà Nội: Khu ĐT Geleximco, Phường Dương Nội (quận Hà Đông cũ)","https://www.topcv.vn/viec-lam/nhan-vien-thiet-ke/2121115.html","Thứ 2 - Thứ 6 (từ 08:00 đến 17:00)
Thứ 2 - Thứ 7 (từ 08:00 đến 12:00)"
1,"IT Technical Support","CÔNG TY TNHH HAPPY CREATIVE","- Huế: KĐT Ecogarden, Phường Vỹ Dạ (Thành phố Huế cũ)","https://www.topcv.vn/viec-lam/it-technical-support/2131967.html","Thứ 2 - Thứ 7 (từ 08:00 đến 17:00)"
1,"Senior Designer","CÔNG TY CỔ PHẦN ĐẦU TƯ VÀ PHÁT TRIỂN DỊCH VỤ CITIGYM","- Hồ Chí Minh: 526 Điện Biên Phủ, Phường Thạnh Mỹ Tây (quận Bình Thạnh cũ)","https://www.topcv.vn/viec-lam/senior-designer/1893344.html","Thứ 2 - Thứ 6 (từ 08:30 đến 17:30)
Thứ 7 là ngày làm việc dự phòng"
1,"Trưởng Nhóm Lập Trình Viên Làm Tại Hà Nội, 3 Năm Kinh Nghiệm, Lương 20 - 25 Triệu","CTY TNHH PHẦN MỀM JDI","- Hà Nội: Số 35 Lê Văn Thiêm, Phường Thanh Xuân (quận Thanh Xuân cũ)","https://www.topcv.vn/viec-lam/truong-nhom-lap-trinh-vien-lam-tai-ha-noi-3-nam-kinh-nghiem-luong-20-25-trieu/1955895.html","Thứ 2 - Thứ 6 (từ 08:00 đến 17:00)
Thứ 7: từ 8h00 - 12h00"
1,"Tư Vấn Thiết Kế Hệ Thống Điện Nhẹ ELV","CÔNG TY TNHH CÔNG NGHỆ VÀ GIẢI PHÁP THÔNG MINH","- Hà Nội: 318 bùi xương trạch, Phường Thanh Xuân (quận Thanh Xuân cũ)","https://www.topcv.vn/viec-lam/tu-van-thiet-ke-he-thong-dien-nhe-elv/1466321.html","Thứ 2 - Thứ 7 (từ 08:00 đến 17:30)"
1,"Key Animator","CÔNG TY TNHH MTV NIA-STUDIO","- Hà Nội: Viwaseen Tower, 48 Tố Hữu, Nam Từ Liêm., Phường Đại Mỗ (quận Nam Từ Liêm cũ)","https://www.topcv.vn/viec-lam/key-animator/2074108.html","Thứ 2 - Thứ 6 (từ 09:00 đến 18:30)
- Thời gian làm việc trong ngày:
Từ 9:00 đến 18:30
Nghỉ trưa: 11:30-13:00; Nghỉ chiều : 16:00 - 16:15
- Thời gian làm việc trong tuần/tháng:
Từ thứ Hai đến thứ Sáu, và 1 thứ Bảy trong tháng"
1,"Nhân Viên Công Nghệ Thông Tin","HỘ KINH DOANH CƠ SỞ SẢN XUẤT GỐM SỨ CƯƠNG DUYÊN","- Hà Nội: CCN Bát Tràng, Xã Bát Tràng (huyện Gia Lâm cũ)","https://www.topcv.vn/viec-lam/nhan-vien-cong-nghe-thong-tin/2136718.html","Thứ 2 - Thứ 7 (từ 08:30 đến 17:30)"
1,"弱电/智能化系统项目管理","CÔNG TY TNHH STARLINK TECH VIỆT NAM","- Hồ Chí Minh: Số 371 tổ 1, khu 12, Phường Thủ Dầu Một (Thành phố Thủ Dầu Một cũ)","https://www.topcv.vn/viec-lam/-/2150376.html","Thứ 2 - Thứ 7 (từ 08:00 đến 17:00)"
1,"Nhân Viên Thiết Kế","CÔNG TY TNHH THƯƠNG MẠI XUẤT NHẬP KHẨU NGUỒN SỐNG VIỆT","- Hồ Chí Minh: Số 235 – 237 Đường 9A, Khu dân cư Trung Sơn, Xã Bình Hưng (huyện Bình Chánh cũ)","https://www.topcv.vn/viec-lam/nhan-vien-thiet-ke/2105256.html","Thứ 2 - Thứ 6 (từ 08:00 đến 17:00)
Thứ 7 (từ 08:00 đến 12:00)"
1,"Project Manager","CÔNG TY TNHH ĐẦU TƯ TẬP ĐOÀN MẶT TRỜI","- Hà Nội: 13 Hai Bà Trưng, Cửa Nam, Phường Cửa Nam (quận Hoàn Kiếm cũ)","https://www.topcv.vn/viec-lam/project-manager/2117194.html","Thứ 2 - Thứ 6 (từ 08:30 đến 17:30)
Thứ 7 (từ 08:30 đến 12:30)"
1,"Nhân Viên Kỹ Thuật Mạng","CHI NHÁNH THÀNH PHỐ HỒ CHÍ MINH - CÔNG TY CỔ PHẦN AD.TEK","- Hồ Chí Minh: Botanic Tower 312 Nguyễn Thượng Hiền, Phường Đức Nhuận (quận Phú Nhuận cũ)","https://www.topcv.vn/viec-lam/nhan-vien-ky-thuat-mang/1680868.html","Thứ 2 - Thứ 6 (từ 08:00 đến 17:30)
Sáng thứ 7 WFH"
1,"Thiết Kế 2D Banner, Poster, Bảng Hiệu Quảng Cáo","Chi nhánh công ty tnhh thiết kế và thi công quảng cáo H-com","- Hồ Chí Minh: đường lồ ồ, dĩ an, bình dương (cũ), Phường Dĩ An (Thành phố Dĩ An cũ)","https://www.topcv.vn/viec-lam/thiet-ke-2d-banner-poster-bang-hieu-quang-cao/2121478.html","Thứ 2 - Thứ 7 (từ 08:00 đến 17:30)
nghỉ trưa 1.5h, từ 12h-13h30"
1,"Quản Lý Dự Án CNTT Sun Group","CÔNG TY TNHH GIẢI PHÁP NGUỒN LỰC VÀ CÔNG NGHỆ MANNET","- Hà Nội: 3 Lương Yên, Phường Hai Bà Trưng (quận Hai Bà Trưng cũ)","https://www.topcv.vn/viec-lam/quan-ly-du-an-cntt-sun-group/2128174.html","Thứ 2 - Thứ 7 ()
Thời gian làm việc: thứ 2-sáng thứ 7"
1,"Chuyên Viên Thiết Kế Đồ Họa (Graphic Designer)","CÔNG TY TNHH FOCUS MEDIA (VIỆT NAM)","- Hồ Chí Minh: Tầng 21, Tòa nhà Riverfront Financial Centre, Số 3A – 3B Đường Tôn Đức Thắng, Phường Sài Gòn (Quận 1 cũ)","https://www.topcv.vn/viec-lam/chuyen-vien-thiet-ke-do-hoa-graphic-designer/2140149.html","Thứ 2 - Thứ 6 (từ 09:00 đến 18:00)
Làm việc 2 Sáng thứ 7 cách tuần: 9:00 - 12:00"
1,"Chuyên Viên Tư Vấn Phần Mềm Giải Pháp Dữ Liệu","CÔNG TY TNHH THƯƠNG MẠI VÀ DỊCH VỤ MVDB","- Hà Nội: 214 Nguyễn Xiển, Phường Thanh Xuân (quận Thanh Xuân cũ)","https://www.topcv.vn/viec-lam/chuyen-vien-tu-van-phan-mem-giai-phap-du-lieu/2040937.html","Thứ 2 - Thứ 6 (từ 09:00 đến 17:30)
Thứ 7 (từ 09:00 đến 12:00)"
1,"Chuyên Viên Thiết Kế / Graphic Design Biết Dùng AI","CÔNG TY TNHH FOXI VIỆT NAM","- Hà Nội: 68 Bằng B, Phường Hoàng Liệt (quận Hoàng Mai, huyện Thanh Trì cũ)","https://www.topcv.vn/viec-lam/chuyen-vien-thiet-ke-graphic-design-biet-dung-ai/1522820.html","Thứ 2 - Thứ 7 (từ 08:00 đến 17:00)
8h-12h vs 13h30-17h00"
1,"Chuyên Viên Thiết Kế - Designer","Công ty Cổ phần Dưỡng sinh Y dược Sao Phương Đông","- Hà Nội: 458 Minh Khai, Phường Vĩnh Tuy (quận Hai Bà Trưng, quận Hoàng Mai cũ)","https://www.topcv.vn/viec-lam/chuyen-vien-thiet-ke-designer/668695.html","Thứ 2-6, luân phiên thứ 7"
1,"Chuyên Viên IT","Công ty CP Golden City","- Nghệ An: 25 Nguyễn Thị Minh Khai, Phường Thành Vinh (Thành phố Vinh cũ)","https://www.topcv.vn/viec-lam/chuyen-vien-it/2130793.html","Thứ 2 - Thứ 6 (từ 08:00 đến 17:30)
Thứ 7 (từ 08:00 đến 11:30)
Giờ hành chính"
1,"Thực Tập Sinh Media","CÔNG TY TNHH THỜI TRANG CALIE HOUSE","- Hà Nội: Tòa CTM, số 299 Cầu Giấy, Phường Cầu Giấy (quận Cầu Giấy cũ)","https://www.topcv.vn/viec-lam/thuc-tap-sinh-media/2002805.html","Thứ 2 - Thứ 7 (từ 08:00 đến 17:00)
- Làm việc từ Thứ 2 - Thứ 7 (Nghỉ luân phiên 2 Thứ 7/tháng)
- Chấm công linh hoạt từ 8h00-9h00 sáng (Miễn làm đủ 8 tiếng)
- Nghỉ trưa: 11h45-13h00"
1,"Nhân Viên Thiết Kế 3D (Ngành Sự Kiện)","CÔNG TY TNHH TỔ CHỨC SỰ KIỆN VHUNTER","- Hải Phòng: Số 11 Lạch Tray, Phường Gia Viên (quận Ngô Quyền cũ)","https://www.topcv.vn/viec-lam/nhan-vien-thiet-ke-3d-nganh-su-kien/1446725.html","Thứ 2 - Thứ 7 (từ 08:00 đến 17:30)"
1,"Thiết Kế Đồ Họa","CÔNG TY TNHH KIRA KIRA","- Hồ Chí Minh: 82 Nguyễn Thanh Sơn, Phường Cát Lái (Thành phố Thủ Đức cũ)","https://www.topcv.vn/viec-lam/thiet-ke-do-hoa/2120758.html","Thứ 2 - Thứ 7 (từ 08:00 đến 12:00)
Thứ 2 - Thứ 7 (từ 13:00 đến 17:00)
Thứ 7 làm việc cách tuần"
1,"Intern Game Developer – HTML5","CÔNG TY TNHH THƯƠNG MẠI DỊCH VỤ LIFESTYLE VIỆT NAM","- Hà Nội: Tòa NHS Office, đường Tố Hữu, Phường Đại Mỗ (quận Nam Từ Liêm cũ)","https://www.topcv.vn/viec-lam/intern-game-developer-html5/1942981.html","8h-17h15, thứ 2 - sáng thứ 7"
1,"Nhân Viên Thiết Kế","CÔNG TY TNHH SẢN PHẨM GIẤY MAX FORTUNE VN","- Hưng Yên: Lô CN3, KCN Yên Mỹ, Xã Yên Mỹ (huyện Yên Mỹ cũ)","https://www.topcv.vn/viec-lam/nhan-vien-thiet-ke/2122573.html","Thứ 2 - Thứ 7 (từ 08:00 đến 17:00)"
1,"Chuyên Viên Tư Vấn Giải Pháp (Solution Consultant)","CÔNG TY TNHH GIẢI PHÁP NHÀ MÁY THÔNG MINH VIỆT NAM","- Hà Nội: BTLK M10-L17, KĐT Dương Nội, Phường Hà Đông (quận Hà Đông cũ)","https://www.topcv.vn/viec-lam/chuyen-vien-tu-van-giai-phap-solution-consultant/2142729.html","Thứ 2 - Thứ 6 (từ 08:30 đến 17:30)
- Ngày làm việc: Thứ 2 – Thứ 6 hàng tuần, làm việc 2 Thứ 7 trong tháng (thứ 7 đầu tháng và cuối tháng)"
1,"Nhân Viên Thiết Kế Đồ Họa ( Graphic Designer)","Trung tâm anh ngữ JOLO","- Hà Nội: Tầng 12, Tòa Handico, Phạm Hùng, Từ Liêm, Phường Từ Liêm (quận Nam Từ Liêm cũ)","https://www.topcv.vn/viec-lam/nhan-vien-thiet-ke-do-hoa-graphic-designer/2153718.html","Thứ 2 - Thứ 6 (từ 08:00 đến 17:00)
Thứ 7 (từ 08:00 đến 12:00)"
1,"Nhân Viên  IT Support / System- Mức Lương 20-25 Triệu/Tháng","CÔNG TY CỔ PHẦN XÂY DỰNG, THƯƠNG MẠI VÀ VẬT LIỆU SÔNG HỒNG","- Hưng Yên: Công ty CP XD TM&VL Sông Hồng Từ Hồ, Yên Phú, Xã Yên Mỹ (huyện Yên Mỹ cũ)","https://www.topcv.vn/viec-lam/nhan-vien-it-support-system-muc-luong-20-25-trieu-thang/2045454.html","Thứ 2 - Thứ 7 (từ 08:00 đến 17:00)"
1,"Nhân Viên  IT Support / System- Mức Lương 20-25 Triệu/Tháng","CÔNG TY CỔ PHẦN XÂY DỰNG, THƯƠNG MẠI VÀ VẬT LIỆU SÔNG HỒNG","- Hưng Yên: Phường Mỹ Hào (Thị xã Mỹ Hào cũ)","https://www.topcv.vn/viec-lam/nhan-vien-it-support-system-muc-luong-20-25-trieu-thang/2045454.html","Thứ 2 - Thứ 7 (từ 08:00 đến 17:00)"
1,"Nhân Viên  IT Support / System- Mức Lương 20-25 Triệu/Tháng","CÔNG TY CỔ PHẦN XÂY DỰNG, THƯƠNG MẠI VÀ VẬT LIỆU SÔNG HỒNG","- Hưng Yên: Xã Văn Giang (huyện Văn Giang cũ)","https://www.topcv.vn/viec-lam/nhan-vien-it-support-system-muc-luong-20-25-trieu-thang/2045454.html","Thứ 2 - Thứ 7 (từ 08:00 đến 17:00)"
1,"Nhân Viên  IT Support / System- Mức Lương 20-25 Triệu/Tháng","CÔNG TY CỔ PHẦN XÂY DỰNG, THƯƠNG MẠI VÀ VẬT LIỆU SÔNG HỒNG","- Hưng Yên: Xã Khoái Châu (huyện Khoái Châu cũ)","https://www.topcv.vn/viec-lam/nhan-vien-it-support-system-muc-luong-20-25-trieu-thang/2045454.html","Thứ 2 - Thứ 7 (từ 08:00 đến 17:00)"
1,"Nhân Viên Thiết Kế Đồ Họa","công ty cổ phần Nam Dược Hải Long","- Hà Nội: Xã Hoài Đức (huyện Hoài Đức cũ)","https://www.topcv.vn/viec-lam/nhan-vien-thiet-ke-do-hoa/1947259.html","Thứ 2 - Thứ 7 (từ 08:00 đến 16:30)
Thứ 7 (từ 08:00 đến 15:00)"
1,"Thực Tập Sinh IT Business Analyst","CÔNG TY TNHH CÔNG NGHỆ PHẦN MỀM NASANI","- Hồ Chí Minh: Tòa Nhà Sài Gòn ICT , Khu công viên phần mềm Quang Trung, Phường Trung Mỹ Tây (Quận 12 cũ)","https://www.topcv.vn/viec-lam/thuc-tap-sinh-it-business-analyst/2132249.html","Thứ 2 - Thứ 6 (từ 08:00 đến 17:00)
Thứ 7 (từ 08:00 đến 12:00)
Thứ 7: 8h-12h"
1,"AI Engineer","Hương Việt Group","- Đà Nẵng: 02 Quang Trung, P. Thạch Thang, Q. Hải Châu, Phường Hải Châu (quận Hải Châu cũ)","https://www.topcv.vn/viec-lam/ai-engineer/2119622.html","Thứ 2 - Thứ 6 (từ 08:00 đến 17:00)
làm 2 thứ 7 cách tuần"
1,"Design Đi Đơn","CÔNG TY CỔ PHẦN KALO","- Hà Nội: 35 Nguyễn Xiển, Phường Khương Đình (quận Thanh Xuân cũ)","https://www.topcv.vn/viec-lam/design-di-don/2145773.html","Thứ 2 - Thứ 7 (từ 08:00 đến 17:15)
T7 làm từ 8:00 - 12:00 làm online)"
1,"Nhân Viên Thiết Kế - Graphic Design / Từ 3 Năm Kinh Nghiệm / Tại Phường Gò Vấp, HCM","CÔNG TY TNHH PHÚC TRÍ DŨNG","- Hồ Chí Minh: 41 đường số 8, KDC Park Hill, Phường Gò Vấp (quận Gò Vấp cũ)","https://www.topcv.vn/viec-lam/nhan-vien-thiet-ke-graphic-design-tu-3-nam-kinh-nghiem-tai-phuong-go-vap-hcm/2134108.html","Thứ 2 - Thứ 6 (từ 08:00 đến 17:00)
Được nghỉ 2 ngày Thứ Bảy / tháng."
1,"Chuyên Viên Thiết Kế","Công ty cổ phần Bất động sản BHS","- Hà Nội: Số 6 Lê Văn Thiêm, Phường Thanh Xuân (quận Thanh Xuân cũ)","https://www.topcv.vn/viec-lam/chuyen-vien-thiet-ke/1882855.html","Thứ 2 - Thứ 6 (từ 08:30 đến 18:00)
Thứ 7: 08:30 - 12:00"
1,"Thực Tập Sinh Kinh Doanh","Công ty Cổ phần Giải pháp Chuyên gia Star Global","- Hồ Chí Minh: 04 Đường N8, Khu phố 2, Phường Long Trường (Thành phố Thủ Đức cũ)","https://www.topcv.vn/viec-lam/thuc-tap-sinh-kinh-doanh/2149614.html","Thứ 2 - Thứ 6 (từ 08:00 đến 17:30)
Thứ 7 (từ 08:00 đến 12:00)"
1,"Thực Tập Sinh Kinh Doanh","Công ty Cổ phần Giải pháp Chuyên gia Star Global","- Hồ Chí Minh: 123 Trương Định, Phường Xuân Hòa (Quận 3 cũ)","https://www.topcv.vn/viec-lam/thuc-tap-sinh-kinh-doanh/2149614.html","Thứ 2 - Thứ 6 (từ 08:00 đến 17:30)
Thứ 7 (từ 08:00 đến 12:00)"
1,"Account Manager","CÔNG TY CỔ PHẦN CÔNG NGHỆ QUỐC TẾ MH SOLUTION","- Hà Nội: toà nhà 71-73 Trần Thái Tông, Phường Cầu Giấy (quận Cầu Giấy cũ)","https://www.topcv.vn/viec-lam/account-manager/2115349.html","Thứ 2 - Thứ 6 (từ 08:30 đến 18:00)
Thứ 7 tuần 01 và 03"
1,"Nhân Viên Kinh Doanh Tiếng Trung","CÔNG TY TNHH KỸ THUẬT THÔNG TIN JUNIWER VIỆT NAM","- Hà Nội: Phường Cầu Giấy (quận Cầu Giấy cũ)","https://www.topcv.vn/viec-lam/nhan-vien-kinh-doanh-tieng-trung/1285675.html","Thứ 2-Thứ 6 8h30-5h30
Thứ 7 nghỉ cách tuần"
1,"Chuyên Viên Thiết Kế Giao Diện UI/UX","CÔNG TY TNHH CÔNG NGHỆ NHẬN THỨC MÁY HORUS AI","- Hà Nội: CT2D2 chung cư VOV, Phường Từ Liêm (quận Nam Từ Liêm cũ)","https://www.topcv.vn/viec-lam/chuyen-vien-thiet-ke-giao-dien-ui-ux/1870785.html","Thứ 2 - Thứ 6 (từ 08:00 đến 17:00)
Thứ 7 (từ 08:00 đến 12:00)"
1,"DevOps Engineer","CÔNG TY CP TIÊN PHONG CDS","- Hồ Chí Minh: 164 Nguyễn Văn Thương, Phường Bình Thạnh (quận Bình Thạnh cũ)","https://www.topcv.vn/viec-lam/devops-engineer/1986081.html","Thứ 2 - Thứ 6 (từ 08:00 đến 17:00)
Thứ 7 (từ 08:00 đến 12:00)
Nghỉ trưa 12g00 - 13g00"
1,"Nhân Viên Tư Vấn Marketing Website","CÔNG TY TNHH CÔNG NGHỆ PHẦN MỀM NASANI","- Hồ Chí Minh: Lầu 1-2-3, Tòa nhà Saigon Tel, Công viên phần mềm Quang Trung Q.12, Phường Trung Mỹ Tây (Quận 12 cũ)","https://www.topcv.vn/viec-lam/nhan-vien-tu-van-marketing-website/2098121.html","Thứ 2 - Thứ 6 (từ 08:00 đến 17:00)
Thứ 7 (từ 08:00 đến 12:00)"
1,"Nhân Viên Kỹ Thuật Hỗ Trợ Kinh Doanh - Sale Suppor","Công ty cổ phần Comeric","- Hà Nội: Tầng 2, Toà nhà GoldenWest, số 2 đường Lê Văn Thiêm, Phường Thanh Xuân (quận Thanh Xuân cũ)","https://www.topcv.vn/viec-lam/nhan-vien-ky-thuat-ho-tro-kinh-doanh-sale-suppor/2106653.html","Thứ 2 - Thứ 7 (từ 08:00 đến 17:00)
Buổi sáng làm việc từ 8h – 11h30; buổi chiều làm việc từ 13h30 – 17h00"
1,"Graphic Designer (Chuyên Thumbnail Youtube)","CÔNG TY CỔ PHẦN TRUYỀN THÔNG GODA","- Hà Nội: 80 Duy Tân, Cầu Giấy, Phường Cầu Giấy (quận Cầu Giấy cũ)","https://www.topcv.vn/viec-lam/graphic-designer-chuyen-thumbnail-youtube/1765480.html","Thứ 2 - Thứ 7 (từ 08:30 đến 18:00)
8h30 - 18h00 (nghỉ trưa 1h30'), Thứ 2 - Thứ 7, nghỉ 2 ngày thứ 7 trong tháng"
1,"Nhân Viên Lập Trình May Rập Cải Tiến","Công ty TNHH Thời Trang G&G Việt Nam","- Đồng Nai: KCN LỐC AN-BÌNH SƠN, Xã Long Thành (huyện Long Thành cũ)","https://www.topcv.vn/viec-lam/nhan-vien-lap-trinh-may-rap-cai-tien/1917519.html","Thứ 2 - Thứ 7 (từ 07:30 đến 16:15)"
1,"Nhân Viên Media","CÔNG TY CỔ PHẦN CÔNG NGHỆ VÀ DỊCH VỤ THỦY SẢN 365","- Hà Nội: số 32, ngõ 104 nguyễn khiêm ích, Xã Gia Lâm (huyện Gia Lâm cũ)","https://www.topcv.vn/viec-lam/nhan-vien-media/2065623.html","Thứ 2 - Thứ 7 (từ 08:00 đến 17:30)"
1,"Thực Tập Sinh Thiết Kế Đồ Họa","CÔNG TY TNHH MENAS","- Hồ Chí Minh: 58 Nguyễn Đình Chiểu, Phường Tân Định (Quận 1 cũ)","https://www.topcv.vn/viec-lam/thuc-tap-sinh-thiet-ke-do-hoa/2147998.html","Thứ 2 - Thứ 6 (từ 08:00 đến 17:00)
Thứ 7 (từ 08:00 đến 12:00)"
1,"Nhân Viên Vận Hành Hệ Thống","CÔNG TY CỔ PHẦN THIẾT BỊ CHĂM SÓC SỨC KHỎE SỐ 1","- Hà Nội: 120 Nguyễn Thái Học, Phường Ba Đình (quận Ba Đình cũ)","https://www.topcv.vn/viec-lam/nhan-vien-van-hanh-he-thong/2081166.html","Thứ 2 - Thứ 6 (từ 08:30 đến 17:30)
Thời gian làm việc: Từ thứ 2 đến thứ 6; Thứ 7 làm việc cách tuần"
1,"Nhân Viên Thiết Kế (Designer)","CÔNG TY TNHH ORRO HOME","- Hồ Chí Minh: 21-23 Phạm Hùng, KDC Đại Phúc Bình Chánh ( cách ngã 4 Phạm Hùng và Nguyễn Văn Linh 600m), Xã Bình Hưng (huyện Bình Chánh cũ)","https://www.topcv.vn/viec-lam/nhan-vien-thiet-ke-designer/2149498.html","Thứ 2 - Thứ 7 (từ 08:00 đến 17:00)"
1,"Multimedia Specialist","CÔNG TY TNHH AUG STUDY NETWORK","- Đà Nẵng: 219 Nguyễn Văn Linh, Phường Thanh Khê (quận Thanh Khê cũ)","https://www.topcv.vn/viec-lam/multimedia-specialist/1355187.html","Thứ 2 - Thứ 6 (từ 09:00 đến 17:30)
Thứ 7 (từ 09:00 đến 13:00)"
1,"IT Executive (Marketplace Project)","Công ty TNHH AEON Việt Nam","- Hồ Chí Minh: số 30 đường Tân Thắng, Phường Tân Sơn Nhì (quận Tân Phú cũ)","https://www.topcv.vn/viec-lam/it-executive-marketplace-project/2122757.html","Thứ 2 - Thứ 6 (từ 08:30 đến 17:30)
1 ngày Thứ 7 bất kì trong tháng"
1,"Nhân Viên Thiết Kế Đồ Họa (Graphic Design)","Công ty Cổ phần Tập đoàn Hoa Sen","- Hồ Chí Minh: 72 Nguyễn Cơ Thạch, Phường An Khánh (Thành phố Thủ Đức cũ)","https://www.topcv.vn/viec-lam/nhan-vien-thiet-ke-do-hoa-graphic-design/2134140.html","Thứ 2 - Thứ 6 (từ 08:00 đến 17:00)
Thứ 7 (từ 08:00 đến 12:00)"
1,"Nhân Viên Tư Vấn Triển Khai Phần Mềm Kế Toán","Công ty TNHH Smartbooks","- Hà Nội: Tầng L, Sảnh văn phòng, Tháp A, Tòa nhà Golden Palace, Đường Mễ trì, Phường Từ Liêm (quận Nam Từ Liêm cũ)","https://www.topcv.vn/viec-lam/nhan-vien-tu-van-trien-khai-phan-mem-ke-toan/2123633.html","Thứ 2 - Thứ 6 (từ 08:00 đến 17:30)
Thứ 7 (từ 08:00 đến 12:00)"
1,"Nhân Viên Tư Vấn Triển Khai Phần Mềm Kế Toán","Công ty TNHH Smartbooks","- Hồ Chí Minh: Số 19, Đường 01, KDC City Land, Phường Gò Vấp (quận Gò Vấp cũ)","https://www.topcv.vn/viec-lam/nhan-vien-tu-van-trien-khai-phan-mem-ke-toan/2123633.html","Thứ 2 - Thứ 6 (từ 08:00 đến 17:30)
Thứ 7 (từ 08:00 đến 12:00)"
1,"Nhân Viên Tư Vấn Triển Khai Phần Mềm Kế Toán","Công ty TNHH Smartbooks","- Đà Nẵng: Số 257, Đường Nguyễn Sinh Sắc, Phường Hòa Khánh (huyện Hòa Vang, quận Liên Chiểu cũ)","https://www.topcv.vn/viec-lam/nhan-vien-tu-van-trien-khai-phan-mem-ke-toan/2123633.html","Thứ 2 - Thứ 6 (từ 08:00 đến 17:30)
Thứ 7 (từ 08:00 đến 12:00)"
1,"AI Visual Designer","CÔNG TY CỔ PHẦN TRUYỀN THÔNG VÀ GIẢI TRÍ HG MEDIA","- Hà Nội: số 4, ngõ 21 Lê Văn Lương, Phường Thanh Xuân (quận Thanh Xuân cũ)","https://www.topcv.vn/viec-lam/ai-visual-designer/1524869.html","8h30 - 17h30, thứ 2 - thứ 7, nghỉ thứ 7 cách tuần"
1,"Nhân Viên Thiết Kế/ Designer (Graphic Design)","CÔNG TY CP NHA KHOA VÀ THIẾT BỊ Y TẾ OZE VIỆT NAM","- Hà Nội: Số 1 - 3 Ngõ 285 Khuất Duy Tiến, Phường Đại Mỗ (quận Nam Từ Liêm cũ)","https://www.topcv.vn/viec-lam/nhan-vien-thiet-ke-designer-graphic-design/1632538.html","Thứ 2 - Thứ 6 (từ 08:30 đến 17:30)
Thứ 7 (từ 08:30 đến 12:00)"
1,"Thực Tập Sinh Kinh Doanh Phần Mềm Sẵn Data KH","CÔNG TY TNHH VC PHỒN VINH","- Hà Nội: Số 11, Quốc lộ 32 - Cầu Diễn, Phường Phú Diễn (quận Bắc Từ Liêm, quận Cầu Giấy cũ)","https://www.topcv.vn/viec-lam/thuc-tap-sinh-kinh-doanh-phan-mem-san-data-kh/2148416.html","Thứ 2 - Thứ 7 (từ 08:00 đến 17:30)
Thứ 7 nhiều buổi linh hoạt"
1,"Product Operations (E-Commerce/Omnichannel)","CÔNG TY CỔ PHẦN DƯỢC PHẨM FPT LONG CHÂU","- Hồ Chí Minh: 67 Hoàng Văn Thái, Phường Tân Mỹ (Quận 7 cũ)","https://www.topcv.vn/viec-lam/product-operations-e-commerce-omnichannel/2150238.html","Thứ 2 - Thứ 6 (từ 08:30 đến 18:00)
Thứ 7 (từ 08:30 đến 12:00)"
1,"Nhân Viên Thiết Kế","CÔNG TY TNHH VANH PARTNER & PARTNERS","- Hà Nội: Tầng 3, Tòa văn phòng N03T1, Khu Ngoại Giao Đoàn, Xuân Tảo, Phường Xuân Đỉnh (quận Bắc Từ Liêm cũ)","https://www.topcv.vn/viec-lam/nhan-vien-thiet-ke/2148512.html","Thứ 2 - Thứ 7 (từ 08:30 đến 18:00)
Thứ 2 – Thứ 6 và 2 Thứ 7/tháng"
1,"Nhân Viên Mua Sắm Thiết Bị Công Nghệ","CÔNG TY CỔ PHẦN VIỆN MẮT QUỐC TẾ VIỆT - NGA","- Hà Nội: Tầng 7, tòa Hancorp Tháp Tây Office, 72 Trần Đăng Ninh, Phường Cầu Giấy (quận Cầu Giấy cũ)","https://www.topcv.vn/viec-lam/nhan-vien-mua-sam-thiet-bi-cong-nghe/2065627.html","Thứ 2 - Thứ 6 (từ 08:00 đến 17:30)
Thứ 2 đến Thứ 6 & 2 ngày Thứ 7 trong tháng."
1,"Nhân Viên Thiết Kế","CÔNG TY CỔ PHẦN TẬP ĐOÀN VITECH","- Hà Nội: 35 Lê Văn Thiêm, Phường Thanh Xuân (quận Thanh Xuân cũ)","https://www.topcv.vn/viec-lam/nhan-vien-thiet-ke/1836572.html","Thứ 2 - Thứ 6 (từ 08:00 đến 17:30)
Thứ 7 (từ 08:00 đến 12:00)"
1,"Nhân Viên IT Phần Cứng","CÔNG TY TNHH TỶ THẠC - CHI NHÁNH TẠI TP.HỒ CHÍ MINH","- Hồ Chí Minh: Số 9A, Lô 9, Đường C, KCN Tân Tạo, Phường Tân Tạo (quận Bình Tân cũ)","https://www.topcv.vn/viec-lam/nhan-vien-it-phan-cung/2083982.html","Thứ 2 - Thứ 7 (từ 07:30 đến 16:30)"
1,"Trưởng Bộ Phận Công Nghệ Thông Tin","Công ty Cổ phần Y Dược Vietlife","- Hà Nội: 228/192 Lê Trọng Tấn, Phường Thanh Xuân (quận Thanh Xuân cũ)","https://www.topcv.vn/viec-lam/truong-bo-phan-cong-nghe-thong-tin/2118936.html","Thứ 2 - Thứ 6 (từ 08:00 đến 17:00)
Thứ 7: 08:00 - 12:00"
1,"Intern Mobile Developer","CÔNG TY TNHH AVE FACTORY","- Đà Nẵng: 25 Hoá Sơn 10, Phường Hòa Cường (quận Hải Châu cũ)","https://www.topcv.vn/viec-lam/intern-mobile-developer/2153135.html","Thứ 2 - Thứ 6 (từ 08:00 đến 17:00)
Lịch làm từ thứ 2 đến thứ 7 (làm xen kẽ 2 thứ 7/tháng)
- Sáng: 8h00-12h00
- Chiều: 13h30-17h30"
1,"Thực Tập Sinh Thiết Kế Đồ Họa","CÔNG TY CỔ PHẦN TẬP ĐOÀN HQ","- Hà Nội: 125 Dương Quảng Hàm, Phường Nghĩa Đô (quận Bắc Từ Liêm, quận Cầu Giấy cũ)","https://www.topcv.vn/viec-lam/thuc-tap-sinh-thiet-ke-do-hoa/1858335.html","Thứ 2 - Thứ 7 (từ 08:30 đến 18:00)
8h30 - 18h00 Thứ 2 -Thứ 6 và 2 thứ 7 cách tuần.
Fulltime hoặc ít nhất 8 buổi/tuần."
1,"Graphic Designer – Ngành Thẩm Mỹ/Da Liễu","Công ty cổ phần bệnh viện đa khoa quốc tế GSV","- Hà Nội: Lô V10 – A11 The Terra An Hưng, 102 Nguyễn Thanh Bình, La Khê, Hà Đông, Phường Dương Nội (quận Hà Đông cũ)","https://www.topcv.vn/viec-lam/graphic-designer-nganh-tham-my-da-lieu/2134100.html","Thứ 2 - Thứ 6 (từ 08:00 đến 17:30)
Thứ 7 (từ 08:00 đến 12:00)"
1,"Thiết Kế Đồ Họa (Graphic Designer)","CÔNG TY TNHH THỰC PHẨM CHẤT LƯỢNG CANADA","- Hà Nội: Tòa CTM 299 Cầu Giấy, Phường Cầu Giấy (quận Cầu Giấy cũ)","https://www.topcv.vn/viec-lam/thiet-ke-do-hoa-graphic-designer/1841787.html","Thứ 2 - Thứ 7 (từ 08:00 đến 17:30)"
1,"Nhân Viên Bán Hàng Máy Tính Laptop","CÔNG TY CỔ PHẦN MÁY TÍNH BIÊN HÒA","- Đồng Nai: Số 1264 Phạm Văn Thuận, Phường Tam Hiệp (Thành phố Biên Hòa cũ)","https://www.topcv.vn/viec-lam/nhan-vien-ban-hang-may-tinh-laptop/1826604.html","Thứ 2 - Thứ 7 (từ 08:00 đến 21:00)
3 Ca xoay linh động"
1,"Thiết Kế 3D","CN TẠI MIỀN NAM - CÔNG TY CỔ PHẦN THIẾT KẾ LỤC GIÁC","- Hồ Chí Minh: Số 12 đường Tân thới nhất 17, Phường Đông Hưng Thuận (Quận 12 cũ)","https://www.topcv.vn/viec-lam/thiet-ke-3d/1511989.html","Thứ 2 - Thứ 7 (từ 08:30 đến 17:30)
Thứ 2 - Thứ 7 (từ 08:00 đến 12:00)"
1,"Chuyên Viên Thiết Kế","CÔNG TY CỔ PHẦN TẬP ĐOÀN QUEENLAND","- Hà Nội: TechnoPark, Ocean Park 1, Xã Gia Lâm (huyện Gia Lâm cũ)","https://www.topcv.vn/viec-lam/chuyen-vien-thiet-ke/2143113.html","Thứ 2 - Thứ 7 (từ 08:30 đến 17:30)"
1,"Chuyên Viên Thiết Kế","CÔNG TY CỔ PHẦN TẬP ĐOÀN QUEENLAND","- Hà Nội: 35 Lê Văn Lương, Phường Thanh Xuân (quận Thanh Xuân cũ)","https://www.topcv.vn/viec-lam/chuyen-vien-thiet-ke/2143113.html","Thứ 2 - Thứ 7 (từ 08:30 đến 17:30)"
1,"Thực Tập Sinh Quản Trị Hệ Thống","CÔNG TY CỔ PHẦN TÀI NGUYÊN TRI THỨC VIỆT NĂNG","- Hồ Chí Minh: 6 Nguyễn Trung Trực, Phường Bình Lợi Trung (quận Bình Thạnh cũ)","https://www.topcv.vn/brand/vnresource1209/tuyen-dung/thuc-tap-sinh-quan-tri-he-thong-j2140833.html","[""T2-T6: 8h-17h30\nT7: 8h-12h (Làm việc 2 ngày thứ 7/tháng)""]"
1,"Chuyên Viên Triển Khai Dự Án - Y Tế Công","Công ty Cổ Phần Ứng Dụng PKH","- Hồ Chí Minh: 236/29/18 đường Điện Biên Phủ, Phường Gia Định (quận Bình Thạnh cũ)","https://www.topcv.vn/viec-lam/chuyen-vien-trien-khai-du-an-y-te-cong/2116934.html","Thứ 2 - Thứ 6 (từ 08:00 đến 17:00)
02 ngày Thứ Bảy/tháng làm việc từ xa (WFH) theo chính sách của công ty"
1,"Chuyên Viên IT - Hỗ Trợ Kỹ Thuật","CÔNG TY CỔ PHẦN VĨNH HOÀN","- Hồ Chí Minh: 569 Trần Hưng Đạo, Phường Cầu Ông Lãnh (Quận 1 cũ)","https://www.topcv.vn/viec-lam/chuyen-vien-it-ho-tro-ky-thuat/2122744.html","Thứ 2 - Thứ 6 (từ 08:00 đến 17:00)
Thứ 7 (từ 08:00 đến 12:00)"
1,"Nhân Viên IT","Công ty TNHH Đầu tư Quốc tế Hoàn Mỹ","- Hồ Chí Minh: 194-196-198 Tây Thạnh, Phường Tây Thạnh (quận Tân Phú cũ)","https://www.topcv.vn/viec-lam/nhan-vien-it/2152623.html","Thứ 2 - Thứ 6 (từ 08:00 đến 17:00)
Thứ 7 (từ 08:00 đến 12:00)"
1,"Senior Tester","Công ty Cổ phần Xây dựng và Lắp đặt Viễn thông","- Hà Nội: Số 26, Ngõ 371, Phố Kim Mã, Phường Giảng Võ (quận Ba Đình cũ)","https://www.topcv.vn/viec-lam/senior-tester/2124451.html","Thứ 2 - Thứ 7 (từ 08:00 đến 17:00)
Thứ 2 –  Thứ 7 (Thứ 7 nếu không có việc cần lên vp thì CBNV được nghỉ)"
1,"Thực Tập Sinh Graphic Design - Marketing","CÔNG TY CỔ PHẦN FLEXFIT","- Hà Nội: Số 48, Trần Kim Xuyến, Phường Yên Hòa (quận Cầu Giấy cũ)","https://www.topcv.vn/viec-lam/thuc-tap-sinh-graphic-design-marketing/2114526.html","Thứ 2 - Thứ 7 (từ 08:30 đến 18:00)
Nghỉ chiều T7"
1,"Data Platform Engineer (SENIOR)","Công Ty Truyền Thông Và Công Nghệ ICOMM Việt Nam","- Hà Nội: Tầng 24, Tòa VIWASEEN, 48 Tố Hữu, Phường Đại Mỗ (quận Nam Từ Liêm cũ)","https://www.topcv.vn/viec-lam/data-platform-engineer-senior/2152232.html","Thời gian làm việc: Từ thứ 2 đến thứ 6: 08h15 - 17h15; Thứ 7: 9h00 - 12h00. Nghỉ trưa 60 phút (12h00-13h00). Nghỉ cố định 1 thứ Bảy ở tuần thứ hai trong tháng."
1,"Nhân Viên Kinh Doanh Tư Vấn Web","CÔNG TY TNHH CÔNG NGHỆ PHẦN MỀM NASANI","- Hồ Chí Minh: Lầu 1 Tòa nhà Saigon ICT, Lô 46 Công viên phần mềm Quang Trung, Phường Trung Mỹ Tây (Quận 12 cũ)","https://www.topcv.vn/viec-lam/nhan-vien-kinh-doanh-tu-van-web/1915866.html","Thứ 2 - Thứ 6 (từ 08:00 đến 17:00)
Thứ 7 8h-12h"
1,"Nhân Viên Thiết Kế Ngành Mỹ Phẩm (Thu Nhập 13 - 15 Triệu)","CÔNG TY CỔ PHẦN TẬP ĐOÀN STARMED","- Hà Nội: Phường Hà Đông (quận Hà Đông cũ)","https://www.topcv.vn/viec-lam/nhan-vien-thiet-ke-nganh-my-pham-thu-nhap-13-15-trieu/2139258.html","Thứ 2 - Thứ 6 (từ 08:00 đến 17:00)
Thứ 2 đến Thứ 6 (08h00-17h00), sáng Thứ 7 (08h00-12h00)
Nghỉ trưa 1 tiếng từ 12h00-13h00"
1,"Nhân Viên Thiết Kế Đồ Họa","Công ty TNHH Đức Trung","- Hà Nội: 120 Nguyễn Thái Học, Phường Ba Đình (quận Ba Đình cũ)","https://www.topcv.vn/viec-lam/nhan-vien-thiet-ke-do-hoa/1654090.html","Thứ 2 - Thứ 6 (từ 08:30 đến 17:30)
Thứ 7 làm việc cách tuần"
1,"Trưởng Nhóm AI (AI Application Lead)","CÔNG TY CỔ PHẦN COMACPRO","- Hà Nội: Tòa ACCI, Số 210 Lê Trọng Tấn, Phường Phương Liệt (quận Thanh Xuân cũ)","https://www.topcv.vn/viec-lam/truong-nhom-ai-ai-application-lead/2139159.html","Thứ 2 - Thứ 7 (từ 08:00 đến 17:30)
• Thứ Bảy làm 02 ngày/ tháng (Công ty sẽ thông báo lịch làm việc Thứ Bảy theo từng tháng)"
1,"IOS Developer","NTQ Solution","- Hà Nội: 18 Phạm Hùng, Từ Liêm, Phường Từ Liêm (quận Nam Từ Liêm cũ)","https://www.topcv.vn/viec-lam/ios-developer/2121698.html","Thứ 2 - Thứ 7 (từ 08:30 đến 17:45)
Làm việc T2 - Sáng T7, ưu tiên ứng viên sắp xếp được công việc cuối tuần"
1,"Thực Tập Sinh Lập Trình Có Hỗ Trợ Mộc","CÔNG TY TNHH CÔNG NGHỆ SOTA GROUP","- Hồ Chí Minh: 160 Đường số 20, Phường An Nhơn (quận Gò Vấp cũ)","https://www.topcv.vn/viec-lam/thuc-tap-sinh-lap-trinh-co-ho-tro-moc/2145499.html","Thứ 2 - Thứ 7 (từ 08:00 đến 17:30)
Từ Thứ Hai đến Sáng Thứ Bảy
Thời gian làm việc linh hoạt theo lịch học của ứng viên"
1,"Trưởng Phòng Công Nghệ&Quản Lý Dự Án Chuyển Đổi Số","CÔNG TY CP THUỐC THÚ Y TRUNG ƯƠNG 5","- Hà Nội: CCN Hà Bình Phương, Xã Thường Tín (huyện Thường Tín cũ)","https://www.topcv.vn/viec-lam/truong-phong-cong-nghequan-ly-du-an-chuyen-doi-so/2141715.html","Thứ 2 - Thứ 7 (từ 08:00 đến 17:00)"
1,"Senior Graphic Designer","Công ty TNHH TMDV Hoàng Giang","- Hà Nội: 672 Ngô Gia Tự, Phường Việt Hưng (quận Long Biên cũ)","https://www.topcv.vn/viec-lam/senior-graphic-designer/2119206.html","Thứ 2 - Thứ 7 (từ 08:00 đến 17:30)"
1,"Cộng Tác Viên Telemarketing","CÔNG TY TNHH CÔNG NGHỆ VIETBAY","- Hà Nội: Nhà A8, khu Fivestar, văn phòng Vietbay, Phường Từ Liêm (quận Nam Từ Liêm cũ)","https://www.topcv.vn/viec-lam/cong-tac-vien-telemarketing/2130287.html","Thứ 2 - Thứ 7 (từ 08:15 đến 17:30)
4 giờ/ngày, tối thiểu 3 buổi/tuần (có thể đăng ký lịch linh hoạt). Thứ 7 làm việc cách tuần."
1,"Artificial Intelligence (AI)","Công ty cổ phần công nghệ K12","- Hà Nội: Phòng số 323,324, Tầng 3, Tòa Tháp Đông, Khu Thương mại, Chung cư Học viện Quốc Phòng, Phường Nghĩa Đô (quận Bắc Từ Liêm, quận Cầu Giấy cũ)","https://www.topcv.vn/viec-lam/artificial-intelligence-ai/2139756.html","Thứ 2 - Thứ 7 (từ 08:00 đến 12:00)
Thứ 2 - Thứ 7 (từ 13:30 đến 17:30)
Nghỉ thứ 7 cách tuần"
1,"Nhân Viên Kinh Doanh Phần Mềm (Website)","CÔNG TY TNHH THƯƠNG MẠI DỊCH VỤ WEB IDEAS","- Hồ Chí Minh: 361 Phạm Văn Bạch, Phường Tân Sơn (quận Tân Bình cũ)","https://www.topcv.vn/viec-lam/nhan-vien-kinh-doanh-phan-mem-website/2000065.html","Thứ 2 - Thứ 6 (từ 08:00 đến 17:00)
Thứ 7 (từ 08:00 đến 12:00)"
1,"Nhân Viên Kinh Doanh","CÔNG TY TNHH CÔNG NGHỆ CLOUDGO","- Hồ Chí Minh: 13 Đường 37 KĐT Vạn Phúc, Phường Hiệp Bình (Thành phố Thủ Đức cũ)","https://www.topcv.vn/viec-lam/nhan-vien-kinh-doanh/2117264.html","Thứ 2 - Thứ 6 (từ 08:30 đến 17:30)
Thứ 7 (từ 09:00 đến 12:00)
Thứ 7 cách tuần"
1,"Chuyên Viên Thiết Kế (Graphic Designer)","CÔNG TY TNHH RI TA VÕ","- Hồ Chí Minh: Số 5A đường số 3, KP1,, Phường An Khánh (Thành phố Thủ Đức cũ)","https://www.topcv.vn/viec-lam/chuyen-vien-thiet-ke-graphic-designer/2138737.html","Thứ 2 - sáng thứ 7 (8h - 17h)"
1,"Nhân Viên Kinh Doanh","Công Ty TNHH QuestX","- Hồ Chí Minh: Mai Chí Thọ, Phường Bình Trưng (Thành phố Thủ Đức cũ)","https://www.topcv.vn/viec-lam/nhan-vien-kinh-doanh/1992241.html","Thứ 2 - Thứ 7 (từ 08:30 đến 17:30)"
1,"Product Manager/ Product Owner (Sản Phẩm Sensor)","Công ty cổ phần điện tử SOJI","- Hà Nội: Gleximco C, Le Trong Tan, Duong Noi, Ha Dong, Phường Hà Đông, Phường Dương Nội (quận Hà Đông cũ)","https://www.topcv.vn/viec-lam/product-manager-product-owner-san-pham-sensor/2047257.html","Thứ 2 - Thứ 6 (từ 08:00 đến 17:30)
Thứ 2 - Thứ 6 (từ 08:00 đến 17:30)
Từ thứ 2-6 và 2 thứ 7 trong tháng"
1,"Kỹ Sư Lập Trình Hệ Thống AGV/AMR","CÔNG TY CỔ PHẦN RTC TECHNOLOGY VIỆT NAM","- Hà Nội: Tầng 1, Tòa CT1B, Hateco Apollo Xuân Phương, Phường Xuân Phương (quận Nam Từ Liêm cũ)","https://www.topcv.vn/viec-lam/ky-su-lap-trinh-he-thong-agv-amr/2040794.html","Thứ 2 - Thứ 6 (từ 08:00 đến 17:30)
Từ Thứ 2 - Thứ 6, Thứ 7 làm việc/nghỉ cách tuần"
1,"Senior Lead Business Analyst","CÔNG TY TNHH LEVER SPHERE VIỆT NAM","- Hà Nội: Tập đoàn SHG, số 8 đường Quang Trung, Phường Hà Đông (quận Hà Đông cũ)","https://www.topcv.vn/viec-lam/senior-lead-business-analyst/2153052.html","Thứ 2 - Thứ 7 (từ 08:30 đến 18:00)
Làm thứ 7 cách tuần
Nghỉ trưa từ 12h - 13h30"
1,"Graphic Design","CÔNG TY CỔ PHẦN QUỐC TẾ PHƯỚC LONG","- Đà Nẵng: 30 Phước Lý 01, Phường Liên Chiểu (huyện Hòa Vang, quận Liên Chiểu cũ)","https://www.topcv.vn/viec-lam/graphic-design/2121580.html","Thứ 2 - Thứ 7 (từ 07:30 đến 17:00)
Thời gian làm việc: Thứ 2 - Thứ 7 (từ 07:30 đến 17:00) (Nghỉ trưa từ 11:30 - 13:00)"
1,"Management Information System Supervisor (ERP)","CÔNG TY CỔ PHẦN PMAC","- Hồ Chí Minh: Lầu 4, Tòa nhà HUTECH, Đường D1, Khu Công Nghệ Cao, Phường Tăng Nhơn Phú (Thành phố Thủ Đức cũ)","https://www.topcv.vn/viec-lam/management-information-system-supervisor-erp/2140323.html","Thứ 2 - Thứ 6 (từ 08:00 đến 17:30)
Thứ 7 (từ 08:00 đến 12:00)"
1,Designer,"CÔNG TY TNHH THỜI TRANG ADAM","- Hà Nội: 81A Phố Huế, Hai Bà Trưng, Phường Hai Bà Trưng (quận Hai Bà Trưng cũ)","https://www.topcv.vn/viec-lam/designer/2043863.html","Thứ 2 - Thứ 6 (từ 08:30 đến 17:30)
Thứ 7 (từ 08:30 đến 12:30)"
1,"Network Engineer (POS)","Công ty CPDV Trực tuyến Cộng Đồng Việt (VietUnion)","- Hồ Chí Minh: Số 35 Nguyễn Huệ, Phường Sài Gòn (Quận 1 cũ)","https://www.topcv.vn/viec-lam/network-engineer-pos/2150835.html","Thứ 2 - Thứ 7 (từ 08:00 đến 17:00)"
1,"Senior .NET Developer","CÔNG TY CỔ PHẦN TÀI NGUYÊN TRI THỨC VIỆT NĂNG","- Hồ Chí Minh: 6 Nguyễn Trung Trực, Phường Bình Lợi Trung (quận Bình Thạnh cũ)","https://www.topcv.vn/brand/vnresource1209/tuyen-dung/senior-net-developer-j2131116.html","[""Thứ 2 - Thứ 6 (từ 08:00 đến 17:00)\nThứ 2 - Thứ 6: 8h-17h30, Thứ 7: 8h - 12h""]"
1,"Kỹ Sư Thiết Kế - Lập Trình","Công Ty TNHH Sản xuất và Thương mại PICENZA VIỆT NAM","- Hà Nội: Lô 39B, KCN Quang Minh, Xã Quang Minh (huyện Mê Linh cũ)","https://www.topcv.vn/viec-lam/ky-su-thiet-ke-lap-trinh/2120845.html","Thứ 2 - Thứ 7 (từ 08:00 đến 17:00)"
1,"Senior Graphic Designer Mạnh Về Quay Chụp","CÔNG TY TNHH NHA KHOA QUỐC TẾ PEARL SMILE","- Hồ Chí Minh: 284 đường 3/2, Phường Bình Hưng Hòa (quận Bình Tân cũ)","https://www.topcv.vn/viec-lam/senior-graphic-designer-manh-ve-quay-chup/1925082.html","Thứ 2 - Thứ 7 (từ 09:00 đến 18:00)
Thứ 2 – Thứ 7: 8h30-17h30
Nghỉ 1 ngày có lương mỗi tháng"
1,"Graphic Designer","CÔNG TY TNHH TRUYỀN THÔNG VÀ CÔNG NGHỆ GO MEDIA","- Đà Nẵng: 51 Xô Viết Nghệ Tĩnh, Phường Hòa Cường (quận Hải Châu cũ)","https://www.topcv.vn/viec-lam/graphic-designer/1886926.html","Thứ 2 - Thứ 6 (từ 08:00 đến 17:30)
Thứ 7 (từ 08:00 đến 12:00)"
1,"Chuyên Viên Telesales Phần Mềm Bán Hàng - Lương Trung Bình Up To 20 Triệu Đến Không Giới Hạn - (Hà Nội)","Công Ty TNHH NASYS","- Hà Nội: 19 Đại Từ, Phường Định Công (quận Hoàng Mai cũ)","https://www.topcv.vn/viec-lam/chuyen-vien-telesales-phan-mem-ban-hang-luong-trung-binh-up-to-20-trieu-den-khong-gioi-han-ha-noi/2130160.html","Thứ 2 - Thứ 7 (từ 08:00 đến 17:00)
Thứ 7 làm cách tuần (tuần 1 và tuần 3 của tháng)"
1,"Nhân Viên Thiết Kế Đồ Họa","Kho Hàng Và Văn Phòng Công Ty TNHH Thực Phẩm Chất Lượng Canada","- Hà Nội: Tầng 2 Tòa CTM số 299 Cầu Giấy, Phường Cầu Giấy (quận Cầu Giấy cũ)","https://www.topcv.vn/viec-lam/nhan-vien-thiet-ke-do-hoa/1252259.html","Thứ 2 - Thứ 7 (từ 08:00 đến 17:30)"
1,"Nhân Viên Kinh Doanh Phần Mềm","Công Ty Cổ Phần OWS Việt Nam","- Hà Nội: 14 Nguyễn Cảnh Dị, KĐT mới Đại Kim, Phường Định Công (quận Hoàng Mai cũ)","https://www.topcv.vn/viec-lam/nhan-vien-kinh-doanh-phan-mem/1401244.html","Thứ 2 - Thứ 6 (từ 08:30 đến 18:00)
Thứ 7 linh động làm việc"
1,"Nhân Viên Phát Triển Hệ Thống AI Và IoT","Công Ty TNHH BÁN LẺ PHƯƠNG NAM","- Hồ Chí Minh: Lexington Residence, 60 Mai Chí Thọ, Phường An Khánh (Thành phố Thủ Đức cũ)","https://www.topcv.vn/viec-lam/nhan-vien-phat-trien-he-thong-ai-va-iot/2122421.html","Thứ 2 - Thứ 7 (từ 08:00 đến 17:00)"
1,"Business Analyst Lead","Công ty Cổ phần EcoIT","- Hà Nội: 143 Nguyễn Tuân, Phường Thanh Xuân (quận Thanh Xuân cũ)","https://www.topcv.vn/viec-lam/business-analyst-lead/2024529.html","Thứ 2 - Thứ 6 (từ 08:00 đến 17:30)
Và 02 thứ 7 trong tháng"
1,"Kỹ Thuật Viên IT/ Kỹ Thuật Công Nghệ Thông Tin","Công ty CP Tramexco","- Thanh Hóa: Phường Hạc Thành (Thành phố Thanh Hóa cũ)","https://www.topcv.vn/viec-lam/ky-thuat-vien-it-ky-thuat-cong-nghe-thong-tin/1788043.html","Thứ 2 - Thứ 7 (từ 08:00 đến 17:00)"
1,"Senior Graphic Designer","CÔNG TY CỔ PHẦN HOUZE GROUP","- Hồ Chí Minh: 46-48 Tạ Hiện, Phường Cát Lái (Thành phố Thủ Đức cũ)","https://www.topcv.vn/viec-lam/senior-graphic-designer/2147556.html","Thứ 2 - Thứ 6 (từ 08:30 đến 17:30)
Thứ 7 (từ 08:30 đến 12:00)
Thứ 7 có thể WFH theo điều phối của cấp Quản lý"
1,"DotNet Developer","NGÂN HÀNG TM TNHH MTV KỶ NGUYÊN THỊNH VƯỢNG","- Hà Nội: 45 Nguyễn Văn Huyên, Phường Cầu Giấy (quận Cầu Giấy cũ)","https://www.topcv.vn/viec-lam/dotnet-developer/2085953.html","Thứ 2 - Thứ 6 (từ 08:00 đến 17:00)
Thứ 2 - thứ 6 và 2 sáng thứ 7 trong 1 tháng."
1,"Nhân Viên Thiết Kế","Công ty TNHH Pancake Việt Nam","- Thanh Hóa: 06 Đại Lộ Võ Nguyên Giáp, Phường Hạc Thành (Thành phố Thanh Hóa cũ)","https://www.topcv.vn/viec-lam/nhan-vien-thiet-ke/2141003.html","Thứ 2 - Thứ 7 (từ 08:30 đến 18:00)
Nghỉ trưa 12h30 - 14h
Nghỉ 2 thứ 7 luân phiên trong 1 tháng."
1,"It Manager","Công ty cổ phần tập đoàn đầu tư Thăng Long","- Hà Nội: Toà nhà Sông Đà, Phạm Hùng, Phường Từ Liêm (quận Nam Từ Liêm cũ)","https://www.topcv.vn/viec-lam/it-manager/2054666.html","Thứ 2 - Thứ 6 (từ 08:00 đến 17:15)
Thứ 7 (từ 08:00 đến 11:45)"
1,"Nhân Viên Designer (Phòng Marketing) - Mức Lương 10-15tr/Tháng","CÔNG TY TNHH TRUYỀN THÔNG MAINN MEDIA","- Hà Nội: Só 131 Trần Phú, Hà Đông, Phường Hà Đông (quận Hà Đông cũ)","https://www.topcv.vn/viec-lam/nhan-vien-designer-phong-marketing-muc-luong-10-15tr-thang/1907615.html","Thứ 2 - Thứ 7 (từ 08:00 đến 17:30)
Nghỉ trưa: 1 giờ 30 phút"
1,"Chuyên Viên Thiết Kế Bao Bì/Packaging Designer","CÔNG TY TNHH IN ẤN PHÚ THIỆN NT","- Khánh Hòa: số 105 Thái Nguyên Nha Trang, Phường Nha Trang (Thành phố Nha Trang cũ)","https://www.topcv.vn/viec-lam/chuyen-vien-thiet-ke-bao-bi-packaging-designer/1950039.html","Thứ 2 - Thứ 7 (từ 07:30 đến 17:30)
- Thứ 2 - Thứ 7 ( từ 7:00 đến 17:30)"
1,"Chuyên Viên Quản Trị Mạng Và Bảo Mật (Kinh Nghiệm Từ 3 Năm.Thu Nhập Tới 25tr)","Công Ty cổ phần IIG Việt Nam","- Hà Nội: 217 Quan Hoa, Phường Nghĩa Đô (quận Bắc Từ Liêm, quận Cầu Giấy cũ)","https://www.topcv.vn/viec-lam/chuyen-vien-quan-tri-mang-va-bao-mat-kinh-nghiem-tu-3-nam-thu-nhap-toi-25tr/2148009.html","Thứ 2 - Thứ 6 (từ 08:00 đến 17:30)
Thứ 7 (từ 08:00 đến 12:00)
Từ thứ Hai đến hết sáng thứ Bảy hằng tuần (Sáng T7 work from home)"
1,"Nhân Viên Thiết Kế F&B","CÔNG TY TNHH FOREMOST VN","- Hà Nội: Tầng 1, Tòa nhà CT6, đường Trần Văn Lai, Phường Từ Liêm (quận Nam Từ Liêm cũ)","https://www.topcv.vn/viec-lam/nhan-vien-thiet-ke-fb/2086169.html","Thứ 2 - Thứ 7 (từ 08:30 đến 17:30)
Nghỉ trưa 1 giờ, nghỉ 2 thứ 7."
1,"Nhân Viên Thiết Kế Đồ Họa - Graphic Design","CÔNG TY TNHH LEGACY VOYAGES VIỆT NAM","- Hà Nội: 60 Trương Công Giai, Phường Cầu Giấy (quận Cầu Giấy cũ)","https://www.topcv.vn/viec-lam/nhan-vien-thiet-ke-do-hoa-graphic-design/2032015.html","Thứ 2 - Thứ 6 (từ 08:30 đến 17:30)
Thứ 7 (từ 08:00 đến 12:00)"
1,"Nhân Viên Kinh Doanh Phần Mềm B2B","iPOS.vn","- Hà Nội: 106 Hoàng Quốc Việt, Phường Nghĩa Đô (quận Bắc Từ Liêm, quận Cầu Giấy cũ)","https://www.topcv.vn/viec-lam/nhan-vien-kinh-doanh-phan-mem-b2b/2133230.html","Thứ 2 - Thứ 6 (từ 08:00 đến 17:00)
Thứ 2 - Thứ 6: 8h30 - 17h30 (Nghỉ trưa 12h00 - 13h30)
Thứ 7: 9h00 - 16h30 (Nghỉ trưa 12h00 - 13h30) (Chỉ làm 2 ngày thứ 7 trong tháng)"
1,"AI Application Developer (2+ Years Of Experience) (Leave: Up To 18 Days/Year)","CÔNG TY TRÁCH NHIỆM HỮU HẠN DIMERCO EXPRESS (VIỆT NAM)","- Hồ Chí Minh: An Phong Tower, 518B Dien Bien Phu Str.,, Phường Thạnh Mỹ Tây (quận Bình Thạnh cũ)","https://www.topcv.vn/viec-lam/ai-application-developer-2-years-of-experience-leave-up-to-18-days-year/2151530.html","Thứ 2 - Thứ 6 (từ 08:30 đến 17:30)
Thứ 7: 08:30 to 12:00 - Remote working arrangement available."
1,"Nhân Viên Thiết Kế Đồ Họa","CÔNG TY CỔ PHẦN TẬP ĐOÀN F&F","- Hà Nội: Tầng 5, tòa Newskyline, Nguyễn Khuyến, Văn Quán, Hà Đông, Phường Hà Đông (quận Hà Đông cũ)","https://www.topcv.vn/viec-lam/nhan-vien-thiet-ke-do-hoa/134561.html","Thứ 2 - thứ 6 & 02 thứ 7 trong tháng"
1,"Chuyên Viên Thiết Kế Hình Ảnh","CÔNG TY TNHH NỆM VIỆT THÀNH","- Hồ Chí Minh: 73A Đường Bà Điểm 4, Bà Điểm, Hóc Môn, Xã Hóc Môn (huyện Hóc Môn cũ)","https://www.topcv.vn/viec-lam/chuyen-vien-thiet-ke-hinh-anh/1944173.html","Thứ 2 - Thứ 7 (từ 08:00 đến 17:30)"
1,"Thiết Kế Đồ Họa - Mảng Thời Trang","Công Ty Cổ Phần Tập Đoàn Thời Trang MELYA.vn","- Hà Nội: 140 Trần Duy Hưng, Phường Cầu Giấy (quận Cầu Giấy cũ)","https://www.topcv.vn/viec-lam/thiet-ke-do-hoa-mang-thoi-trang/2124538.html","Thứ 2 - Thứ 7 (từ 08:00 đến 17:30)"
1,"Nhân Viên Kinh Doanh Mảng Công Nghệ Thông Tin","CÔNG TY TNHH CÔNG NGHỆ PHẦN MỀM NASANI","- Hồ Chí Minh: Lầu 1 Tòa nhà Saigon ICT, Lô 46 Công viên phần mềm Quang Trung Thành phố Hồ Chí Minh, Việt Nam, Phường Trung Mỹ Tây (Quận 12 cũ)","https://www.topcv.vn/viec-lam/nhan-vien-kinh-doanh-mang-cong-nghe-thong-tin/2107838.html","Thứ 2 - Thứ 6 (từ 08:00 đến 17:00)
Thứ 7 (từ 08:00 đến 12:00)"
1,"Thực Tập Sinh Design","CÔNG TY CỔ PHẦN TẬP ĐOÀN  DẦU NHỚT VIỆT NAM","- Hồ Chí Minh: Số 27 dãy A, dự án Khu dân cư Bình Trưng Đông, Phường Bình Trưng (Thành phố Thủ Đức cũ)","https://www.topcv.vn/viec-lam/thuc-tap-sinh-design/2084550.html","Thứ 2 - Thứ 7 (từ 08:30 đến 17:00)"
1,"Nhân Viên Designer| Graphic Design","CÔNG TY CỔ PHẦN BẤT ĐỘNG SẢN BẦU TRỜI VIỆT NAM","- Hà Nội: Tầng 3 Tòa nhà thăng long, 98a Ngụy Như Kon Tum, Nhân Chính - Thanh Xuân, Phường Thanh Xuân (quận Thanh Xuân cũ)","https://www.topcv.vn/viec-lam/nhan-vien-designer-graphic-design/2124632.html","Thứ 2 - Thứ 6 (từ 08:00 đến 17:30)
Thứ 7 (từ 08:00 đến 12:00)
Nghỉ trưa từ 12h00 - 13h30"
1,"Thực Tập Sinh Kinh Doanh Phần Mềm Kế Toán","Công ty TNHH AM Accounting","- Hồ Chí Minh: 87 Nguyễn Thị Thập, KDC Him Lam, Phường Tân Hưng (Quận 7 cũ)","https://www.topcv.vn/viec-lam/thuc-tap-sinh-kinh-doanh-phan-mem-ke-toan/2147869.html","Thứ 2 - Thứ 6 (từ 08:00 đến 17:00)
Thứ 7 (từ 08:00 đến 12:00)"
1,"Kỹ Sư UI","Công ty TNHH Công Nghiệp Phúc Cần","- Hồ Chí Minh: Lô N3-N4, Đường D3-D4, Khu công nghiệp Nam Tân Uyên, Phường Tân Hiệp (Thành phố Tân Uyên cũ)","https://www.topcv.vn/viec-lam/ky-su-ui/1910617.html","Thứ 2 - Thứ 7 (từ 08:00 đến 17:00)
08h00 - 12h00, 13h00 - 17h00"
1,"Chuyên Viên Thiết Kế","Công ty Cổ phần Bảo Tín Capital","- Hà Nội: 37 Lê Văn Lương, Phường Thanh Xuân (quận Thanh Xuân cũ)","https://www.topcv.vn/viec-lam/chuyen-vien-thiet-ke/2001945.html","Thứ 2 - Thứ 7 (từ 08:30 đến 17:30)
Nghỉ 2 ngày thứ 7/tuần"
1,Designer,"Công ty TNHH Công nghệ và Giáo dục Taki","- Hà Nội: Tầng 4 TTTM Mac Plaza, số 10 Trần Phú, Phường Hà Đông (quận Hà Đông cũ)","https://www.topcv.vn/viec-lam/designer/2038622.html","Thứ 2 - Thứ 7 (từ 08:00 đến 17:30)
Làm việc từ thứ 2 đến hết sáng thứ 7"
1,"Security Product Dev Intern","CÔNG TY CỔ PHẦN CÔNG NGHỆ QUỐC TẾ MH SOLUTION","- Hà Nội: toà nhà 71-73 Trần Thái Tông, Phường Cầu Giấy (quận Cầu Giấy cũ)","https://www.topcv.vn/viec-lam/security-product-dev-intern/2151818.html","Thứ 2 - Thứ 6 (từ 08:30 đến 18:00)
Thứ 7 tuần 01 và 03"
1,"Phân Tích Nghiệp Vụ (BA)","CÔNG TY CỔ PHẦN TRUYỀN THÔNG VĂN HOÁ VIỆT","- Hà Nội: Phường Nghĩa Đô (quận Bắc Từ Liêm, quận Cầu Giấy cũ)","https://www.topcv.vn/viec-lam/phan-tich-nghiep-vu-ba/1973643.html","Thứ 2 - Thứ 7 (từ 08:00 đến 12:00)
Thứ 2 - Thứ 7 (từ 13:30 đến 17:30)
Nghỉ thứ 7 cách tuần"
1,"Nhân Viên Thiết Kế 2D - Graphic Design","CÔNG TY CP TẬP ĐOÀN NTT VIỆT NAM","- Hà Nội: Số 18 Nghiêm Xuân Yêm, Phường Thanh Liệt (huyện Thanh Trì cũ)","https://www.topcv.vn/viec-lam/nhan-vien-thiet-ke-2d-graphic-design/2152565.html","Thứ 2 - Thứ 6 (từ 08:00 đến 12:00)
Thứ 2 - Thứ 6 (từ 13:30 đến 17:30)
Thứ 7 (từ 08:00 đến 17:30)
Thứ 7 đi làm luân phiên cách tuần"
1,"Nhân Viên Phát Triển Phần Mềm","CÔNG TY CỔ PHẦN THƯƠNG MẠI DỊCH VỤ TACO VIỆT NAM","- Hà Nội: Tower 1 - Timecity - Hai Bà Trưng, Phường Vĩnh Tuy (quận Hai Bà Trưng, quận Hoàng Mai cũ)","https://www.topcv.vn/viec-lam/nhan-vien-phat-trien-phan-mem/896263.html","Thứ 2 - Thứ 6 (từ 08:00 đến 17:00)
Làm việc giờ hành chính từ thứ 2 đến thứ 6 và làm 2 thứ 7/tháng"
1,"Nhân Viên Thiết Kế Designer","Công Ty Cổ Phần Công Nghệ Ngày Đêm","- Hà Nội: G34-G35, khu 19ab, X7, Phường Dương Nội (quận Hà Đông cũ)","https://www.topcv.vn/viec-lam/nhan-vien-thiet-ke-designer/1483278.html","Thứ 2 - Thứ 6 (từ 08:00 đến 17:00)
Thứ 7 (từ 08:00 đến 12:00)"
1,"Chuyên Viên Phát Triển Sản Phẩm Ứng Dụng","Công ty Cổ phần VND Công nghệ Tài chính","- Hà Nội: Tòa AB - Imperia Garden, 143 Nguyễn Tuân, Thanh Xuân, Phường Thanh Xuân (quận Thanh Xuân cũ)","https://www.topcv.vn/viec-lam/chuyen-vien-phat-trien-san-pham-ung-dung/2119644.html","Thứ 2 - Thứ 7 (từ 08:30 đến 18:00)
Từ thứ Hai đến sáng Thứ Bảy"
1,"Nhân Viên Phần Mềm - Frontend","Công ty cổ phần Bateco Việt Nam","- Hà Nội: Lô B44, Toà Bateco, khu đấu giá 3ha, Phường Phú Diễn (quận Bắc Từ Liêm, quận Cầu Giấy cũ)","https://www.topcv.vn/viec-lam/nhan-vien-phan-mem-frontend/2088404.html","Thứ 2 - Thứ 6 (từ 08:00 đến 17:00)
Thứ 2 - Thứ 6 và thứ 7 cách tuần"
1,"System Analyst - TA172 - Senior/Leader","Ngân Hàng TMCP Việt Nam Thịnh Vượng (VPBank)","- Hồ Chí Minh: Tòa Nexus, 3A-3B Tôn Đức Thắng, Phường Sài Gòn (Quận 1 cũ)","https://www.topcv.vn/brand/vpbank/tuyen-dung/system-analyst-ta172-senior-leader-j2124290.html","[""Thứ 2 - Thứ 6 (từ 08:00 đến 17:30)\nThứ 7 (từ 08:00 đến 12:00)\nThứ Hai - Thứ Sáu & 2 buổi sáng Thứ Bảy/tháng""]"
1,"Chuyên Viên Phát Triển Kinh Doanh (Business Development) / Từ 2 Năm Kinh Nghiệm / Lương Cứng 13 Triệu / Tại Quận 1 (Cũ), HCM","CÔNG TY CỔ PHẦN WOAY","- Hồ Chí Minh: 23 - 25 Trần Nhật Duật, Phường Tân Định (Quận 1 cũ)","https://www.topcv.vn/viec-lam/chuyen-vien-phat-trien-kinh-doanh-business-development-tu-2-nam-kinh-nghiem-luong-cung-13-trieu-tai-quan-1-cu-hcm/2126352.html","Thứ 2 - Thứ 6 (từ 08:30 đến 17:30)
Từ thứ 2 đến thứ 6 (mỗi ngày làm 7.5 giờ, nghỉ trưa 1.5 giờ), Thứ 7- chỉ làm việc buổi sáng và nghỉ luân phiên mỗi tuần"
1,"DBA (Database Administrator)","CÔNG TY TNHH MENAS","- Hồ Chí Minh: 58 Nguyễn Đình Chiểu, Phường Tân Định (Quận 1 cũ)","https://www.topcv.vn/viec-lam/dba-database-administrator/2132897.html","Thứ 2 - Thứ 6 (từ 08:00 đến 17:00)
Thứ 7 (từ 08:00 đến 12:00)"
1,"Thực Tập Sinh Thiết Kế Đồ Hoạ (Designer)","CÔNG TY TNHH ĐẦU TƯ THƯƠNG MẠI KOLA VIỆT NAM","- Hà Nội: Ecolife Building, 58 Tố Hữu, Phường Đại Mỗ (quận Nam Từ Liêm cũ)","https://www.topcv.vn/viec-lam/thuc-tap-sinh-thiet-ke-do-hoa-designer/1607034.html","Thứ 2 - Thứ 6 (từ 08:30 đến 17:45)
Thứ 7 (từ 08:30 đến 12:30)"
1,"Nhân Viên Tư Vấn (Upgrade Phần Mềm)","Công ty Cổ phần Công nghệ Kiot Việt","- Hà Nội: Tòa nhà 1B yết Kiêu, Trần Hưng Đạo, Hoàn Kiếm, Phường Ba Đình (quận Ba Đình cũ)","https://www.topcv.vn/viec-lam/nhan-vien-tu-van-upgrade-phan-mem/1908148.html","Thứ 2 - Thứ 7 (từ 08:00 đến 17:30)
Làm 2 thứ 7/ tháng.
Nghỉ 2 thứ 7/ tháng"
1,"Nhân Viên Tư Vấn (Upgrade Phần Mềm)","Công ty Cổ phần Công nghệ Kiot Việt","- Hà Nội: Tòa nhà 1B yết Kiêu, Trần Hưng Đạo, Hoàn Kiếm, Phường Cửa Nam (quận Hoàn Kiếm cũ)","https://www.topcv.vn/viec-lam/nhan-vien-tu-van-upgrade-phan-mem/1908148.html","Thứ 2 - Thứ 7 (từ 08:00 đến 17:30)
Làm 2 thứ 7/ tháng.
Nghỉ 2 thứ 7/ tháng"
1,"Nhân Viên Tư Vấn (Upgrade Phần Mềm)","Công ty Cổ phần Công nghệ Kiot Việt","- Hà Nội: Tòa nhà 1B yết Kiêu, Trần Hưng Đạo, Hoàn Kiếm, Phường Bạch Mai (quận Hai Bà Trưng cũ)","https://www.topcv.vn/viec-lam/nhan-vien-tu-van-upgrade-phan-mem/1908148.html","Thứ 2 - Thứ 7 (từ 08:00 đến 17:30)
Làm 2 thứ 7/ tháng.
Nghỉ 2 thứ 7/ tháng"
1,"Chuyên Viên Phát Triển Đối Tác Kênh Thuế","Công ty cổ phần Công nghệ Sapo","- Hồ Chí Minh: 70 Lữ Gia, Phường Phú Thọ (Quận 11 cũ)","https://www.topcv.vn/brand/sapovn/tuyen-dung/chuyen-vien-phat-trien-doi-tac-kenh-thue-j2145504.html","[""Thứ 2 - Thứ 6 (từ 08:00 đến 17:00)\nThứ 7 (từ 08:00 đến 12:00)""]"
1,"Nhân Viên Phối Màu","Công ty TNHH Công nghiệp INTCO Việt Nam","- Thanh Hóa: Lô CN-01/02 và CN-01/03 Nam Khu A, KCN Bỉm Sơn, Phường Quang Trung (Thị xã Bỉm Sơn cũ)","https://www.topcv.vn/viec-lam/nhan-vien-phoi-mau/1814172.html","Thứ 2 - Thứ 7 (từ 08:00 đến 17:00)"
1,"Chuyên Viên Phân Tích Nghiệp Vụ / Business Analyst","CÔNG TY TNHH XLAB VIỆT NAM","- Hà Nội: 23 Duy Tân, Phường Cầu Giấy (quận Cầu Giấy cũ)","https://www.topcv.vn/viec-lam/chuyen-vien-phan-tich-nghiep-vu-business-analyst/2029933.html","Thứ 2 - Thứ 6 (từ 08:00 đến 17:00)
Thứ 7 (từ 08:00 đến 11:30)"
1,"UI/UX Designer","CÔNG TY CỔ PHẦN ICORP","- Hà Nội: Tòa nhà SANNAM, ngõ 78 Duy Tân, Phường Cầu Giấy (quận Cầu Giấy cũ)","https://www.topcv.vn/viec-lam/ui-ux-designer/2146329.html","Thứ 2 - Thứ 6 (từ 08:30 đến 18:00)
Thứ 2 - Thứ 7 (từ 08:30 đến 12:00)"
1,"PMO (Mảng Automotive)","CÔNG TY CỔ PHẦN GIẢI PHÁP TỰ ĐỘNG HÓA KỸ THUẬT VIỆT NAM (AES VIỆT NAM)","- Hà Nội: Biệt thự M10-L17, KĐT Dương Nội, Phường Hà Đông (quận Hà Đông cũ)","https://www.topcv.vn/viec-lam/pmo-mang-automotive/2129646.html","Thứ 2 - Thứ 6 (từ 08:30 đến 17:30)
Ngày làm việc: Thứ 2 – Thứ 6 hàng tuần, làm việc 2 Thứ 7 trong tháng"
1,"PMO (Mảng Automotive)","CÔNG TY CỔ PHẦN GIẢI PHÁP TỰ ĐỘNG HÓA KỸ THUẬT VIỆT NAM (AES VIỆT NAM)","- Hải Phòng: Đặc khu Cát Hải (huyện Cát Hải cũ)","https://www.topcv.vn/viec-lam/pmo-mang-automotive/2129646.html","Thứ 2 - Thứ 6 (từ 08:30 đến 17:30)
Ngày làm việc: Thứ 2 – Thứ 6 hàng tuần, làm việc 2 Thứ 7 trong tháng"
1,"Chuyên Viên Thiết Kế Đồ Họa","CÔNG TY TNHH WIR GROUP","- Hà Nội: Phường Yên Hòa (quận Cầu Giấy cũ)","https://www.topcv.vn/viec-lam/chuyen-vien-thiet-ke-do-hoa/2140180.html","Thứ 2 - Thứ 7 (từ 08:30 đến 17:30)
Thứ 7 (từ 08:30 đến 12:30)"
1,"Artist Lead - Trưởng Nhóm Vẽ Minh Họa","Công ty Cổ Phần TEECOM","- Hồ Chí Minh: 60 Nguyễn Thông, Phường Nhiêu Lộc (Quận 3 cũ)","https://www.topcv.vn/viec-lam/artist-lead-truong-nhom-ve-minh-hoa/2127935.html","Thứ 2 - Thứ 6 (từ 08:00 đến 17:00)
Thời gian làm việc: Từ 8h30 – 18h00 (nghỉ trưa 1 tiếng rưỡi), từ Thứ 2 – sáng Thứ 7. Riêng sáng Thứ 7 tuỳ theo tính chất công việc mà làm việc tại nhà hoặc tại công ty."
1,"Chuyên Viên Graphic Design","Tập đoàn Nhựa Bình Thuận","- Hà Nội: 121 - 123 Lâm Hạ, Bồ Đề, Phường Bồ Đề (quận Long Biên cũ)","https://www.topcv.vn/viec-lam/chuyen-vien-graphic-design/2133803.html","Thứ 2 - Thứ 6 (từ 08:00 đến 17:30)
Thứ 7 (từ 08:00 đến 12:00)"
1,"Kỹ Sư Cơ Điện Và Tự Động Hóa (MEP & AUTOMATION) - Thu Nhập 15 - 25 Triệu/Tháng, Từ 2 Năm Kinh Nghiệm","CÔNG TY CỔ PHẦN NS ENGINEERING VINA","- Hà Nội: Tầng 21 Toà Charmvit Tower, 117 Trần Duy Hưng, Phường Yên Hòa (quận Cầu Giấy cũ)","https://www.topcv.vn/viec-lam/ky-su-co-dien-va-tu-dong-hoa-mep-automation-thu-nhap-15-25-trieu-thang-tu-2-nam-kinh-nghiem/2117577.html","Thứ 2 - Thứ 7 (từ 08:00 đến 17:00)"
1,"Kỹ Sư Cơ Điện Và Tự Động Hóa (MEP & AUTOMATION) - Thu Nhập 15 - 25 Triệu/Tháng, Từ 2 Năm Kinh Nghiệm","CÔNG TY CỔ PHẦN NS ENGINEERING VINA","- Bắc Ninh: Tòa Nhà Dương Tuấn Mitshubishi, Phường Kinh Bắc (Thành phố Bắc Ninh cũ)","https://www.topcv.vn/viec-lam/ky-su-co-dien-va-tu-dong-hoa-mep-automation-thu-nhap-15-25-trieu-thang-tu-2-nam-kinh-nghiem/2117577.html","Thứ 2 - Thứ 7 (từ 08:00 đến 17:00)"
1,"Nhân Viên Kinh Doanh Phần Mềm Marketing Online","CÔNG TY CỔ PHẦN TẬP ĐOÀN VITECH","- Hà Nội: Tầng 4, tòa nhà Stellar Garden số 35 Lê Văn Thiêm, Phường Thanh Xuân (quận Thanh Xuân cũ)","https://www.topcv.vn/viec-lam/nhan-vien-kinh-doanh-phan-mem-marketing-online/2124154.html","Thứ 2 - Thứ 6 (từ 08:00 đến 17:30)
Thứ 7 (từ 08:00 đến 12:00)"
1,"Kỹ Sư AI","Công Ty TNHH Beeking","- Hà Nội: 167 Nguyễn Ngọc Nại, Phường Thanh Xuân (quận Thanh Xuân cũ)","https://www.topcv.vn/viec-lam/ky-su-ai/2147093.html","Thứ 2 - Thứ 6 (từ 08:00 đến 17:30)
Thứ 7 (từ 08:00 đến 12:00)"
1,"Lập Trình Viên/ Nhân Viên DEV","CÔNG TY CỔ PHẦN LIFETEX","- Hà Nội: 15 Tố Hữu, Phường Thanh Xuân (quận Thanh Xuân cũ)","https://www.topcv.vn/viec-lam/lap-trinh-vien-nhan-vien-dev/1502362.html","Thứ 2 - Thứ 6 (từ 08:00 đến 17:00)
Thứ 7 (từ 08:00 đến 12:00)"
1,"Junior IT Infrastructure Support","CÔNG TY CỔ PHẦN DỊCH  VỤ CÔNG NGHỆ TIN HỌC HPT","- Đà Nẵng: 414 Tôn Đức Thắng, Phường Hòa Minh, Quận Liên Chiểu, Phường Liên Chiểu (huyện Hòa Vang, quận Liên Chiểu cũ)","https://www.topcv.vn/viec-lam/junior-it-infrastructure-support/2144713.html","Thứ 2 - Thứ 6 (từ 08:30 đến 17:30)
Thứ 7 (từ 08:30 đến 17:30)
T7 làm WFH"
1,"Kỹ Sư Lập Trình","CÔNG TY TNHH CƠ KHÍ CHÍNH XÁC BÌNH MINH","- Hà Nội: Lô B2-2-1a và B2-2-2a1, Khu công nghiệp Nam Thăng Long, Phường Thượng Cát (quận Bắc Từ Liêm cũ)","https://www.topcv.vn/viec-lam/ky-su-lap-trinh/2113958.html","Thứ 2 - Thứ 7 (từ 08:00 đến 17:00)"
1,"Trưởng Nhóm Backend Developer","Trường Đại học Đại Nam","- Hà Nội: Đại học Đại Nam số 1 Phố Xốm, Phường Phú Lương (quận Hà Đông cũ)","https://www.topcv.vn/viec-lam/truong-nhom-backend-developer/2148078.html","Thứ 2 - Thứ 6 (từ 08:00 đến 17:00)
Thứ 7 (từ 08:00 đến 12:00)
Có làm thêm giờ theo từng sự kiện, có lương làm thêm giờ"
1,"Nhân Viên Thiết Kế- Media- Thu Nhập 15-20 Triệu/Tháng- Tại Hà Nội","CÔNG TY CỔ PHẦN ĐẦU TƯ Ô TÔ HẢI ÂU","- Hà Nội: (Tất cả phường)","https://www.topcv.vn/viec-lam/nhan-vien-thiet-ke-media-thu-nhap-15-20-trieu-thang-tai-ha-noi/2140027.html","Thứ 2 - Thứ 6 (từ 08:00 đến 17:30)
Thứ 7 (từ 08:00 đến 12:00)"
1,"Kỹ Sư Triển Khai Hệ Thống","CÔNG TY CỔ PHẦN CÔNG NGHỆ GIẢI PHÁP THI THIÊN","- Hồ Chí Minh: 47 Hồ Bá Kiện, Phường Hòa Hưng (Quận 10 cũ)","https://www.topcv.vn/viec-lam/ky-su-trien-khai-he-thong/2094087.html","Thứ 2 - Thứ 6 (từ 08:00 đến 17:00)
Thứ 7 (từ 08:00 đến 12:00)"
1,"IT Helpdesk","CÔNG TY TNHH HCT FAMILY FOOD","- Tây Ninh: Lô H3, đường số 6 Cụm Công nghiệp, Phường Khánh Hậu (Thành phố Tân An cũ)","https://www.topcv.vn/viec-lam/it-helpdesk/1900141.html","Thứ 2 - Thứ 7 (từ 08:00 đến 16:30)
Từ thứ 2 đến sáng thứ 7, 44h/tuần"
1,"Nhân Viên Thiết Kế Graphic Designer","CÔNG TY TNHH TM DV TRANG BEAUTY CENTER","- Hồ Chí Minh: 434 Cao Thắng, Phường Hòa Hưng (Quận 10 cũ)","https://www.topcv.vn/viec-lam/nhan-vien-thiet-ke-graphic-designer/1601850.html","Thứ 2 - Thứ 6 (từ 08:00 đến 17:00)
Thứ 7 (từ 08:00 đến 12:00)"
1,"Nhân Viên Tư Vấn Phần Mềm Website","CÔNG TY TNHH CÔNG NGHỆ PHẦN MỀM NASANI","- Hồ Chí Minh: Lầu 1 Tòa nhà Saigon ICT, Lô 46 Công viên phần mềm Quang Trung, Phường Trung Mỹ Tây (Quận 12 cũ)","https://www.topcv.vn/viec-lam/nhan-vien-tu-van-phan-mem-website/1971777.html","Thứ 2 - Thứ 6 (từ 08:00 đến 17:00)
Thứ 7 (từ 08:00 đến 12:00)"
1,"Nhân Viên Thiết Kế Đồ Họa","CÔNG TY TNHH THỜI TRANG SỐ 9","- Hà Nội: nhà 36 ngõ 80 Trung Kính, Phường Cầu Giấy (quận Cầu Giấy cũ)","https://www.topcv.vn/viec-lam/nhan-vien-thiet-ke-do-hoa/2144513.html","Thứ 2 - Thứ 6 (từ 08:00 đến 17:30)
Nghỉ thứ 7 cách tuần"
1,"Nhân Viên Hỗ Trợ Kỹ Thuật Mạng IT (IT Helpdesk)","CÔNG TY TNHH CÔNG NGHỆ VIỆT TUẤN","- Hà Nội: Tầng 6, Số 23 Phố Tô Vĩnh Diện, Phường Khương Đình (quận Thanh Xuân cũ)","https://www.topcv.vn/viec-lam/nhan-vien-ho-tro-ky-thuat-mang-it-it-helpdesk/2100954.html","Thứ 2 - Thứ 6 (từ 08:00 đến 17:30)
Thứ 7 (từ 08:00 đến 16:00)"
1,"Thực Tập Thiết Kế Đồ Họa 2D Mảng Print On Demand","CÔNG TY TNHH TNZ MEDIA","- Hồ Chí Minh: 68/1/13 Nguyễn Tư Giản, P. 12, Gò Vấp, Phường An Hội Tây (quận Gò Vấp cũ)","https://www.topcv.vn/viec-lam/thuc-tap-thiet-ke-do-hoa-2d-mang-print-on-demand/1474059.html","Thứ 2 - Thứ 7 (từ 08:00 đến 17:30)"
1,"Thực Tập Thiết Kế Đồ Họa 2D Mảng Print On Demand","CÔNG TY TNHH TNZ MEDIA","- Hồ Chí Minh: 19 đường số 7, Cityland Park Hills, Phường Gò Vấp (quận Gò Vấp cũ)","https://www.topcv.vn/viec-lam/thuc-tap-thiet-ke-do-hoa-2d-mang-print-on-demand/1474059.html","Thứ 2 - Thứ 7 (từ 08:00 đến 17:30)"
1,"Nhân Viên Tư Vấn/Kinh Doanh Phần Mềm Bán Hàng - Thu Nhập Hấp Dẫn Không Giới Hạn Lên Đến 20 Triệu - Hà Nội","Công Ty TNHH NASYS","- Hà Nội: 19 Đại Từ, Phường Định Công (quận Hoàng Mai cũ)","https://www.topcv.vn/viec-lam/nhan-vien-tu-van-kinh-doanh-phan-mem-ban-hang-thu-nhap-hap-dan-khong-gioi-han-len-den-20-trieu-ha-noi/2147947.html","Thứ 2 - Thứ 7 (từ 08:00 đến 17:00)
Thứ 7 làm cách tuần (tuần 1 và tuần 3 của tháng)"
1,"Nhân Viên Thiết Kế / Graphic Designer","Công ty TNHH Truyền thông 5Bit","- Hà Nội: 39 LK11B, Khu đô thị Mỗ Lao, Phường Hà Đông (quận Hà Đông cũ)","https://www.topcv.vn/viec-lam/nhan-vien-thiet-ke-graphic-designer/2119994.html","Thứ 2 - Thứ 6 (từ 09:00 đến 18:00)
2 thứ 7 cách tuần"
1,"Graphic Designer","Công ty Cổ phần TEN Group","- Hồ Chí Minh: 52-54 đường 3122 Phạm Thế Hiển, Phường Bình Đông (Quận 8 cũ)","https://www.topcv.vn/viec-lam/graphic-designer/2078412.html","Thứ 2 - Thứ 6 (từ 08:00 đến 17:00)
Thứ 7 (từ 08:00 đến 12:00)
Thứ Hai - Thứ Sáu: 8:00 - 17:00, Nghỉ trưa: 12:00 - 13:00
1 tháng làm 1 buổi sáng thứ 7"
1,"Nhân Viên Thiết Kế Hình Ảnh Bằng AI (AI Designer)","CÔNG TY CỔ PHẦN TRUYỀN THÔNG VÀ GIẢI TRÍ HG MEDIA","- Hà Nội: số 4, ngõ 21 lê văn lương, Phường Thanh Xuân (quận Thanh Xuân cũ)","https://www.topcv.vn/viec-lam/nhan-vien-thiet-ke-hinh-anh-bang-ai-ai-designer/2143456.html","Thứ 2 - Thứ 6 (từ 08:00 đến 17:00)
8h30 - 17h30, thứ 2 - thứ 7
Nghỉ thứ 7 cách tuần"
1,"Senior Graphic Designer (Nhãn Yaman)","Công ty TNHH TM Thiên Thủy Mộc","- Hồ Chí Minh: 23 Trường Sơn, Phường Tân Sơn Nhất (quận Tân Bình cũ)","https://www.topcv.vn/viec-lam/senior-graphic-designer-nhan-yaman/1456386.html","Thứ 2 - Thứ 6 (từ 08:30 đến 17:30)
Thứ 7 (từ 08:30 đến 12:30)"
1,"Trưởng Phòng Vận Hành ERP (Tiếng Trung)","CÔNG TY TNHH ASAMA YUH JIUN INTERNATIONAL VIỆT NAM","- Hồ Chí Minh: Số 19, Lô N, ĐT743, Khu công nghiệp Sóng Thần 2, Phường Dĩ An (Thành phố Dĩ An cũ)","https://www.topcv.vn/viec-lam/truong-phong-van-hanh-erp-tieng-trung/2136139.html","Thứ 2 - Thứ 7 (từ 07:30 đến 16:30)"
1,"Trưởng Nhóm Thiết Kế Hộp/ Packaging Design Leader","HAPAS VIỆT NAM","- Hồ Chí Minh: Tầng 19, 3A-3B Tôn Đức Thắng, Phường Sài Gòn (Quận 1 cũ)","https://www.topcv.vn/viec-lam/truong-nhom-thiet-ke-hop-packaging-design-leader/2138313.html","Thứ 2 - Thứ 6 (từ 09:00 đến 18:00)
Thời gian làm việc:
+ Thứ Hai: 8h30 - 18h00 (Nghỉ trưa 12h00 - 13h30)
+ Thứ Ba - Thứ Sáu: 09h00 - 18h00 (Nghỉ trưa 12h00 - 13h30)
+ Thứ Bảy: 01 buổi sáng đầu tiên trong tháng"
1,"Curriculum Developer Cum Quality Control","CÔNG TY TNHH MỘT THÀNH VIÊN KIẾN THỨC VIỆT","- Đồng Nai: 161/1, Trương Định, Tam Hiệp, Phường Tam Hiệp (Thành phố Biên Hòa cũ)","https://www.topcv.vn/viec-lam/curriculum-developer-cum-quality-control/2148254.html","Thứ 2 - Thứ 7 (từ 14:00 đến 21:30)"
1,"Chuyên Viên Thiết Kế Đồ Họa - Graphic Design (Lương Cứng 15-20TR/Tháng)","Công ty Cổ phần Bất động sản TICA LAND","- Hồ Chí Minh: Tầng1,  VES04 - Tháp Venice 1 - Chung cư New City Thủ Thiêm - 17 Mai Chí Thọ, Phường An Khánh (Thành phố Thủ Đức cũ)","https://www.topcv.vn/viec-lam/chuyen-vien-thiet-ke-do-hoa-graphic-design-luong-cung-15-20tr-thang/2056729.html","Thứ 2 - Thứ 6 (từ 08:00 đến 17:30)
Thứ 7 (từ 08:00 đến 12:00)"
1,"Post-Sales Cyber Security","CÔNG TY CỔ PHẦN TƯ VẤN VÀ DỊCH VỤ CÔNG NGHỆ ASIC","- Hà Nội: Vinhomes Greenbay, số 7 đại lộ Thăng Long, Phường Đại Mỗ (quận Nam Từ Liêm cũ)","https://www.topcv.vn/viec-lam/post-sales-cyber-security/2149656.html","Thứ 2 - Thứ 6 (từ 08:00 đến 17:00)
Làm 2 buổi sáng thứ 7 trên 1 tháng"
1,"Kinh Doanh Dự Án Phần Mềm","CÔNG TY CỔ PHẦN ĐẦU TƯ CÔNG NGHỆ VÀ THƯƠNG MẠI SOFTDREAMS","- Hà Nội: Tầng 3 CT5 AB Văn Khê, Phường Hà Đông (quận Hà Đông cũ)","https://www.topcv.vn/brand/softdreams/tuyen-dung/kinh-doanh-du-an-phan-mem-j2070279.html","[""Thứ 2 - Thứ 6 (từ 08:00 đến 17:30)\n8-17h30 T2-T6, 2 thứ 7 trên tháng, nghỉ trưa 12-13h30""]"
1,"Quản Lý Dự Án (Project Manager)","Công ty TNHH Digitek Việt Nam","- Hà Nội: 43 ngách 9 ngõ 259 Phố Vọng, Phường Tương Mai (quận Hai Bà Trưng, quận Hoàng Mai cũ)","https://www.topcv.vn/viec-lam/quan-ly-du-an-project-manager/2139323.html","Thứ 2 - Thứ 7 (từ 08:00 đến 17:00)"
1,"Nhân Viên Thiết Kế","CÔNG TY CỔ PHẦN SÀI GÒN AN THÁI","- Hồ Chí Minh: 263 Vườn Lài, P. Phú Thọ Hoà, Phường Phú Thọ Hòa (quận Tân Phú cũ)","https://www.topcv.vn/viec-lam/nhan-vien-thiet-ke/2118039.html","Thứ 2 - Thứ 6 (từ 08:00 đến 17:00)
Thứ 7 (từ 08:00 đến 12:00)"
1,"Thực Tập Sinh Tư Vấn Thiết Kế Website Fulltime","CÔNG TY TNHH CÔNG NGHỆ PHẦN MỀM NASANI","- Hồ Chí Minh: tòa nhà Sài Gòn ICT, Công viên phần mềm Quang Trung, Trung Mỹ Tây, Phường Trung Mỹ Tây (Quận 12 cũ)","https://www.topcv.vn/viec-lam/thuc-tap-sinh-tu-van-thiet-ke-website-fulltime/2115525.html","Thứ 2 - Thứ 6 (từ 08:00 đến 17:00)
Thứ 7 (từ 08:00 đến 12:00)
thứ 7 ( 8h-12h)"
1,"Thiết Kế Đồ Họa (Graphic Design)","CÔNG TY TNHH ĐIỆN TỬ ZOBO","- Hồ Chí Minh: 18/60 Tăng nhơn Phú, Phường Phước Long (Thành phố Thủ Đức cũ)","https://www.topcv.vn/viec-lam/thiet-ke-do-hoa-graphic-design/2125586.html","Thứ 2 - Thứ 7 (từ 08:00 đến 17:00)"
1,"Designer / Media Nam Đi Làm Ngay","CÔNG TY TNHH BEST NUTRITION","- Hồ Chí Minh: Đường số 53, Phường Tân Hưng (Quận 7 cũ)","https://www.topcv.vn/viec-lam/designer-media-nam-di-lam-ngay/2147816.html","Thứ 2 - Thứ 7 (từ 08:00 đến 17:00)
- Nghỉ trưa 90p."
1,"Nhân Viên Phối Màu","CÔNG TY TNHH CÔNG NGHIỆP INTCO VIỆT NAM","- Thanh Hóa: Lô CN-01/02 và CN-01/03, Nam Khu A, KCN Bỉm Sơn (Thị xã Bỉm Sơn cũ), Phường Quang Trung (Thị xã Bỉm Sơn cũ)","https://www.topcv.vn/viec-lam/nhan-vien-phoi-mau/2130873.html","Thứ 2 - Thứ 7 (từ 08:00 đến 17:00)
T2-T7 (từ 8:00 đến 17:00, nghỉ trưa 1 tiếng từ 12:00 đến 13:00)"
1,"Nhân Viên Kinh Doanh Phần Mềm","CÔNG TY CỔ PHẦN GIẢI PHÁP ETRON","- Hà Nội: A24/D7, Ngõ 66 Khúc Thừa Dụ, Dịch Vọng, Cầu Giấy, Phường Cầu Giấy (quận Cầu Giấy cũ)","https://www.topcv.vn/viec-lam/nhan-vien-kinh-doanh-phan-mem/2138090.html","Thứ 2 - Thứ 6 (từ 08:30 đến 18:00)
2 ngày thứ 7 trong tháng"
1,"Nhân Viên Kinh Doanh Phần Mềm","CÔNG TY CỔ PHẦN GIẢI PHÁP ETRON","- Hồ Chí Minh: SAV5 The Sun Avenue, 28 Mai Chí Thọ, P. An Khánh, Phường An Phú (Thành phố Thuận An cũ)","https://www.topcv.vn/viec-lam/nhan-vien-kinh-doanh-phan-mem/2138090.html","Thứ 2 - Thứ 6 (từ 08:30 đến 18:00)
2 ngày thứ 7 trong tháng"
1,"Nhân Viên Thiết Kế Máy","Công Ty Cổ Phần Công Nghệ Mạch Việt CNC","- Hà Nội: Số 95, ngách 68/95 Đường Giáp Hải, Xã Bát Tràng, Xã Gia Lâm (huyện Gia Lâm cũ)","https://www.topcv.vn/viec-lam/nhan-vien-thiet-ke-may/2131423.html","Thứ 2 - Thứ 7 (từ 08:00 đến 17:00)
Sáng: 8h00 - 12h00
Chiều: 13h00 - 17h00"
1,"Thực Tập Sinh Thiết Kế Ứng Dụng App Mobile - CRM","CÔNG TY TNHH CÔNG NGHỆ SOTA GROUP","- Hồ Chí Minh: 160 Đường số 20, Phường An Nhơn (quận Gò Vấp cũ)","https://www.topcv.vn/viec-lam/thuc-tap-sinh-thiet-ke-ung-dung-app-mobile-crm/2149527.html","Thứ 2 - Thứ 7 (từ 08:00 đến 17:30)
Từ Thứ Hai đến Sáng Thứ Bảy
Thời gian làm việc linh hoạt theo lịch học của ứng viên"
1,"Nhân Viên Thiết Kế (Designer)","CÔNG TY CỔ PHẦN ĐÀO TẠO GIÁO DỤC SSSTUDY","- Hà Nội: Số 88 ngõ 27 Đại Cồ Việt, Phường Bạch Mai (quận Hai Bà Trưng cũ)","https://www.topcv.vn/viec-lam/nhan-vien-thiet-ke-designer/2151660.html","Thứ 2 - Thứ 6 (từ 08:30 đến 18:00)
Thứ 7 (từ 08:30 đến 12:00)
Nghỉ trưa 12h00 – 13h30"
1,".NET DEVELOPMENT ENGINEER Biết Tiếng Trung","CÔNG TY TNHH SOONEST EXPRESS (VIETNAM)","- Hà Nội: Gems Empire Tower 201 Trường Chinh, Phường Phương Liệt (quận Thanh Xuân cũ)","https://www.topcv.vn/viec-lam/net-development-engineer-biet-tieng-trung/2146704.html","Thứ 2 - Thứ 6 (từ 08:00 đến 17:30)
Thứ 7 (từ 08:00 đến 11:30)"
1,"Nhân Viên Kinh Doanh","Viện nghiên cứu Tổ chức và Kinh tế số","- Hà Nội: 33 Đại Mỗ, Phường Đại Mỗ (quận Nam Từ Liêm cũ)","https://www.topcv.vn/viec-lam/nhan-vien-kinh-doanh/2127147.html","Thứ 2 - Thứ 6 (từ 08:30 đến 17:30)
Thứ 7 làm việc cách tuần"
1,"Nhân Viên Kỹ Thuật  Lập Trình CNC","CÔNG TY CỔ PHẦN ĐẦU TƯ VÀ PHÁT TRIỂN CÔNG NGHỆ SÔNG HỒNG","- Bắc Ninh: Lô CN-16, Khu Công nghiệp Việt Hàn, Phường Nếnh (Thị xã Việt Yên cũ)","https://www.topcv.vn/viec-lam/nhan-vien-ky-thuat-lap-trinh-cnc/2138758.html","Thứ 2 - Thứ 7 (từ 08:00 đến 17:00)"
1,"Data Analyst - 1 Năm Kinh Nghiệm",EDUPIA,"- Hà Nội: Tầng 2,3,5,6 Tòa Comatce Tower - 61 Ngụy Như Kon Tum, Thanh Xuân, Phường Thanh Xuân (quận Thanh Xuân cũ)","https://www.topcv.vn/brand/educa/tuyen-dung/data-analyst-1-nam-kinh-nghiem-j2130150.html","[""Thứ 2 - Thứ 6 (từ 08:00 đến 17:30)\nThứ 7 (từ 08:00 đến 12:00)""]"
1,"Nhân Viên Thiết Kế Designer","Công ty cổ phần thương mại sản xuất và dịch vụ KEIKO Việt Nam","- Hà Nội: Khu Geleximco, Phường Dương Nội (quận Hà Đông cũ)","https://www.topcv.vn/viec-lam/nhan-vien-thiet-ke-designer/1119145.html","Thứ 2 - Thứ 6 (từ 08:00 đến 17:00)
Thứ 7 (từ 08:00 đến 12:00)"
1,"Fresher Business Development","Công ty cổ phần TechLead","- Hà Nội: Tầng 4 số 11 Nguyển Xiển Thanh Xuân, Phường Khương Đình (quận Thanh Xuân cũ)","https://www.topcv.vn/viec-lam/fresher-business-development/1481369.html","Thứ 2 - Thứ 6 (từ 08:30 đến 18:00)
và thứ 7 cách tuần"
1,"Mobile (Flutter) - Hà Nội - TA150","Ngân Hàng TMCP Việt Nam Thịnh Vượng (VPBank)","- Hà Nội: 89 Láng Hạ, Phường Đống Đa (quận Đống Đa cũ)","https://www.topcv.vn/brand/vpbank/tuyen-dung/mobile-flutter-ha-noi-ta150-j2124472.html","[""Thứ 2 - Thứ 6 (từ 08:00 đến 17:30)\nThứ 7 (từ 08:00 đến 12:00)""]"
1,"Nhân Viên Thiết Kế Đồ Họa - 2D Graphic Designer","CÔNG TY CỔ PHẦN TRUYỀN THÔNG GODA","- Hà Nội: HT Building, 80 Duy Tân, Phường Cầu Giấy (quận Cầu Giấy cũ)","https://www.topcv.vn/viec-lam/nhan-vien-thiet-ke-do-hoa-2d-graphic-designer/2004103.html","Thứ 2 - Thứ 7 (từ 08:30 đến 18:00)
Thứ 2-Thứ 7 (nghỉ 2 ngày thứ 7 trong tháng).
8h30-12h & 13h30-18h00 (Nghỉ trưa 1 tiếng 30 phút)"
1,"Nhân Viên Sales Phần Mềm Bán Hàng Sapo","CÔNG TY CỔ PHẦN CÔNG NGHỆ SAPO","- Hải Phòng: 170 Tôn Đức Thắng, Phường An Biên (quận Lê Chân cũ)","https://www.topcv.vn/viec-lam/nhan-vien-sales-phan-mem-ban-hang-sapo/2145658.html","Thứ 2 - Thứ 6 (từ 08:00 đến 17:30)
Thứ 7 (từ 08:00 đến 12:00)"
1,"Nhân Viên Sales Phần Mềm Bán Hàng Sapo","CÔNG TY CỔ PHẦN CÔNG NGHỆ SAPO","- Hà Nội: Tầng 6, Tòa nhà Ladeco, số 266 Đội Cấn, Phường Ngọc Hà (quận Ba Đình cũ)","https://www.topcv.vn/viec-lam/nhan-vien-sales-phan-mem-ban-hang-sapo/2145658.html","Thứ 2 - Thứ 6 (từ 08:00 đến 17:30)
Thứ 7 (từ 08:00 đến 12:00)"
1,"Business Analyst (Kinh Nghiệm Mobile Apps)","Công ty Cổ Phần Đầu tư Công nghệ Trip","- Hà Nội: B4-01 Vinhome Gardenia, Phường Từ Liêm (quận Nam Từ Liêm cũ)","https://www.topcv.vn/viec-lam/business-analyst-kinh-nghiem-mobile-apps/2024517.html","Thứ 2 - Thứ 6 (từ 08:30 đến 18:00)
2 thứ 7 trong tháng: 8:30 - 17:00 (Công ty có áp dụng remote working thứ 7)"
1,"Nhân Viên Thiết Kế Sự Kiện Design Marketing","Công ty Cổ Phần Tổ Chức Sự Kiện và Du Lịch MTE","- Hà Nội: Số 320 Lĩnh Nam, Hoàng Mai, Phường Hoàng Mai (quận Hoàng Mai cũ)","https://www.topcv.vn/viec-lam/nhan-vien-thiet-ke-su-kien-design-marketing/1702890.html","Thứ 2 - Thứ 6 (từ 08:30 đến 17:30)
- Thời gian làm việc : từ 8h30- 17h30 thứ 2-6 và 2 thứ 7 cách tuần trong tháng"
1,"Nhân Viên Tư Vấn Kinh Doanh Phần Mềm","CÔNG TY TNHH CÔNG NGHỆ PHẦN MỀM NASANI","- Hồ Chí Minh: Toà nhà Saigon ICT, Công viên phần mềm Quang Trung, Phường Trung Mỹ Tây (Quận 12 cũ)","https://www.topcv.vn/viec-lam/nhan-vien-tu-van-kinh-doanh-phan-mem/2059177.html","Thứ 2 - Thứ 6 (từ 08:00 đến 17:00)
Thứ 7 (từ 08:00 đến 12:00)"
1,"Graphic Designer","CÔNG TY CỔ PHẦN SÀN GIAO DỊCH BẤT ĐỘNG SẢN GI REALTY","- Hồ Chí Minh: GI Building: 113 Trương Văn Bang, Phường Cát Lái (Thành phố Thủ Đức cũ)","https://www.topcv.vn/viec-lam/graphic-designer/1834566.html","Thứ 2 - Thứ 6 (từ 08:30 đến 17:30)
Thứ 2 - thứ 6 ( 8h30 - 17h30 )
Thứ 7 ( 8h30 - 12h30 )"
1,"Nhân Viên Chạy Máy CNC - Thành Thạo Bóc Tách","CÔNG TY TNHH XÂY DỰNG, NỘI THẤT SÀI GÒN HOMES","- Hồ Chí Minh: Xã Hóc Môn (huyện Hóc Môn cũ)","https://www.topcv.vn/viec-lam/nhan-vien-chay-may-cnc-thanh-thao-boc-tach/2137770.html","Thứ 2 - Thứ 7 (từ 08:00 đến 17:30)"
1,"Thực Tập Sinh Công Nghệ Thông Tin - Đào Tạo Có Lương","CÔNG TY TNHH CÔNG NGHỆ PHẦN MỀM NASANI","- Hồ Chí Minh: Tòa nhà Saigon ICT, Lô 46, Công viên phần mềm Quang Trung (Quận 12 cũ), Phường Trung Mỹ Tây (Quận 12 cũ)","https://www.topcv.vn/viec-lam/thuc-tap-sinh-cong-nghe-thong-tin-dao-tao-co-luong/2116404.html","Thứ 2 - Thứ 6 (từ 08:00 đến 17:00)
Thứ 7 (từ 08:00 đến 12:00)"
1,"Nhân Viên Thiết Kế 3D / Graphic Designer","Công ty TNHH DArt Chocolate","- Hồ Chí Minh: 14/1 tổ 14 KP1, Phường An Phú Đông (Quận 12 cũ)","https://www.topcv.vn/viec-lam/nhan-vien-thiet-ke-3d-graphic-designer/1821398.html","Thứ 2 - Thứ 7 (từ 08:00 đến 17:00)"
1,"Nhân Viên Graphic Design","CÔNG TY CỔ PHẦN TẬP ĐOÀN LUKLAK VIỆT NAM","- Hà Nội: Tầng 5 tòa nhà Số 1 Phạm Huy Thông, Ngọc Khánh, Ba Đình, Phường Ba Đình (quận Ba Đình cũ)","https://www.topcv.vn/viec-lam/nhan-vien-graphic-design/1795946.html","Thời gian làm việc: Sáng: 8h30 - 12h; Chiều: 13h30 - 17h30 từ Thứ 2 đến Sáng Thứ 7."
1,"Graphic Design","Công ty Cổ phần Harami-trade","- Đà Nẵng: 771 Ngô Quyền, Phường An Hải (quận Sơn Trà cũ)","https://www.topcv.vn/viec-lam/graphic-design/2123674.html","Thứ 2 - Thứ 6 (từ 08:00 đến 17:30)
Thứ 7 (từ 08:00 đến 11:30)"
1,"CONCEPT ARTIST (Visual Storyteller)","CÔNG TY TNHH MTV LOON EYES STUDIO","- Hà Nội: 17/31 Đặng Vũ Hỷ, Phường Long Biên (quận Long Biên cũ)","https://www.topcv.vn/viec-lam/concept-artist-visual-storyteller/2114277.html","Thứ 2 - Thứ 7 (từ 09:00 đến 18:00)
Nghỉ trưa (12:00-13:30)"
1,"Design Tại Cộng Đồng Bầu","CÔNG TY TNHH CỘNG ĐỒNG BẦU","- Hồ Chí Minh: 33/3 Bùi Đình Tuý, Phường Bình Thạnh (quận Bình Thạnh cũ)","https://www.topcv.vn/viec-lam/design-tai-cong-dong-bau/2130556.html","Thứ 2 - Thứ 7 (từ 08:30 đến 17:30)"
1,"Thực Tập Sinh Kinh Doanh Mảng Công Nghệ Thông Tin","CÔNG TY TNHH CÔNG NGHỆ PHẦN MỀM NASANI","- Hồ Chí Minh: Lầu 1 Tòa nhà Saigon ICT, Lô 46 Công viên phần mềm Quang Trung, Phường Trung Mỹ Tây (Quận 12 cũ)","https://www.topcv.vn/viec-lam/thuc-tap-sinh-kinh-doanh-mang-cong-nghe-thong-tin/2106833.html","Thứ 2 - Thứ 6 (từ 08:00 đến 17:00)
Thứ 2 - Thứ 6 (từ 08:00 đến 17:00)
Thứ 7 : Từ 8:00 - 12:00"
1,"Nhân Viên Triển Khai Giải Pháp Công Nghệ Thông Tin","CÔNG TY CỔ PHẦN ỨNG DỤNG CÔNG NGHỆ VIỄN THÔNG BÌNH MINH","- Hà Nội: Tầng 3, tòa nhà Sanaky, Số 22 Đường Trần Thủ Độ, Phường Yên Sở (quận Hoàng Mai cũ)","https://www.topcv.vn/viec-lam/nhan-vien-trien-khai-giai-phap-cong-nghe-thong-tin/1636542.html","Thứ 2 - Thứ 6 (từ 08:15 đến 17:45)
Thứ 7 (từ 09:00 đến 17:45)"
1,"Nhân Viên Diễn Hoạt 3D Animation","Công ty Cổ Phần Phần Mềm Dấu Cộng","- Hà Nội: 461 Vũ Tông Phan, Phường Khương Đình (quận Thanh Xuân cũ)","https://www.topcv.vn/viec-lam/nhan-vien-dien-hoat-3d-animation/1562615.html","Thứ 2 - Thứ 7 (từ 08:30 đến 18:00)
Thứ 7 nghỉ luân phiên"
1,"Thực Tập Sinh Công Nghệ Thông Tin (Có Lương)","CÔNG TY TNHH CÔNG NGHỆ PHẦN MỀM NASANI","- Hồ Chí Minh: Tòa nhà Saigon ICT, Công viên phần mềm Quang Trung, Phường Tân Chánh Hiệp, Phường Trung Mỹ Tây (Quận 12 cũ)","https://www.topcv.vn/viec-lam/thuc-tap-sinh-cong-nghe-thong-tin-co-luong/2153243.html","Thứ 2 - Thứ 6 (từ 08:00 đến 17:00)
Thứ 7 (từ 08:00 đến 12:00)
Nghỉ trưa: 1 tiếng"
1,"DevOps Engineer (Observability Platform)","Ngân Hàng TMCP Việt Nam Thịnh Vượng (VPBank)","- Hà Nội: Phường Đống Đa (quận Đống Đa cũ)","https://www.topcv.vn/brand/vpbank/tuyen-dung/devops-engineer-observability-platform-j2030631.html","[""Thứ 2 - Thứ 6 (từ 00:00 đến 00:00)\nThời gian làm việc: từ thứ 2 – thứ 6 & 2-3 sáng thứ 7/ tháng""]"
1,"Product Owner (Mobile App)","Công ty Cổ Phần Đầu tư Công nghệ Trip","- Hà Nội: Phường Từ Liêm (quận Nam Từ Liêm cũ)","https://www.topcv.vn/viec-lam/product-owner-mobile-app/2016225.html","Thứ 2 - Thứ 6 (từ 08:30 đến 18:00)
Làm việc 2 thứ 7 trong tháng: 8h30 - 17:00."
1,"Đối Tác Công Nghệ Thông Tin (IT Business Partner)","Công ty TNHH Đầu tư Dịch vụ Humventures","- Hồ Chí Minh: 34 Đường số 11, Phường An Khánh (Thành phố Thủ Đức cũ)","https://www.topcv.vn/viec-lam/doi-tac-cong-nghe-thong-tin-it-business-partner/1922788.html","Thứ 2 - Thứ 6 (từ 08:30 đến 17:30)
Thứ 7 WFH"
1,"Project Manager Dự Án AI HUB",EDUPIA,"- Hà Nội: Tầng 2,3,5,6 Tòa Comatce Tower - 61 Ngụy Như Kon Tum, Thanh Xuân, Phường Thanh Xuân (quận Thanh Xuân cũ)","https://www.topcv.vn/brand/educa/tuyen-dung/project-manager-du-an-ai-hub-j2128617.html","[""Thứ 2 - Thứ 6 (từ 08:00 đến 17:30)\nThứ 7 (từ 08:00 đến 12:00)""]"
1,"Kỹ Thuật Triển Khai Dự Án","Công ty TNHH Công Nghệ Và Dịch Vụ VIDACOM","- Đà Nẵng: 519 đường 29/3, Phường Hòa Xuân (quận Cẩm Lệ, huyện Hòa Vang cũ)","https://www.topcv.vn/viec-lam/ky-thuat-trien-khai-du-an/2130610.html","Thứ 2 - Thứ 7 (từ 08:00 đến 17:00)"
1,"Chuyên Viên Nghiệp Vụ Y - HIS","Công ty Cổ phần TTH Group","- Nghệ An: Bệnh viện Y học Cổ truyền Nguyên Phúc, Phường Vinh Hưng (Thành phố Vinh cũ)","https://www.topcv.vn/viec-lam/chuyen-vien-nghiep-vu-y-his/2128936.html","Thứ 2 - Thứ 7 (từ 07:30 đến 16:45)"
1,"Kỹ Thuật Viên Công Nghệ","Công ty cổ phần nhựa kỹ thuật Vân Long","- Hải Phòng: Lô P3, KCN Tràng Duệ, An Phong, Phường An Phong (quận An Dương cũ)","https://www.topcv.vn/viec-lam/ky-thuat-vien-cong-nghe/2119875.html","Thứ 2 - Thứ 7 (từ 08:00 đến 17:00)"
1,"Trưởng Bộ Phận Kỹ Thuật Tàu Kéo & Sà Lan (TPC)","CÔNG TY CỔ PHẦN ĐẦU TƯ VÀ THI CÔNG HẠ TẦNG VINALPHA","- Khánh Hòa: Số 5 Trần Phú, Phường Nha Trang (Thành phố Nha Trang cũ)","https://www.topcv.vn/viec-lam/truong-bo-phan-ky-thuat-tau-keo-sa-lan-tpc/2148073.html","Thứ 2 - Thứ 7 (từ 08:30 đến 17:30)"
1,"Graphic Designer","CÔNG TY TNHH THẢO XINH GROUP","- Hồ Chí Minh: 17 Nguyễn Hữu Tiến, Phường Tân Phú (quận Tân Phú cũ)","https://www.topcv.vn/viec-lam/graphic-designer/2143164.html","Thứ 2 - Thứ 6 (từ 09:00 đến 17:00)
Thứ 7 (từ 09:00 đến 16:00)"
1,"Nhân Viên IT","Công ty Cổ phần Công nghiệp Nhựa Phú Lâm","- Hải Phòng: Km9, đường Phạm Văn Đồng, Phường Dương Kinh (quận Dương Kinh cũ)","https://www.topcv.vn/viec-lam/nhan-vien-it/2126422.html","Thứ 2 - Thứ 7 (từ 07:30 đến 17:00)
Nghỉ chiều thứ 7 -Hưởng nguyên lương"
1,"Graphic Designer","Công Ty TNHH LaFresh Đà Lạt","- Hồ Chí Minh: 171/7 Bình Lợi Trung, Phường Bình Thạnh (quận Bình Thạnh cũ)","https://www.topcv.vn/viec-lam/graphic-designer/1935804.html","Thứ 2 - Thứ 7 (từ 08:00 đến 17:00)"
1,"Product Designer Lead","Công ty cổ phần Công nghệ Sapo","- Hà Nội: Tòa Ladeco, 266 Đội Cấn, Phường Ngọc Hà (quận Ba Đình cũ)","https://www.topcv.vn/brand/sapovn/tuyen-dung/product-designer-lead-j2124853.html","[""Thứ 2 - Thứ 6 (từ 08:00 đến 17:30)\nThứ 7 (từ 08:00 đến 12:00)\nNghỉ trưa 1h30'""]"
1,"Talent Fresher - Sales Consultant/Business Development - B2B Công Nghệ (BASE REVENUE CHAMPIONS 2026)","Công ty Cổ Phần Base Enterprise","- Hà Nội: 37 Lê Văn Lương, Phường Thanh Xuân (quận Thanh Xuân cũ)","https://www.topcv.vn/viec-lam/talent-fresher-sales-consultant-business-development-b2b-cong-nghe-base-revenue-champions-2026/2076852.html","Thứ 2 - Thứ 6 (từ 08:30 đến 18:00)
Thứ 7 (từ 08:00 đến 12:00)
Thứ Hai – Sáng thứ Bảy (08h30 – 18h00, nghỉ trưa 1,5 tiếng)"
1,"Talent Fresher - Sales Consultant/Business Development - B2B Công Nghệ (BASE REVENUE CHAMPIONS 2026)","Công ty Cổ Phần Base Enterprise","- Hồ Chí Minh: Jasmine 1 Hado Centrosa, Phường Hòa Hưng (Quận 10 cũ)","https://www.topcv.vn/viec-lam/talent-fresher-sales-consultant-business-development-b2b-cong-nghe-base-revenue-champions-2026/2076852.html","Thứ 2 - Thứ 6 (từ 08:30 đến 18:00)
Thứ 7 (từ 08:00 đến 12:00)
Thứ Hai – Sáng thứ Bảy (08h30 – 18h00, nghỉ trưa 1,5 tiếng)"
1,"NV Thiết Kế Đồ Họa (Graphic Design)","CÔNG TY TNHH SẢN XUẤT NHÔM TRƯỜNG THÀNH","- Hà Nội: 35BT5 KĐT Pháp Vân, Trần Thủ Độ, Hoàng Mai, Phường Hoàng Liệt (quận Hoàng Mai, huyện Thanh Trì cũ)","https://www.topcv.vn/viec-lam/nv-thiet-ke-do-hoa-graphic-design/2135377.html","Thứ 2 - Thứ 6 (từ 08:00 đến 17:00)
Thứ 7 (từ 08:00 đến 12:00)"
1,"Chuyên Viên Thiết Kế Đồ Họa","CÔNG TY CỔ PHẦN THIẾT BỊ CHĂM SÓC SỨC KHỎE SỐ 1","- Hà Nội: 120 Nguyễn Thái Học, Phường Ba Đình (quận Ba Đình cũ)","https://www.topcv.vn/viec-lam/chuyen-vien-thiet-ke-do-hoa/1765023.html","Thứ 2 - Thứ 7 (từ 08:30 đến 17:30)
Thời gian làm việc: Từ Thứ 2 đến Thứ 6; Thứ 7 làm việc luân phiên cách tuần."
1,"Nhân Viên Thiết Kế, Đi Làm Ngay","Công ty TNHH Quốc tế Luminix","- Hà Nội: Tầng 5, Toà G3, Yên Xá, Tân Triều, Phường Thanh Liệt (huyện Thanh Trì cũ)","https://www.topcv.vn/viec-lam/nhan-vien-thiet-ke-di-lam-ngay/1974619.html","Thứ 2 - Thứ 7 (từ 08:00 đến 17:30)"
1,"TTS Support - Triển Khai Đào Tạo Phần Mềm","CÔNG TY CỔ PHẦN LIFETEX","- Hà Nội: 15 Tố Hữu, Phường Thanh Xuân (quận Thanh Xuân cũ)","https://www.topcv.vn/viec-lam/tts-support-trien-khai-dao-tao-phan-mem/2142388.html","Thứ 2 - Thứ 6 (từ 08:00 đến 17:00)
Thứ 7 (từ 08:00 đến 12:00)"
1,"Nhân Viên Tư Vấn Marketing Phần Mềm","CÔNG TY TNHH CÔNG NGHỆ PHẦN MỀM NASANI","- Hồ Chí Minh: Lầu 1 Tòa nhà Saigon ICT, Lô 46 Công viên phần mềm Quang Trung, Phường Trung Mỹ Tây (Quận 12 cũ)","https://www.topcv.vn/viec-lam/nhan-vien-tu-van-marketing-phan-mem/1992816.html","Thứ 2 - Thứ 6 (từ 08:00 đến 17:00)
Thứ 7 : Twd 8:00 - 12:00"
1,"Nhân Viên Tư Vấn Phần Mềm Marketing","CÔNG TY TNHH CÔNG NGHỆ PHẦN MỀM NASANI","- Hồ Chí Minh: Phường Trung Mỹ Tây (Quận 12 cũ)","https://www.topcv.vn/viec-lam/nhan-vien-tu-van-phan-mem-marketing/2144139.html","Thứ 2 - Thứ 6 (từ 08:00 đến 17:00)
Thứ 7 (từ 08:00 đến 12:00)"
1,"Kỹ Thuật Viên Lập Trình Gia Công Cơ Khí (Mastercam – Phòng Kỹ Thuật)","CÔNG TY TNHH CTI VN","- Hồ Chí Minh: Nhà máy CTI VN, 36/4 Đỗ Mười, Phường An Phú Đông (Quận 12 cũ)","https://www.topcv.vn/viec-lam/ky-thuat-vien-lap-trinh-gia-cong-co-khi-mastercam-phong-ky-thuat/2148393.html","Thứ 2 - Thứ 7 (từ 07:30 đến 16:30)"
1,"Nhân Viên Kỹ Thuật IT_Hạ Tầng","CÔNG TY CỔ PHẦN ĐẦU TƯ TÀI CHÍNH VÀ CÔNG NGHỆ DATATECH","- Hải Phòng: Phường Hải An (quận Hải An cũ)","https://www.topcv.vn/viec-lam/nhan-vien-ky-thuat-it-ha-tang/2121251.html","Thứ 2 - Thứ 7 (từ 08:00 đến 17:30)"
1,"VueJS Developer","CÔNG TY CỔ PHẦN TINASOFT VIỆT NAM","- Hà Nội: 110 Trần Phú Hà Đông, Phường Hà Đông (quận Hà Đông cũ)","https://www.topcv.vn/viec-lam/vuejs-developer/2118175.html","Thứ 2 - Thứ 6 (từ 08:30 đến 18:00)
Thứ 7 làm các tuần lẻ"
1,"Software Tester (Manual) – Tối Thiểu 2 Năm Kinh Nghiệm - Thu Nhập Upto 22 Triệu/Tháng","CÔNG TY TNHH CÔNG NGHỆ VÀ DỊCH VỤ THUẾ TAXNET","- Hà Nội: Tầng 3, Tòa Stellar Garden - 35 Lê Văn Thiêm, Phường Thanh Xuân (quận Thanh Xuân cũ)","https://www.topcv.vn/viec-lam/software-tester-manual-toi-thieu-2-nam-kinh-nghiem-thu-nhap-upto-22-trieu-thang/2137561.html","Thứ 2 - Thứ 6 (từ 08:00 đến 17:30)
Thứ 7 (từ 08:00 đến 12:00)"
1,"Backend 2026","Công ty cổ phần công nghệ K12","- Hà Nội: Phòng số 323,324, Tầng 3, Tòa Tháp Đông, Khu Thương mại, Chung cư Học viện Quốc Phòng, Phường Nghĩa Đô (quận Bắc Từ Liêm, quận Cầu Giấy cũ)","https://www.topcv.vn/viec-lam/backend-2026/2136153.html","Thứ 2 - Thứ 7 (từ 08:00 đến 12:00)
Thứ 2 - Thứ 7 (từ 13:30 đến 17:30)
Nghỉ thứ bảy cách tuần"
1,"Nhân Viên AI","CÔNG TY TNHH TRUYỀN THÔNG VÀ QUẢNG CÁO MẶT TRỜI","- Hồ Chí Minh: Tòa Cantavil, 600A Điện Biên Phủ, Phường Thạnh Mỹ Tây (quận Bình Thạnh cũ)","https://www.topcv.vn/viec-lam/nhan-vien-ai/2095179.html","Thứ 2 - Thứ 6 (từ 08:30 đến 17:30)
Nghỉ 2 Thứ 7/tháng"
1,"Nhân Viên Thiết Kế Đồ Họa (Ngành Du Lịch)","CÔNG TY CỔ PHẦN ĐẦU TƯ QUỐC TẾ VÀ DU LỊCH VIỆT VIỆT","- Hồ Chí Minh: 290/13A Nam Kỳ Khởi Nghĩa, Phường Xuân Hòa (Quận 3 cũ)","https://www.topcv.vn/viec-lam/nhan-vien-thiet-ke-do-hoa-nganh-du-lich/2132247.html","Thứ 2 - Thứ 6 (từ 08:00 đến 17:00)
Thứ 7 (từ 08:00 đến 12:00)"
1,"IT Support / Từ 1 Năm Kinh Nghiệm / Tại Phường Tân Mỹ, HCM (Quận 7 Cũ)","Công ty TNHH cung cấp thực phẩm May","- Hồ Chí Minh: 74M Hoàng Quốc Việt, Phường Tân Mỹ (Quận 7 cũ)","https://www.topcv.vn/viec-lam/it-support-tu-1-nam-kinh-nghiem-tai-phuong-tan-my-hcm-quan-7-cu/2123555.html","Thứ 2 - Thứ 7 (từ 08:00 đến 17:00)
44h/tuần từ Thứ Hai đến sáng Thứ 7
1 tháng nghỉ 2 ngày thứ 7"
1,"Designer Graphic (Ngành F&B)","TẬP ĐOÀN AN PHÁT HOLDINGS","- Hà Nội: Tòa nhà PVoil, số 148 Hoàng Quốc Việt, Phường Nghĩa Đô (quận Bắc Từ Liêm, quận Cầu Giấy cũ)","https://www.topcv.vn/viec-lam/designer-graphic-nganh-fb/2126963.html","Thứ 2 - Thứ 6 (từ 08:00 đến 17:00)
Làm việc online 2 ngày thứ 7 (8h-16h) trong tháng"
1,"Trưởng Nhóm Lập Trình Mobile","Trường Đại học Đại Nam","- Hà Nội: Đại học Đại Nam số 1 Phố Xốm, Phường Phú Lương (quận Hà Đông cũ)","https://www.topcv.vn/viec-lam/truong-nhom-lap-trinh-mobile/2148110.html","Thứ 2 - Thứ 6 (từ 08:00 đến 17:00)
Thứ 7 (từ 08:00 đến 12:00)
Có làm thêm giờ theo từng sự kiện, có lương làm thêm giờ"
1,"Nhân Viên Tư Vấn Website","CÔNG TY TNHH CÔNG NGHỆ PHẦN MỀM NASANI","- Hồ Chí Minh: Lầu 1 Tòa nhà Saigon ICT, Lô 46 Công viên phần mềm Quang Trung, Phường Trung Mỹ Tây (Quận 12 cũ)","https://www.topcv.vn/viec-lam/nhan-vien-tu-van-website/2117097.html","Thứ 2 - Thứ 6 (từ 08:00 đến 17:00)
Thứ 7 (từ 08:00 đến 11:30)"
1,"Nhân Viên Thiết Kế Trang Thương Mại Điện Tử","CÔNG TY TNHH ĐIỆN MÁY GIA KHANG","- Hồ Chí Minh: 26 đường số 4, KDC Lê Thành, Phường An Lạc (quận Bình Tân cũ)","https://www.topcv.vn/viec-lam/nhan-vien-thiet-ke-trang-thuong-mai-dien-tu/1236551.html","Thứ 2 - Thứ 7 (từ 08:00 đến 17:00)"
1,"Nhân Viên Kinh Doanh Phân Phối","CÔNG TY CỔ PHẦN CÔNG NGHỆ GIẢI PHÁP THI THIÊN","- Hồ Chí Minh: số 47 Hồ Bá Kiện, Phường Hòa Hưng (Quận 10 cũ)","https://www.topcv.vn/viec-lam/nhan-vien-kinh-doanh-phan-phoi/2119743.html","Thứ 2 - Thứ 6 (từ 08:00 đến 17:00)
Thứ 7 (từ 08:00 đến 12:00)"
1,"Nhân Viên Lập Trình MASTERCAM / CAM-TOOL","CÔNG TY TNHH THÉP ĐẶC BIỆT YAMAICHI VIỆT NAM","- Hồ Chí Minh: Lô C3.7 Đường Đ1, KCN Đồng An 2 Tp.Hồ Chí Minh, Việt Nam, Phường Bình Dương (Thành phố Tân Uyên, Thành phố Thủ Dầu Một cũ)","https://www.topcv.vn/viec-lam/nhan-vien-lap-trinh-mastercam-cam-tool/2048818.html","Thứ 2 - Thứ 6 (từ 08:00 đến 17:00)
Thứ 7 (từ 07:00 đến 00:16)"
1,"Nhân Viên IT SUPPORT","CÔNG TY TNHH GIÁO DỤC ĐÀO TẠO GIANTS","- Đồng Nai: Khu phố Vinh Thạnh, Phường Trấn Biên (Thành phố Biên Hòa cũ)","https://www.topcv.vn/viec-lam/nhan-vien-it-support/2144416.html","Thứ 2 - Thứ 6 (từ 08:30 đến 17:30)
Thứ 7 (từ 08:00 đến 12:00)"
1,"Nhân Viên Kỹ Thuật Lập Trình ( Cơ Khí Chính Xác)","Công ty TNHH Cơ Khí Chính Xác Việt Nhật Tân","- Hồ Chí Minh: 35/19/15 Phan Văn Hớn, Phường Đông Hưng Thuận (Quận 12 cũ)","https://www.topcv.vn/viec-lam/nhan-vien-ky-thuat-lap-trinh-co-khi-chinh-xac/1734383.html","Thứ 2 - Thứ 7 (từ 08:00 đến 17:00)"
1,"Network & Security Engineer - Thu Nhập Upto 35 Triệu","CÔNG TY TNHH CÔNG NGHỆ THÔNG TIN VÀ TRUYỀN THÔNG GTEL","- Hà Nội: 103 Nguyễn Tuân, Phường Thanh Xuân (quận Thanh Xuân cũ)","https://www.topcv.vn/viec-lam/network-security-engineer-thu-nhap-upto-35-trieu/1674017.html","Thứ 2 - Thứ 6 (từ 08:00 đến 17:30)
Sáng thứ 7 hàng tuần"
1,"Nhân Viên Thiết Kế","CÔNG TY TNHH LATA HOLDINGS","- Bắc Ninh: Khu đô thị chợ Cóc Tỉnh Bắc Ninh, Việt Nam, Phường Bắc Giang (Thành phố Bắc Giang cũ)","https://www.topcv.vn/viec-lam/nhan-vien-thiet-ke/2098044.html","Thứ 2 - Thứ 6 (từ 08:00 đến 17:30)
Thứ 7 cách nhật"
1,"Nhân Viên Kinh Doanh Phần Mềm/ Kinh Doanh SaaS","Công ty cổ phần Eastern Sun Việt Nam","- Hà Nội: Tòa Intracom 82 Dịch Vọng Hậu, Phường Cầu Giấy (quận Cầu Giấy cũ)","https://www.topcv.vn/viec-lam/nhan-vien-kinh-doanh-phan-mem-kinh-doanh-saas/1450672.html","Thứ 2 - Thứ 6 (từ 08:00 đến 17:00)
2 thứ 7 cách tuần"
1,"Thực Tập Sinh Lập Trình (Mảng IOT)","CÔNG TY CỔ PHẦN PHÁT TRIỂN VÀ CHUYỂN GIAO CÔNG NGHỆ VIỆT NAM","- Hà Nội: VT09-BT02 – KĐT Xa La – Hà Đông –, Phường Hà Đông (quận Hà Đông cũ)","https://www.topcv.vn/viec-lam/thuc-tap-sinh-lap-trinh-mang-iot/1959168.html","Thứ 2 - Thứ 7 (từ 08:00 đến 17:30)"
1,"Nhân Viên Kỹ Thuật Phần Cứng","CÔNG TY TNHH ĐẦU TƯ THƯƠNG MẠI HÀ CƯỜNG","- Hà Nội: Phường Thanh Xuân (quận Thanh Xuân cũ)","https://www.topcv.vn/viec-lam/nhan-vien-ky-thuat-phan-cung/1767280.html","Thứ 2 - Thứ 6 (từ 08:30 đến 18:00)
Thứ 7 (từ 08:30 đến 12:30)"
1,"Nhân Viên Lập Trình Máy Gia Công CNC","CÔNG TY CỔ PHẦN CÔNG NGHỆ CAO HTVG","- Hưng Yên: Phường Đường Hào (Thị xã Mỹ Hào cũ)","https://www.topcv.vn/viec-lam/nhan-vien-lap-trinh-may-gia-cong-cnc/2084812.html","Thứ 2 - Thứ 7 (từ 08:00 đến 17:00)"
1,"Nhân Viên Designer Youtube Thumbnail","CÔNG TY TNHH WETUBE MEDIA","- Hà Nội: 46 ngõ 171 Nguyễn Ngọc Vũ, Phường Cầu Giấy (quận Cầu Giấy cũ)","https://www.topcv.vn/viec-lam/nhan-vien-designer-youtube-thumbnail/2117950.html","Thứ 2 - Thứ 7 (từ 08:00 đến 12:00)
Thứ 2 - Thứ 7 (từ 13:30 đến 17:30)"
1,"Designer 2D","CÔNG TY TNHH  QMK GROUP","- Hồ Chí Minh: 86/57 Phổ Quang, Phường Tân Sơn Hòa (quận Tân Bình cũ)","https://www.topcv.vn/viec-lam/designer-2d/1900314.html","Thứ 2 - Thứ 6 (từ 08:00 đến 17:30)
Thứ 7 (từ 08:00 đến 12:00)
Từ Thứ 2 đến Thứ 6 (8h-17h30); Thứ 7 (8h-12h00). Nghỉ trưa 12h-13h30."
1,"Graphic Design","CÔNG TY TNHH XÚC TIẾN THƯƠNG MẠI VÀ XUẤT NHẬP KHẨU HỒNG TƯỜNG","- Hồ Chí Minh: 723 Nguyễn Kiệm Gò Vấp, Phường Hạnh Thông (quận Gò Vấp cũ)","https://www.topcv.vn/viec-lam/graphic-design/2128731.html","Thời gian: Từ 9:00 - 18:00 từ Thứ 2 – Thứ 6 và Thứ 7 cách tuần"
1,"Nhân Viên Lập Trình CNC","CÔNG TY TNHH SẢN XUẤT CƠ ĐIỆN VÀ THƯƠNG MẠI PHƯƠNG LINH - CHI NHÁNH THÀNH PHỐ HỒ CHÍ MINH","- Tây Ninh: Lô A221, Đường số 3, KCN Thái Hòa 3, Xã Đức Lập (huyện Đức Hòa cũ)","https://www.topcv.vn/viec-lam/nhan-vien-lap-trinh-cnc/2121119.html","Thứ 2 - Thứ 7 (từ 08:00 đến 17:00)"
1,"Nhân Viên Tư Vấn Marketing","CÔNG TY TNHH CÔNG NGHỆ PHẦN MỀM NASANI","- Hồ Chí Minh: Lầu 1 Tòa nhà Saigon ICT, Lô 46 Công viên phần mềm Quang Trung, Phường Trung Mỹ Tây (Quận 12 cũ)","https://www.topcv.vn/viec-lam/nhan-vien-tu-van-marketing/2145814.html","Thứ 2 - Thứ 6 (từ 08:00 đến 17:00)
Thứ 7 (từ 08:00 đến 12:00)"
1,"Chuyên Viên Kinh Doanh Mảng Công Nghệ B2B","Bizfly Martech (Công ty Cổ phần VCCorp)","- Hà Nội: Phường Thanh Xuân (quận Thanh Xuân cũ)","https://www.topcv.vn/viec-lam/chuyen-vien-kinh-doanh-mang-cong-nghe-b2b/2057665.html","Thứ 2 - Thứ 6 (từ 08:00 đến 17:00)
Từ Thứ 2 đến hết sáng Thứ 7"
1,"Chuyên Viên Kinh Doanh Mảng Công Nghệ B2B","Bizfly Martech (Công ty Cổ phần VCCorp)","- Hồ Chí Minh: Phường Xuân Hòa (Quận 3 cũ)","https://www.topcv.vn/viec-lam/chuyen-vien-kinh-doanh-mang-cong-nghe-b2b/2057665.html","Thứ 2 - Thứ 6 (từ 08:00 đến 17:00)
Từ Thứ 2 đến hết sáng Thứ 7"
1,"Trưởng Nhóm Thiết Kế/Graphic Designer","Công ty Cổ phần MNG Việt Nam","- Hà Nội: 631 Lạc Long Quân - Tây Hồ, Phường Tây Hồ (quận Tây Hồ cũ)","https://www.topcv.vn/viec-lam/truong-nhom-thiet-ke-graphic-designer/2130402.html","Thứ 2 - Thứ 6 (từ 08:15 đến 17:30)
Thứ 7 (từ 08:15 đến 12:00)"
1,"Nhân Viên Designer - Thu Nhập Hấp Dẫn - Hà Nội","CÔNG TY TNHH THƯƠNG MẠI VÀ SẢN XUẤT TITAN GROUP","- Hà Nội: L04-L05 An Khang, KĐT Dương Nội (Cạnh Bảo Hà Spa), Phường Hà Đông (quận Hà Đông cũ)","https://www.topcv.vn/viec-lam/nhan-vien-designer-thu-nhap-hap-dan-ha-noi/2134646.html","Thứ 2 - Thứ 7 (từ 09:00 đến 18:00)
Nghỉ trưa 12h-13h30"
1,"AI Product Builder","CÔNG TY TNHH THƯƠNG MẠI VÀ TRUYỀN THÔNG QUẢNG CÁO GOLDEN PHOENIX","- Hà Nội: Số 8 Quang Trung, Phường Hà Đông (quận Hà Đông cũ)","https://www.topcv.vn/viec-lam/ai-product-builder/2141473.html","Thứ 2 - Thứ 7 (từ 08:30 đến 18:00)
Thứ 2 - thứ 6 và 2 thứ 7 làm cách tuần
Nghỉ trưa từ 12h - 13h30"
1,"Nhân Viên IT","Chi nhánh Công ty cổ phần công nghiệp nhựa Phú Lâm","- Hải Phòng: Phường Dương Kinh (quận Dương Kinh cũ)","https://www.topcv.vn/viec-lam/nhan-vien-it/2125957.html","Thứ 2 - Thứ 7 (từ 08:00 đến 17:00)
nghỉ chiều thứ 7 được hưởng nguyên lương"
1,"IT Business Analyst - Banking","NGÂN HÀNG TM TNHH MTV KỶ NGUYÊN THỊNH VƯỢNG","- Hà Nội: 18 Phạm Hùng, Phường Từ Liêm (quận Nam Từ Liêm cũ)","https://www.topcv.vn/viec-lam/it-business-analyst-banking/2148615.html","Thứ 2 - Thứ 6 (từ 09:00 đến 18:00)
Giờ làm việc tiêu chuẩn: Thứ Hai – Thứ Sáu (giờ bắt đầu linh hoạt: 8:00 / 8:30 / 9:00) và 2 buổi sáng Thứ Bảy mỗi tháng (8:00–12:00) (có thể làm việc từ xa)."
1,Developer,"CÔNG TY CỔ PHẦN TẬP ĐOÀN MEDIPHA","- Thanh Hóa: 104-106 Trung Sơn, Bút Sơn, Xã Hoằng Hóa (huyện Hoằng Hóa cũ)","https://www.topcv.vn/viec-lam/developer/2134764.html","Thứ 2 - Thứ 7 (từ 07:00 đến 17:00)"
1,"Nhân Viên Lập Trình - Vận Hành Máy CNC","CÔNG TY TNHH CÔNG NGHỆ CAO MICRO ONE","- Hà Nội: Lô 05/9B KCN Hoàng Mai Hà Nội, Việt Nam, Phường Hoàng Mai (quận Hoàng Mai cũ)","https://www.topcv.vn/viec-lam/nhan-vien-lap-trinh-van-hanh-may-cnc/2131930.html","Thứ 2 - Thứ 7 (từ 08:00 đến 17:00)"
1,"Nhân Viên Kinh Doanh","CÔNG TY TNHH CÔNG NGHỆ VIO","- Hồ Chí Minh: 66 Nguyễn Bá Tuyển, Phường Bảy Hiền (quận Tân Bình cũ)","https://www.topcv.vn/viec-lam/nhan-vien-kinh-doanh/1218088.html","Thứ 2 - Thứ 6 (từ 08:30 đến 17:30)
Thứ 7 (từ 08:00 đến 12:00)"
1,"Nhân Viên Thiết Kế Graphic Design - Y Tế Cao Cấp","CÔNG TY CỔ PHẦN SETA VIỆT NAM","- Hà Nội: D2 Giảng Võ, Phường Giảng Võ (quận Ba Đình cũ)","https://www.topcv.vn/viec-lam/nhan-vien-thiet-ke-graphic-design-y-te-cao-cap/1827122.html","Thứ 2 - Thứ 6 (từ 08:00 đến 17:00)
Thứ 7 (từ 08:00 đến 12:00)"
1,"Chuyên Viên Thiết Kế Tại TP Hồ Chí Minh","CÔNG TY CP ĐẦU TƯ VÀ THƯƠNG MẠI QUỐC TẾ PHAN NGUYỄN","- Hồ Chí Minh: 191 Hoa Lan, Phường Cầu Kiệu (quận Phú Nhuận cũ)","https://www.topcv.vn/viec-lam/chuyen-vien-thiet-ke-tai-tp-ho-chi-minh/2129855.html","Thứ 2 - Thứ 6 (từ 08:00 đến 17:00)
Thứ 7 (từ 08:00 đến 12:00)"
1,"Kỹ Sư Điện - Tự Động Hóa/ Kỹ Sư Lập Trình PLC  (Từ 2 Năm Kinh Nghiệm) - Lương Cứng 10 - 20 Triệu","CÔNG TY TNHH KỸ THUẬT CÔNG NGHIỆP VAITECH","- Hà Nội: (Tất cả phường)","https://www.topcv.vn/viec-lam/ky-su-dien-tu-dong-hoa-ky-su-lap-trinh-plc-tu-2-nam-kinh-nghiem-luong-cung-10-20-trieu/2121314.html","Thứ 2 - Thứ 7  (từ 08:00 đến 17:00)"
1,Designer,"CÔNG TY CỔ PHẦN SUSUBAO VIỆT NAM","- Hồ Chí Minh: 167 Nguyễn Thị Minh Khai, Phường Bến Thành (Quận 1 cũ)","https://www.topcv.vn/viec-lam/designer/2129229.html","Thứ 2 - Thứ 6 (từ 08:30 đến 17:30)
Từ thứ 2 đến sáng thứ 7, từ 8h30 đến 17h30 (Nghỉ trưa 1 tiếng)"
1,"Nhân Viên Nữ Thiết Kế - Ưu Tiên Sv Chưa Có KN","CÔNG TY TNHH THIẾT KẾ HOA VIỆT","- Hồ Chí Minh: 4465/34 Nguyễn Cửu Phú, Phường Tân Tạo (quận Bình Tân cũ)","https://www.topcv.vn/viec-lam/nhan-vien-nu-thiet-ke-uu-tien-sv-chua-co-kn/1457847.html","Thứ 2 - Thứ 7 (từ 08:00 đến 17:30)
Thời gian làm việc: Từ thứ 2 đến thứ 6 :8h-17h30 , Thứ 7 : 8h-12h , Nghỉ trưa:12h-13h30."
1,"Nhân Viên Kinh Doanh","CÔNG TY TNHH CÔNG NGHỆ PHẦN MỀM NASANI","- Hồ Chí Minh: Lầu 1 Tòa nhà Saigon ICT, Lô 46 Công viên phần mềm Quang Trung, Phường Trung Mỹ Tây (Quận 12 cũ)","https://www.topcv.vn/viec-lam/nhan-vien-kinh-doanh/2126500.html","Thứ 2 - Thứ 6 (8:00 - 17:00)
Thứ 7 (8:00 - 12:00)"
1,"Graphic Designer POD","CÔNG TY TNHH ĐẦU TƯ THƯƠNG MẠI VÀ DỊCH VỤ DZT","- Hà Nội: Toà nhà CT1B - VOV Mễ Trì Plaza, Phường Đại Mỗ (quận Nam Từ Liêm cũ)","https://www.topcv.vn/viec-lam/graphic-designer-pod/2134701.html","Thứ 2 - Thứ 6 (từ 08:30 đến 18:00)
hai ngày Thứ Bảy cách tuần trong tháng"
1,"Nhân Viên Kinh Doanh Phần Mềm","CÔNG TY TNHH THƯƠNG MẠI DỊCH VỤ VEXERE","- Hà Nội: 101 Láng Hạ, Phường Đống Đa (quận Đống Đa cũ)","https://www.topcv.vn/viec-lam/nhan-vien-kinh-doanh-phan-mem/2145029.html","Thứ 2 - Thứ 6 (từ 09:00 đến 18:00)
Thứ 7 (từ 09:00 đến 12:00)"
1,"Nhân Viên R&D Sản Phẩm Viễn Thông (VAS/TELCO/IT)","Công ty cổ phần công nghệ ứng dụng Arabica Việt Nam","- Hà Nội: Số 68 ngõ 72 Dương Khuê, Mỹ Đình 2, Phường Từ Liêm (quận Nam Từ Liêm cũ)","https://www.topcv.vn/viec-lam/nhan-vien-rd-san-pham-vien-thong-vas-telco-it/2114343.html","Thứ 2 - Thứ 6 (từ 08:30 đến 18:00)
Từ thứ 2 đến thứ 6 và 1 thứ 7 đầu tiên của tháng."
1,"CTV Xếp Level Game Design","Công ty TNHH Horus Productions","- Hà Nội: tòa văn phòng CT2D, VOV, đường Lương Thế Vinh, Từ Liêm, Phường Từ Liêm (quận Nam Từ Liêm cũ)","https://www.topcv.vn/viec-lam/ctv-xep-level-game-design/2021743.html","Thứ 2 - Thứ 6 (từ 08:00 đến 17:30)
Thứ 7 (từ 08:00 đến 12:00)"
1,"Thực Tập Sinh Kinh Doanh Phần Mềm Website","CÔNG TY TNHH CÔNG NGHỆ PHẦN MỀM NASANI","- Hồ Chí Minh: Lầu 1 Tòa nhà Saigon ICT, Lô 46 Công viên phần mềm Quang Trung, Phường Trung Mỹ Tây (Quận 12 cũ)","https://www.topcv.vn/viec-lam/thuc-tap-sinh-kinh-doanh-phan-mem-website/1856269.html","Thứ 2 - Thứ 7 (từ 08:00 đến 17:00)"
1,"Intern Trợ Lý GĐ – Data-Driven Customer Management","CÔNG TY CỔ PHẦN TƯ VẤN VÀ PHÂN TÍCH MCI","- Hà Nội: Phường Từ Liêm (quận Nam Từ Liêm cũ)","https://www.topcv.vn/viec-lam/intern-tro-ly-gd-data-driven-customer-management/2150144.html","Thứ 2 - Thứ 7 (từ 08:00 đến 17:00)
Sáng: 8h đến 12h
Chiều: 13h đến 17h"
1,"Designer Mảng Thẩm Mỹ & Làm Đẹp","CÔNG TY TNHH XNK PH AESTHETICS","- Hồ Chí Minh: S102 Tôn Thất Thuyết, Phường Vĩnh Hội (Quận 4 cũ)","https://www.topcv.vn/viec-lam/designer-mang-tham-my-lam-dep/1434794.html","Thứ 2 - Thứ 6 (từ 08:30 đến 17:30)
Thứ 7 (từ 08:00 đến 11:30)
- Sáng: 8:30 - 11:30
- Chiều: 13:30 - 17:30"
1,"Graphic Design","CÔNG TY TNHH COSLIFE VIỆT NAM","- Hồ Chí Minh: Số 10 Đường Hoa Trà (D2 (Quận 12 cũ, Phường Tân Thới Hiệp (Quận 12 cũ)","https://www.topcv.vn/viec-lam/graphic-design/2128871.html","Thứ 2 - Thứ 6 (từ 08:00 đến 17:00)
Thời gian thử việc: 02 tháng
Thứ 2 - Thứ 6 (từ 08:00 đến 17:00)
Thứ 7 (8h00 - 12h00)"
1,"Chuyên Viên Computer Vision","CÔNG TY TNHH CÔNG NGHỆ NHẬN THỨC MÁY HORUS AI","- Hà Nội: tòa văn phòng CT2D, VOV, đường Lương Thế Vinh, Phường Từ Liêm (quận Nam Từ Liêm cũ)","https://www.topcv.vn/viec-lam/chuyen-vien-computer-vision/1961362.html","Thứ 2 - Thứ 6 (từ 08:00 đến 17:00)
Thứ 7 (từ 08:00 đến 12:00)"
1,"Graphic Designer","CÔNG TY TNHH CHỦ QUÁN CÀ PHÊ","- Hà Nội: Ngõ 17 Nguyễn Văn Lộc, Mộ Lao, Hà Đông, Phường Hà Đông (quận Hà Đông cũ)","https://www.topcv.vn/viec-lam/graphic-designer/2046243.html","Thời gian làm việc:
* Sáng: 8:30 – 12:00; Chiều: 13:30 – 18:00
* Làm việc từ thứ 2 đến sáng thứ 7"
1,"Nhân Viên Kỹ Thuật IT","Công ty TNHH Tin học Mai Phương","- Đồng Nai: 1300 Phạm Văn Thuận, Phường Tam Hiệp (Thành phố Biên Hòa cũ)","https://www.topcv.vn/viec-lam/nhan-vien-ky-thuat-it/2126059.html","Thứ 2 - Thứ 7 (từ 08:00 đến 17:00)"
1,"IT Operations Manager","CÔNG TY TNHH KIM LÂM ENJOY MART","- Hà Nội: 35 Trần Kim Xuyến, Phường Yên Hòa (quận Cầu Giấy cũ)","https://www.topcv.vn/viec-lam/it-operations-manager/2132275.html","Thứ 2 - Thứ 6 (từ 08:30 đến 17:30)
Từ thứ Hai - thứ Sáu và 02 ngày thứ Bảy/tháng"
1,"Graphic Designer","Công ty Cổ phần Box Việt Nam (Box Studio)","- Hồ Chí Minh: 19 Thân Văn Nhiếp, Phường An Khánh (Thành phố Thủ Đức cũ)","https://www.topcv.vn/viec-lam/graphic-designer/2141994.html","Thứ 2 - Thứ 6 (từ 08:00 đến 17:00)
Thứ 2 - Thứ 6: 9 AM - 6 PM
Thứ 7 (remote): 8:30 AM - 12:30 PM"
1,"Appsheet Developer","CÔNG TY CỔ PHẦN QUỐC TẾ TRƯỜNG LONG PHÁT","- Hà Nội: 89 Thịnh Liệt, Phường Hoàng Mai (quận Hoàng Mai cũ)","https://www.topcv.vn/viec-lam/appsheet-developer/2115446.html","Thứ 2 - Thứ 6 (từ 08:30 đến 18:00)
Từ thứ 2 – Thứ 6, sáng thứ 7 hàng tuần
Sáng: Từ 8h30 – 12h, chiều: 13h30 – 18h, nghỉ trưa 1h30p"
1,"Nhân Viên Design","Công ty cổ phần Dược phẩm UHealth","- Hà Nội: 187 Yên Lạc, Phường Vĩnh Tuy (quận Hai Bà Trưng, quận Hoàng Mai cũ)","https://www.topcv.vn/viec-lam/nhan-vien-design/1630401.html","Thứ 2 - Thứ 6 (từ 08:30 đến 17:30)
Thứ 7 (từ 08:30 đến 12:30)"
1,"Trưởng Nhóm Thiết Kế 2D","Công ty TNHH Thời Trang Quốc Tế Savani","- Thanh Hóa: 360 Trần Phú, Phường Hạc Thành (Thành phố Thanh Hóa cũ)","https://www.topcv.vn/viec-lam/truong-nhom-thiet-ke-2d/1761145.html","Thứ 2 - Thứ 7 (từ 08:00 đến 17:00)"
1,"Kỹ Sư Bán Hàng / Sales Engineer – Phần Mềm Quản Lý Kho (WMS) - Upto 55 Triệu/Tháng","CÔNG TY CỔ PHẦN RTC TECHNOLOGY VIỆT NAM","- Hà Nội: Tầng 1 khu P, Tòa Hateco Apollo, Phường Xuân Phương (quận Nam Từ Liêm cũ)","https://www.topcv.vn/viec-lam/ky-su-ban-hang-sales-engineer-phan-mem-quan-ly-kho-wms-upto-55-trieu-thang/2127245.html","Thứ 2 - Thứ 7 (từ 08:00 đến 12:00)
Thứ 2 - Thứ 7 (từ 13:30 đến 17:30)"
1,"Thực Tập Sinh Kinh Doanh Marketing Website","CÔNG TY TNHH CÔNG NGHỆ PHẦN MỀM NASANI","- Hồ Chí Minh: Lầu 1-2-3, Tòa nhà Saigon Tel, Công viên phần mềm Quang Trung Q.12, Phường Trung Mỹ Tây (Quận 12 cũ)","https://www.topcv.vn/viec-lam/thuc-tap-sinh-kinh-doanh-marketing-website/2119313.html","Thứ 2 - Thứ 6 (từ 08:00 đến 17:00)
Thứ 7 (từ 08:00 đến 12:00)"
1,"Nhân Viên Graphic Designer","CÔNG TY TNHH THƯƠNG MẠI XUẤT NHẬP KHẨU BẠCH LONG","- Hà Nội: Tứ Hiệp, Xã Thanh Trì (huyện Thanh Trì cũ)","https://www.topcv.vn/viec-lam/nhan-vien-graphic-designer/2119737.html","Thứ 2 - Thứ 6 (từ 08:00 đến 17:30)
Thứ 7 (từ 08:00 đến 12:00)"
1,"Designer POD","Công ty cổ phần Crosify","- Hà Nội: 35 Nguyễn Xiển, Phường Khương Đình (quận Thanh Xuân cũ)","https://www.topcv.vn/viec-lam/designer-pod/2145784.html","Thứ 2 - Thứ 7 (từ 08:00 đến 17:15)
Sáng thứ 7: 8:00 - 12:00 ( làm online)"
1,"Nhân Viên Tư Vấn Triển Khai Phần Mềm","CÔNG TY TNHH CÔNG NGHỆ PHẦN MỀM NASANI","- Hồ Chí Minh: Phường Trung Mỹ Tây (Quận 12 cũ)","https://www.topcv.vn/viec-lam/nhan-vien-tu-van-trien-khai-phan-mem/1855721.html","Thứ 2 - Thứ 6 (từ 08:00 đến 17:00)
Thứ 7 (từ 08:00 đến 12:00)"
1,"Graphic Designer","Công ty TNHH Fresh Studio Innovation Asia","- Hồ Chí Minh: 86 Cao Triều Phát (Q. 7 cũ), Phường Tân Hưng (Quận 7 cũ)","https://www.topcv.vn/viec-lam/graphic-designer/2059837.html","Thứ 2 - Thứ 6 (từ 08:00 đến 17:00)
Làm việc từ thứ hai đến sáng thứ bảy, 8:00 đến 17:00"
1,"Design Executive","CÔNG TY TNHH GIẢI PHÁP 1ON","- Hồ Chí Minh: 39 đường số 3, KDT Vạn Phúc City, Phường Hiệp Bình (Thành phố Thủ Đức cũ)","https://www.topcv.vn/viec-lam/design-executive/1894812.html","Thứ 2 - Thứ 6 (từ 08:30 đến 17:30)
Thứ 7 (từ 08:30 đến 12:00)"
1,"Front-End Team Lead","Công ty cổ phần TechLead","- Hà Nội: Tầng 4 - số 11 Nguyển Xiển Thanh Xuân, Phường Khương Đình (quận Thanh Xuân cũ)","https://www.topcv.vn/viec-lam/front-end-team-lead/1635698.html","Thứ 2 - Thứ 6 (từ 08:30 đến 18:00)
và Thứ 7 cách tuần"
1,"Chuyên Viên Thiết Kế Đồ Thể Thao","CÔNG TY TNHH THỂ THAO VUA ÁO ĐẤU","- Hà Nội: 120 Nguyễn Lân, Phường Phương Liệt (quận Thanh Xuân cũ)","https://www.topcv.vn/viec-lam/chuyen-vien-thiet-ke-do-the-thao/2122296.html","Thứ 2 - Thứ 7 (từ 08:00 đến 18:00)"
1,"Nhân Viên Kinh Doanh","CÔNG TY TNHH THƯƠNG MẠI DỊCH VỤ VI TÍNH SAO MAI","- Hồ Chí Minh: 75 Hoàng Văn Thụ, Phường Cầu Kiệu (quận Phú Nhuận cũ)","https://www.topcv.vn/viec-lam/nhan-vien-kinh-doanh/1605549.html","Thứ 2 - Thứ 7 (từ 08:30 đến 17:30)
Thứ 7 làm cách tuần"
1,"Nhân Viên Thiết Kế","CÔNG TY CỔ PHẦN AN NINH MẠNG SCS","- Hà Nội: Tòa nhà NIC, số 6 ngõ 7 Tôn Thất Thuyết, Phường Cầu Giấy (quận Cầu Giấy cũ)","https://www.topcv.vn/viec-lam/nhan-vien-thiet-ke/2126735.html","Thứ 2 - Thứ 6 (từ 08:00 đến 17:15)
1 buổi sáng thứ 7 tuần cuối cùng của tháng"
1,"Nhân Viên Support - Triển Khai Phần Mềm","CÔNG TY CỔ PHẦN LIFETEX","- Hà Nội: 15 Tố Hữu, Phường Thanh Xuân (quận Thanh Xuân cũ)","https://www.topcv.vn/viec-lam/nhan-vien-support-trien-khai-phan-mem/1569620.html","Thứ 2 - Thứ 6 (từ 08:00 đến 17:00)
Thứ 7 (từ 08:00 đến 12:00)"
1,"Nhân Viên Fullstack Developer (.Net, Angular)","CÔNG TY CỔ PHẦN CÔNG NGHỆ V9","- Hà Nội: số 3 ngõ 3 Duy Tân, Phường Cầu Giấy (quận Cầu Giấy cũ)","https://www.topcv.vn/viec-lam/nhan-vien-fullstack-developer-net-angular/1051572.html","Thứ 2 - Thứ 6 (từ 08:00 đến 17:00)
Tháng làm 2 thứ 7 cách tuần"
1,"Thực Tập Sinh Tư Vấn Phát Triển Phần Mềm","CÔNG TY TNHH CÔNG NGHỆ PHẦN MỀM NASANI","- Hồ Chí Minh: Tòa Nhà Sài Gòn ICT, Khu công viên phần mềm Quang Trung, Phường Trung Mỹ Tây (Quận 12 cũ)","https://www.topcv.vn/viec-lam/thuc-tap-sinh-tu-van-phat-trien-phan-mem/2014125.html","Thứ 2 - Thứ 6 (từ 08:00 đến 17:00)
Thứ 7 (từ 08:00 đến 12:00)
Thứ 7: 8h-12h"
1,"Nhân Viên Thiết Kế UI/UX","Công ty TNHH Aziworld","- Hồ Chí Minh: 284/41/2 Lý Thường Kiệt, Phường Diên Hồng (Quận 10 cũ)","https://www.topcv.vn/viec-lam/nhan-vien-thiet-ke-ui-ux/2132697.html","Thứ 2 - Thứ 6 (từ 08:00 đến 17:00)
Thứ 7 (từ 08:00 đến 12:00)"
1,"Nhân Viên Kinh Doanh","CÔNG TY TNHH SIMPLIFIED TECHNOLOGY VIỆT NAM","- Nghệ An: Căn PG1-04 Shophouse Vinhome Quang Trung, Phường Thành Vinh (Thành phố Vinh cũ)","https://www.topcv.vn/viec-lam/nhan-vien-kinh-doanh/2043005.html","Thứ 2 - Thứ 7 (từ 07:45 đến 17:00)
Thứ 7 thường làm Online và làm cách tuần nếu các dự án chạy mượt"
1,"Nhân Viên Designer","CÔNG TY TNHH KHÁCH SẠN & DU LỊCH LP","- Hà Nội: 214B Trần Quang Khải, Phường Hoàn Kiếm (quận Hoàn Kiếm cũ)","https://www.topcv.vn/viec-lam/nhan-vien-designer/2122907.html","Thứ 2 - Thứ 6 (từ 08:30 đến 17:30)
Thứ 7 (từ 08:30 đến 12:30)"
1,"Nhân Viên Kinh Doanh Phần Mềm/ Tư Vấn / Sales","CÔNG TY TNHH CÔNG NGHỆ TSI","- Thanh Hóa: 123 Lê Huy Toán, Phường Đông Quang (Thành phố Thanh Hóa cũ)","https://www.topcv.vn/viec-lam/nhan-vien-kinh-doanh-phan-mem-tu-van-sales/2077953.html","Thứ 2 - Thứ 7 (từ 08:00 đến 17:30)
- Làm việc giờ hành chính: Sáng: 07h30-11h30 Chiều: 13h30-17h30"
1,"Nhân Viên Kinh Doanh Khu Vực (Bắc Giang Cũ)","CÔNG TY CỔ PHẦN TẬP ĐOÀN THIÊN Á","- Bắc Ninh: Phường Bắc Giang (Thành phố Bắc Giang cũ)","https://www.topcv.vn/viec-lam/nhan-vien-kinh-doanh-khu-vuc-bac-giang-cu/2151460.html","Thứ 2 - Thứ 6 (từ 08:00 đến 17:00)
Thứ 7 (từ 08:00 đến 11:45)"
1,"Thực Tập Sinh Thiết Kế","CÔNG TY TNHH HÀNG KHÔNG SƠN HẢI","- Hồ Chí Minh: 39B đường Trường Sơn, Phường Tân Sơn Nhất (quận Tân Bình cũ)","https://www.topcv.vn/viec-lam/thuc-tap-sinh-thiet-ke/2148021.html","Thứ 2 - Thứ 7 (từ 08:00 đến 17:00)"
1,"Nhân Viên Kinh Doanh Phần Mềm Tại Hà Nội","CÔNG TY CỔ PHẦN RAPIDA TECHNOLOGIES","- Hà Nội: Biệt thự A19, số 248 Hoàng Ngân, Phường Cầu Giấy (quận Cầu Giấy cũ)","https://www.topcv.vn/viec-lam/nhan-vien-kinh-doanh-phan-mem-tai-ha-noi/2128449.html","Thứ 2 - Thứ 6 (từ 08:00 đến 17:00)
8h-17h từ thứ 2 đến sáng thứ 7"
1,"Product Manager","CÔNG TY TNHH DEARTECH SOFTWARE","- Hà Nội: L7-84 KĐT Đại Kim, Phường Định Công (quận Hoàng Mai cũ)","https://www.topcv.vn/viec-lam/product-manager/2127460.html","Thứ 2 - Thứ 7 (từ 08:00 đến 17:30)"
1,"Java Spring Boot","CÔNG TY CỔ PHẦN TINASOFT VIỆT NAM","- Hà Nội: Keang Nam, Phường Từ Liêm (quận Nam Từ Liêm cũ)","https://www.topcv.vn/viec-lam/java-spring-boot/2114943.html","Thứ 2 - Thứ 6 (từ 08:30 đến 18:00)
Thứ 7 làm các tuần lẻ"
1,"Java Spring Boot","CÔNG TY CỔ PHẦN TINASOFT VIỆT NAM","- Hà Nội: Tôn Thất Huyết, Phường Cầu Giấy (quận Cầu Giấy cũ)","https://www.topcv.vn/viec-lam/java-spring-boot/2114943.html","Thứ 2 - Thứ 6 (từ 08:30 đến 18:00)
Thứ 7 làm các tuần lẻ"
1,"Java Spring Boot","CÔNG TY CỔ PHẦN TINASOFT VIỆT NAM","- Hà Nội: 110 Trần Phú Hà Đông, Phường Hà Đông (quận Hà Đông cũ)","https://www.topcv.vn/viec-lam/java-spring-boot/2114943.html","Thứ 2 - Thứ 6 (từ 08:30 đến 18:00)
Thứ 7 làm các tuần lẻ"
1,"Nhân Viên Thiết Kế/ Graphic Designer","CÔNG TY CỔ PHẦN ĐÀO TẠO VÀ THIẾT KẾ AWE","- Hà Nội: Tòa Xuân Mai Tower, Tô Hiệu, Phường Hà Đông (quận Hà Đông cũ)","https://www.topcv.vn/viec-lam/nhan-vien-thiet-ke-graphic-designer/2150549.html","Thứ 2 - Thứ 6 (từ 08:00 đến 17:30)
Thứ 7 Làm Sáng: 8:00 - 12:00"
1,"Nhân Viên Thiết Kế","CÔNG TY TNHH TRUYỀN THÔNG MEDIA POWER","- Hà Nội: Số 1 Lương Yên, Phường Hai Bà Trưng (quận Hai Bà Trưng cũ)","https://www.topcv.vn/viec-lam/nhan-vien-thiet-ke/485942.html","Thứ 2 - Thứ 7 (từ 08:00 đến 17:00)"
1,"Nhân Viên IT","CÔNG TY TNHH TOÀN HƯNG NHA TRANG","- Khánh Hòa: Phạm Văn Đồng, Đường Đệ, Phường Bắc Nha Trang (Thành phố Nha Trang cũ)","https://www.topcv.vn/viec-lam/nhan-vien-it/1867607.html","Thứ 2 - Thứ 6 (từ 08:00 đến 17:30)
Thứ 7 (từ 08:00 đến 12:00)"
1,"Graphic Design | Thiết Kế Đồ Họa","Công ty CP 3Gang","- Hà Nội: TT5-1B-25, Khu đô thị mới Đại Kim, Phường Định Công (quận Hoàng Mai cũ)","https://www.topcv.vn/viec-lam/graphic-design-thiet-ke-do-hoa/2135546.html","Thứ 2 - Thứ 6 (từ 08:00 đến 12:00)
Thứ 2 - Thứ 6 (từ 13:30 đến 17:30)
Thứ 7 (từ 08:00 đến 12:00)"
1,"Chuyên Viên Thiết Kế Đồ Họa","CÔNG TY TNHH ECOVITA","- Hồ Chí Minh: Tầng L, Toà MG Building, 2-2B Lam Sơn, Phường Tân Sơn Hòa (quận Tân Bình cũ)","https://www.topcv.vn/viec-lam/chuyen-vien-thiet-ke-do-hoa/2060083.html","Thứ 2 - Thứ 6 (từ 08:00 đến 17:15)
Thứ bảy từ 08:00 đến 12h00"
1,"Nhân Viên Thiết Kế Đồ Họa/ Graphic Design","CÔNG TY TNHH L'ACHARM FOODS","- Hồ Chí Minh: Phường Tân Sơn Nhất (quận Tân Bình cũ)","https://www.topcv.vn/viec-lam/nhan-vien-thiet-ke-do-hoa-graphic-design/1847228.html","Thứ 2 - Thứ 7 (từ 08:00 đến 17:00)
Ca sáng: 8h -12h
Ca chiều: 13h - 17h"
1,"Chuyên Viên Presales","Bizfly Martech (Công ty Cổ phần VCCorp)","- Hà Nội: Phường Thanh Xuân (quận Thanh Xuân cũ)","https://www.topcv.vn/viec-lam/chuyen-vien-presales/1826894.html","Thứ 2 - Thứ 7 ()
Thứ 2 đến sáng Thứ 7"
1,"Computer Vision","CÔNG TY TNHH CÔNG NGHỆ NHẬN THỨC MÁY HORUS AI","- Hà Nội: VOV Mễ Trì, Phường Đại Mỗ (quận Nam Từ Liêm cũ)","https://www.topcv.vn/viec-lam/computer-vision/2123619.html","Thứ 2 - Thứ 6 (từ 08:00 đến 17:30)
Thứ 7 (từ 08:00 đến 12:00)
nghỉ trưa 1h30’"
1,"Nhân Viên Kinh Doanh Website - Được Đào Tạo Từ Đầu","CÔNG TY TNHH CÔNG NGHỆ PHẦN MỀM NASANI","- Hồ Chí Minh: Lầu 1 Tòa nhà Saigon ICT, Lô 46 Công viên phần mềm Quang Trung, Phường Trung Mỹ Tây (Quận 12 cũ)","https://www.topcv.vn/viec-lam/nhan-vien-kinh-doanh-website-duoc-dao-tao-tu-dau/2115287.html","Thứ 2 - Thứ 7 (từ 08:00 đến 17:00)
Thứ 2 - Sáng Thứ 7: 8h00 đến 17h00"
1,"AI Engineer","Công ty Cổ phần Tập đoàn TDI","- Hà Nội: A16-NV6 ô số 9, Khu đô thị mới hai bên đường Lê Trọng Tấn, Phường Từ Liêm (quận Nam Từ Liêm cũ)","https://www.topcv.vn/viec-lam/ai-engineer/2136061.html","Thứ 2 - Thứ 7 (từ 08:00 đến 17:00)"
1,"Chuyên Viên Thiết Kế","Công ty Cổ phần Công nghệ KBC Việt Nam","- Hà Nội: Số 1A Chung cư Bảo Sơn, ngõ 89 Lạc Long Quân, Tây Hồ, Phường Tây Hồ (quận Tây Hồ cũ)","https://www.topcv.vn/viec-lam/chuyen-vien-thiet-ke/1662479.html","Thứ 2 - Thứ 6 (từ 08:00 đến 17:30)
- Từ 08h - 17h30 từ Thứ 2- thứ 6, 1 thứ 7 cuối tháng."
1,"Graphic Designer – Ngành Da Liễu/Thẩm Mỹ","Phòng Khám Chuyên Khoa Da Liễu GSV - Công Ty Cổ Phần Bệnh Viện Đa Khoa Quốc Tế GSV","- Hà Nội: Lô V10 – A11 The Terra An Hưng, 102 Nguyễn Thanh Bình, Phường Dương Nội (quận Hà Đông cũ)","https://www.topcv.vn/viec-lam/graphic-designer-nganh-da-lieu-tham-my/2146445.html","Thứ 2 - Thứ 6 (từ 08:00 đến 17:30)
Thứ 7 (từ 08:00 đến 12:00)"
1,"Chuyên Viên IT & Hạ Tầng","Công ty TNHH Mỹ phẩm Việt Hương","- Hà Nội: Việt Hương Building: Lô D10-1 Cụm CN làng nghề Triều Khúc, Tân Triều, Xã Thanh Trì (huyện Thanh Trì cũ)","https://www.topcv.vn/viec-lam/chuyen-vien-it-ha-tang/2133688.html","Thứ 2 - Thứ 7 (từ 08:00 đến 17:00)"
1,"Senior Business Analyst (Chuyển Đổi Số Khối CP), Lương Từ 25-35 Triệu, Tại Hà Nội, Đi Làm Ngay","CÔNG TY CỔ PHẦN BUCA","- Hà Nội: Tòa nhà Đa năng Hoa Anh Đào, ngõ 33 Lưu Hữu Phước, Phường Từ Liêm (quận Nam Từ Liêm cũ)","https://www.topcv.vn/viec-lam/senior-business-analyst-chuyen-doi-so-khoi-cp-luong-tu-25-35-trieu-tai-ha-noi-di-lam-ngay/1823145.html","Thứ 2 - Thứ 6 (từ 08:00 đến 17:00)
Thứ 7 (từ 08:00 đến 17:00)
Thứ 2 - thứ 6 và 2 ngày thứ 7 cách tuần/ tháng"
1,"Senior System Analyst - Hà Nội - TA174","Ngân Hàng TMCP Việt Nam Thịnh Vượng (VPBank)","- Hà Nội: 89 Láng Hạ, Phường Đống Đa (quận Đống Đa cũ)","https://www.topcv.vn/brand/vpbank/tuyen-dung/senior-system-analyst-ha-noi-ta174-j2112438.html","[""Thứ 2 - Thứ 6 (từ 08:00 đến 17:00)\ntừ thứ 2 – thứ 6 & 2 sáng thứ 7/tháng""]"
1,"Nhân Viên Tư Vấn Phần Mềm","CÔNG TY CỔ PHẦN EASYSALON VIỆT NAM","- Hà Nội: Tòa nhà Vinacomin, 3 P. Dương Đình Nghệ, Phường Cầu Giấy (quận Cầu Giấy cũ)","https://www.topcv.vn/viec-lam/nhan-vien-tu-van-phan-mem/2151473.html","Thứ 2 - Thứ 6 (từ 08:30 đến 18:00)
Thứ 7: làm việc online, chỉ lên VP 2 buổi sáng cuối cùng trong tháng."
1,"Nhân Viên Kinh Doanh Phần Mềm ALOBO","CÔNG TY TNHH DOCUMENT EASY","- Hồ Chí Minh: Phòng 109, Toà nhà A, khu Công nghệ Phần mềm, đường nội bộ Đại học Quốc gia TP. Hồ Chí Minh, khu phố 33, Phường Linh Xuân (Thành phố Thủ Đức cũ)","https://www.topcv.vn/viec-lam/nhan-vien-kinh-doanh-phan-mem-alobo/2126261.html","Thứ 2 - Thứ 6 (từ 08:30 đến 18:00)
Thứ 7 làm việc online 1 buổi"
1,"Lập Trình Game Unity 3D (Intern)","CÔNG TY TNHH HỌC LÝ PHƯƠNG ĐÔNG","- Hà Nội: tòa văn phòng CT2D, VOV, đường Lương Thế Vinh, Phường Từ Liêm (quận Nam Từ Liêm cũ)","https://www.topcv.vn/viec-lam/lap-trinh-game-unity-3d-intern/1964272.html","Thứ 2 - Thứ 6 (từ 08:00 đến 17:30)
Thứ 7 (từ 08:00 đến 12:00)"
1,"Nhân Viên Thiết Kế","CÔNG TY TNHH TẬP ĐOÀN SAPON","- Hà Nội: BT5-12 Khu Ngoại giao đoàn, Phường Xuân Đỉnh (quận Bắc Từ Liêm cũ)","https://www.topcv.vn/viec-lam/nhan-vien-thiet-ke/1443982.html","Thứ 2 - Thứ 6 (từ 08:00 đến 17:00)
Thứ 7 (từ 08:00 đến 12:00)"
1,"Chuyên Viên Tư Vấn Phần Mềm Kiotviet Tại Đắk Lắk - Đắk Nông","CÔNG TY CỔ PHẦN CÔNG NGHỆ KIOTVIET","- Đắk Lắk: 72 Ngô Quyền, Phường Buôn Ma Thuột (Thành phố Buôn Ma Thuột cũ)","https://www.topcv.vn/viec-lam/chuyen-vien-tu-van-phan-mem-kiotviet-tai-dak-lak-dak-nong/2145172.html","Thứ 2 - Thứ 7 (từ 08:00 đến 17:30)
Nghỉ 02 ngày thứ Bảy trong mỗi tháng theo sự sắp xếp của Ban Giám đốc kinh doanh"
1,"PHP Developer","CÔNG TY TNHH DUDU VIỆT NAM","- Hồ Chí Minh: số 4 đường số 61, Phường Tân Hưng (Quận 7 cũ)","https://www.topcv.vn/viec-lam/php-developer/2152285.html","Thứ 2 - Thứ 7 (từ 09:00 đến 18:00)"
1,"UX/UI Designer (Web Developer)","CÔNG TY TNHH PHÁT TRIỂN THƯƠNG HIỆU VÀ DỊCH VỤ KẾT NỐI BÁN LẺ CHÂU Á (A-CONNECTION)","- Hồ Chí Minh: 712 CMT8, Phường Tân Bình (quận Tân Bình cũ)","https://www.topcv.vn/viec-lam/ux-ui-designer-web-developer/2116660.html","Thứ 2 - Thứ 6 (từ 08:00 đến 17:00)
Thứ 7 (từ 08:00 đến 12:00)"
1,"Nhân Viên Tư Vấn Website-Không Yêu Cầu Kinh Nghiệm","CÔNG TY TNHH CÔNG NGHỆ PHẦN MỀM NASANI","- Hồ Chí Minh: Lầu 1 Tòa nhà Saigon ICT, Lô 46 Công viên phần mềm Quang Trung, Phường Trung Mỹ Tây (Quận 12 cũ)","https://www.topcv.vn/viec-lam/nhan-vien-tu-van-website-khong-yeu-cau-kinh-nghiem/1858315.html","Thứ 2 - Thứ 6 (từ 08:00 đến 17:00)
Thứ 7 : Twd 8:00 - 12:00"
1,"Nhân Viên CNC","CÔNG TY TNHH CƠ KHÍ CHÍNH XÁC, DỊCH VỤ VÀ THƯƠNG MẠI VIỆT NAM","- Bắc Ninh: Lô C6 Cụm KCN đa Nghề Đông Thọ, Xã Văn Môn (huyện Yên Phong cũ)","https://www.topcv.vn/viec-lam/nhan-vien-cnc/1890605.html","Thứ 2 - Thứ 7 (từ 08:00 đến 17:00)
Sáng từ 8h-12h
Chiều từ 13h-17h"
1,"IT Network - Bình Chánh","CÔNG TY TNHH GIẢI PHÁP DỮ LIỆU SÁNG TẠO","- Hồ Chí Minh: 15 Võ Trần Chí, Xã Bình Chánh (huyện Bình Chánh cũ)","https://www.topcv.vn/viec-lam/it-network-binh-chanh/2134876.html","Thứ 2 - Thứ 6 (từ 07:30 đến 16:00)
Trường hợp phát sinh sự cố vào thứ 7, nhân sự cần hỗ trợ xử lý từ xa (remote)."
1,"Nhân Viên Kinh Doanh - Agency","CÔNG TY TNHH DIWE","- Hà Nội: 136 Nguyễn Lân, Phường Phương Liệt (quận Thanh Xuân cũ)","https://www.topcv.vn/viec-lam/nhan-vien-kinh-doanh-agency/2145009.html","Thứ 2 - Thứ 6 (từ 08:15 đến 17:30)
Làm 02 thứ 7/ tháng cách tuần"
1,"Thực Tập Sinh Công Nghệ Thông Tin (Có Đào Tạo)","CÔNG TY TNHH CÔNG NGHỆ PHẦN MỀM NASANI","- Hồ Chí Minh: Lầu 1 Tòa nhà Saigon ICT, Lô 46 Công viên phần mềm Quang Trung, Phường Trung Mỹ Tây (Quận 12 cũ)","https://www.topcv.vn/viec-lam/thuc-tap-sinh-cong-nghe-thong-tin-co-dao-tao/2148891.html","Thứ 2 - Thứ 6 (từ 08:00 đến 17:00)
Thứ 7 (từ 08:00 đến 12:00)"
1,"Nhân Viên Kỹ Thuật Viễn Thông","Công ty Cổ phần viễn thông FPT","- Tây Ninh: 142 Hùng Vương, Phường 2, TP Tân An, Long An, Phường Long An (Thành phố Tân An cũ)","https://www.topcv.vn/viec-lam/nhan-vien-ky-thuat-vien-thong/736923.html","Thứ 2 - Thứ 7 (từ 08:00 đến 17:30)"
1,"Nhân Viên Kỹ Thuật Viễn Thông","Công ty Cổ phần viễn thông FPT","- Tây Ninh: Thạnh Đức, Bến Lức, Long An, Xã Bến Lức (huyện Bến Lức cũ)","https://www.topcv.vn/viec-lam/nhan-vien-ky-thuat-vien-thong/736923.html","Thứ 2 - Thứ 7 (từ 08:00 đến 17:30)"
1,"Nhân Viên Kỹ Thuật Viễn Thông","Công ty Cổ phần viễn thông FPT","- Tây Ninh: 155 Ấp Bình Tả 1 Hạ, huyện Đức Hòa, Long An, Xã Đức Hòa (huyện Đức Hòa cũ)","https://www.topcv.vn/viec-lam/nhan-vien-ky-thuat-vien-thong/736923.html","Thứ 2 - Thứ 7 (từ 08:00 đến 17:30)"
1,"Nhân Viên Kỹ Thuật Viễn Thông","Công ty Cổ phần viễn thông FPT","- Tây Ninh: 80 Hòa Thuận 1, xã Trường Bình, TT Cần Giuộc, Long An, Xã Cần Giuộc (huyện Cần Giuộc cũ)","https://www.topcv.vn/viec-lam/nhan-vien-ky-thuat-vien-thong/736923.html","Thứ 2 - Thứ 7 (từ 08:00 đến 17:30)"
1,"CTV Trực Tin Online Ca Tối (Sinh Viên)","Vega Corporation","- Hà Nội: Toà Hoà Bình - 106 Hoàng Quốc Việt, Phường Nghĩa Đô (quận Bắc Từ Liêm, quận Cầu Giấy cũ)","https://www.topcv.vn/viec-lam/ctv-truc-tin-online-ca-toi-sinh-vien/1814252.html","Thứ 2 - Thứ 7 (từ 18:00 đến 23:00)"
1,"Graphic Designer (Luxury Fashion)","CÔNG TY CỔ PHẦN GLOBAL LINK","- Hồ Chí Minh: 20 Đặng Tất, Tân Định, Phường Tân Định (Quận 1 cũ)","https://www.topcv.vn/viec-lam/graphic-designer-luxury-fashion/2123141.html","Thứ 2 - Thứ 6 (từ 08:30 đến 18:00)
Thứ 2 đến Thứ 6 (8h30 - 18h00) - Nửa sáng ngày thứ 7 (Nếu quản lý có yêu cầu)"
1,"Nhân Viên Tư Vấn Phần Mềm Website","CÔNG TY TNHH VINA SOFTWARE","- Hồ Chí Minh: Tòa nhà Đại Phát, 185B Hà Huy Giáp Quận 12, Phường An Phú Đông (Quận 12 cũ)","https://www.topcv.vn/viec-lam/nhan-vien-tu-van-phan-mem-website/2147328.html","Thứ 2 - Thứ 6 (từ 08:00 đến 17:00)
Thứ 2 - Sáng Thứ 6: 08:00 - 17:00
Sáng Thứ 7: 08:00 - 12:00"
1,"Senior Creative Designer","CÔNG TY CỔ PHẦN SJ BROTHERS GROUP","- Hồ Chí Minh: số 11 Nguyễn Công Trứ, Phường Sài Gòn (Quận 1 cũ)","https://www.topcv.vn/viec-lam/senior-creative-designer/1835652.html","Thứ 2 - Thứ 6 (từ 08:00 đến 17:30)
Thứ 7: 08h00-12h00"
1,"AI Developer - Xây Hệ Thống ERP, Misa, CRM","CÔNG TY TNHH TRƯỜNG DOANH NHÂN HBR","- Hà Nội: 201 Cầu Giấy, Phường Cầu Giấy (quận Cầu Giấy cũ)","https://www.topcv.vn/viec-lam/ai-developer-xay-he-thong-erp-misa-crm/2001260.html","Thứ 2 - Thứ 6 (từ 08:30 đến 17:30)
- Nghỉ trưa 1 tiếng 30 phút từ 12h00 - 13h30.
- Làm việc 02 Thứ 7/tháng (Tuần 1 & Tuần 3)"
1,"Graphic Designer","CÔNG TY TNHH XUẤT NHẬP KHẨU MINH KHÔI","- Hồ Chí Minh: 134 Bưng Ông Thoàn, Khu phố 3, Phường Long Trường (Thành phố Thủ Đức cũ)","https://www.topcv.vn/viec-lam/graphic-designer/2140792.html","Thứ 2 - Thứ 6 (từ 08:30 đến 17:30)
Thứ 7 (từ 08:30 đến 15:00)
nghỉ trưa 1 giờ"
1,"Nhân Viên Tư Vấn Triển Khai Phần Mềm","CÔNG TY TNHH CÔNG NGHỆ PHẦN MỀM NASANI","- Hồ Chí Minh: Lầu 1 Tòa nhà Saigon ICT, Lô 46 Công viên phần mềm Quang Trung, Phường Trung Mỹ Tây (Quận 12 cũ)","https://www.topcv.vn/viec-lam/nhan-vien-tu-van-trien-khai-phan-mem/2108717.html","Thứ 2 - Thứ 6 (từ 08:00 đến 17:00)
Thứ 2 - Thứ 6 (từ 08:00 đến 17:00)
Thứ 7 : Từ 8:00 - 12:00"
1,"Nhân Viên Lập Trình CNC","Công ty TNHH Hitech Mould","- Đồng Nai: Lô số 412, đường 13, KCN Amata, Phường Long Bình (Thành phố Biên Hòa cũ)","https://www.topcv.vn/viec-lam/nhan-vien-lap-trinh-cnc/2152848.html","Thứ 2 - Thứ 7 (từ 07:30 đến 16:30)
Hành chính + Tăng ca"
1,"Nhân Viên Chăm Sóc Khách Hàng - Sale Admin","CÔNG TY TNHH DOCUMENT EASY","- Hồ Chí Minh: Phòng 109, Toà nhà A, khu Công nghệ Phần mềm, đường nội bộ Đại học Quốc gia TP. Hồ Chí Minh, khu phố 33, Phường Linh Xuân (Thành phố Thủ Đức cũ)","https://www.topcv.vn/viec-lam/nhan-vien-cham-soc-khach-hang-sale-admin/2121410.html","Thứ 2 - Thứ 6 (từ 08:30 đến 18:00)
Thứ 7 làm việc online 1 buổi"
1,"Giám Đốc Công Nghệ","CÔNG TY CỔ PHẦN ĐẦU TƯ BẤT ĐỘNG SẢN HP GROUP","- Hà Nội: Tầng B1, Tòa R6, Royal City, Phường Thanh Xuân (quận Thanh Xuân cũ)","https://www.topcv.vn/viec-lam/giam-doc-cong-nghe/2140258.html","Sáng 8h - 12h, chiều 13h30 - 17h30
Từ thứ 2 đến sáng thứ 7"
1,"Chuyên Viên Thiết Kế Ngành Bất Động Sản","CÔNG TY CỔ PHẦN TẬP ĐOÀN PHÁT TRIỂN BẤT ĐỘNG SẢN SSM GROUP","- Hà Nội: Tầng 2, toà nhà Golden Land, số 275 Nguyễn Trãi, Phường Thanh Xuân (quận Thanh Xuân cũ)","https://www.topcv.vn/viec-lam/chuyen-vien-thiet-ke-nganh-bat-dong-san/2138784.html","Từ thứ 2 - sáng thứ 7 hàng tuần.
Sáng 8h00 - 12h00, chiều 13h30-17h30."
1,"Chuyên Viên Thiết Kế Ngành Bất Động Sản","CÔNG TY CỔ PHẦN TẬP ĐOÀN PHÁT TRIỂN BẤT ĐỘNG SẢN SSM GROUP","- Hà Nội: Sao Biển 1, Vinhomes Ocean Park 1, Xã Gia Lâm (huyện Gia Lâm cũ)","https://www.topcv.vn/viec-lam/chuyen-vien-thiet-ke-nganh-bat-dong-san/2138784.html","Từ thứ 2 - sáng thứ 7 hàng tuần.
Sáng 8h00 - 12h00, chiều 13h30-17h30."
1,"Chuyên Viên Thiết Kế Ngành Bất Động Sản","CÔNG TY CỔ PHẦN TẬP ĐOÀN PHÁT TRIỂN BẤT ĐỘNG SẢN SSM GROUP","- Hồ Chí Minh: B103, tầng 1, tòa nhà WIYO Complex 2, số 46 - 52, đường N3C, The Global City, Đỗ Xuân Hợp, Bình Trưng, Phường Thủ Đức (Thành phố Thủ Đức cũ)","https://www.topcv.vn/viec-lam/chuyen-vien-thiet-ke-nganh-bat-dong-san/2138784.html","Từ thứ 2 - sáng thứ 7 hàng tuần.
Sáng 8h00 - 12h00, chiều 13h30-17h30."
1,"Chuyên Viên Thiết Kế Ngành Bất Động Sản","CÔNG TY CỔ PHẦN TẬP ĐOÀN PHÁT TRIỂN BẤT ĐỘNG SẢN SSM GROUP","- Đà Nẵng: Tầng 2, Thư Dung Plaza, số 87, Nguyễn Văn Linh, Hải Châu, Phường Hải Châu (quận Hải Châu cũ)","https://www.topcv.vn/viec-lam/chuyen-vien-thiet-ke-nganh-bat-dong-san/2138784.html","Từ thứ 2 - sáng thứ 7 hàng tuần.
Sáng 8h00 - 12h00, chiều 13h30-17h30."
1,"Lập Trình Nhúng (Embedded Engineer)","CÔNG TY TNHH MỘT THÀNH VIÊN PHÁT TRIỂN CÔNG NGHỆ CHUYÊN VIỆT","- Hồ Chí Minh: 232/6 Cộng Hòa, Phường Bảy Hiền (quận Tân Bình cũ)","https://www.topcv.vn/viec-lam/lap-trinh-nhung-embedded-engineer/2135851.html","Thời gian làm việc: Từ thứ 2 đến Sáng thứ 7, Sáng 8:00 – 12:00, Chiều 13:30 – 17:30"
1,"Nhân Viên Thiết Kế Đồ Họa","Công ty TNHH Thực Phẩm Gia Truyền","- Hồ Chí Minh: 99/14 An Phú Đông 10, Phường An Phú Đông (Quận 12 cũ)","https://www.topcv.vn/viec-lam/nhan-vien-thiet-ke-do-hoa/2143889.html","Thứ 2 - Thứ 7 (từ 08:00 đến 17:00)"
1,"Chuyên Viên Chuyển Đổi Số","CÔNG TY TNHH CITY ONE VIỆT NAM","- Hồ Chí Minh: 721 Trường Chinh, Phường Tây Thạnh (quận Tân Phú cũ)","https://www.topcv.vn/viec-lam/chuyen-vien-chuyen-doi-so/1773313.html","Thứ 2 - Thứ 7 (từ 08:00 đến 17:30)
Thời gian làm việc: Từ Thứ Hai đến Thứ Bảy, làm việc từ 08h00 đến 17h30, nghỉ trưa từ 12h00 đến 13h30.
(Tổng thời gian làm việc: 8 giờ/ngày.)"
1,"Nhân Viên Thiết Kế Đồ Họa","Công ty TNHH thiết kế in ấn Cao Minh","- Khánh Hòa: 18 Tản Viên, Phường Nha Trang (Thành phố Nha Trang cũ)","https://www.topcv.vn/viec-lam/nhan-vien-thiet-ke-do-hoa/1226958.html","Thứ 2 - Thứ 6 (từ 07:30 đến 17:00)
Thứ 7 (từ 07:30 đến 15:00)"
1,"Nhân Viên Triển Khai Bản Vẽ/ Nhân Viên Thiết Kế","CÔNG TY TNHH J. WAGNER","- Hồ Chí Minh: Khu Chế Xuất Linh Trung 1, Phường Thủ Đức (Thành phố Thủ Đức cũ)","https://www.topcv.vn/viec-lam/nhan-vien-trien-khai-ban-ve-nhan-vien-thiet-ke/2118497.html","Thứ 2 - Thứ 7 (từ 08:40 đến 16:40)"
1,"Quản Lý Data Analyst","Công ty Cổ phần Thương mại và Dịch vụ truyền thông BIHACO","- Hà Nội: số 39 - ngõ 80 Trung Kính, Phường Yên Hòa (quận Cầu Giấy cũ)","https://www.topcv.vn/viec-lam/quan-ly-data-analyst/2151707.html","Thứ 2 - Thứ 6 (từ 08:00 đến 17:00)
Nghỉ 2 thứ 7"
1,"Nhân Viên Thiết Kế","CÔNG TY CỔ PHẦN ĐẦU TƯ L.I.F.E","- Đà Nẵng: Lô A2 Trần Đăng Ninh, Phường Hòa Cường (quận Hải Châu cũ)","https://www.topcv.vn/viec-lam/nhan-vien-thiet-ke/2151136.html","Thứ 2 - Thứ 6 (từ 07:30 đến 17:00)
Thứ 7 (từ 07:30 đến 11:30)"
1,"Nhân Viên Tester","Công ty cổ phần công nghệ ứng dụng Arabica Việt Nam","- Hà Nội: Số 68 ngõ 72 Dương Khuê, Mỹ Đình 2, Phường Từ Liêm (quận Nam Từ Liêm cũ)","https://www.topcv.vn/viec-lam/nhan-vien-tester/2137524.html","Thứ 2 - Thứ 6 (từ 08:30 đến 18:00)
Từ thứ 2 đến thứ 6 và 1 thứ 7 đầu tiên của tháng."
1,"Business Development Executive/ Sale IT/ Nhân Viên Kinh Doanh Phần Mềm - Từ 1 Năm Kinh Nghiệm","CÔNG TY CỔ PHẦN TEASER","- Hà Nội: (Tất cả phường)","https://www.topcv.vn/viec-lam/business-development-executive-sale-it-nhan-vien-kinh-doanh-phan-mem-tu-1-nam-kinh-nghiem/1993114.html","Thứ 2 - Thứ 6 (từ 08:30 đến 18:00)
Đi làm 2 ngày thứ 7 xen kẽ"
1,"Quản Lý Dữ Liệu Và Hệ Thống ERP","Công ty TNHH Dụng cụ An Mi","- Hà Nội: Tòa CT4 Sông Đà, Phường Từ Liêm (quận Nam Từ Liêm cũ)","https://www.topcv.vn/viec-lam/quan-ly-du-lieu-va-he-thong-erp/2028132.html","Thứ 2 - Thứ 7 (từ 08:00 đến 17:00)"
1,"Chuyên Viên Triển Khai Phần Mềm","CLS VIỆT NAM - CÔNG TY TNHH DỊCH VỤ QUẢN LÝ HỆ THỐNG HỌC TẬP","- Hồ Chí Minh: Số 07 Đông Sơn, Phường 7, Quận Tân Bình., Phường Tân Bình (quận Tân Bình cũ)","https://www.topcv.vn/viec-lam/chuyen-vien-trien-khai-phan-mem/2085417.html","Thứ 2 - Thứ 6 (từ 08:00 đến 17:30)
Và 2 sáng Thứ 7 trong tháng"
1,"Chuyên Viên Triển Khai Phần Mềm","CLS VIỆT NAM - CÔNG TY TNHH DỊCH VỤ QUẢN LÝ HỆ THỐNG HỌC TẬP","- Hà Nội: Tầng 13, tháp A, tòa nhà Sông Đà, Phạm Hùng, Nam Từ Liêm, Phường Từ Liêm (quận Nam Từ Liêm cũ)","https://www.topcv.vn/viec-lam/chuyen-vien-trien-khai-phan-mem/2085417.html","Thứ 2 - Thứ 6 (từ 08:00 đến 17:30)
Và 2 sáng Thứ 7 trong tháng"
1,"Nhân Viên Thị Trường/Sales /Nhân Viên Kinh Doanh","Công ty cổ phần phần mềm phân phối và bán lẻ BeeC","- Hà Nội: Khu đô thị Eden Rose, Phường Thanh Liệt (huyện Thanh Trì cũ)","https://www.topcv.vn/viec-lam/nhan-vien-thi-truong-sales-nhan-vien-kinh-doanh/2142037.html","Thứ 2 - Thứ 6 (từ 08:30 đến 18:00)
Thứ 7 cách tuần"
1,"Marketing Designer","Hộ kinh doanh Lamme 1993","- Hà Nội: 18 Phạm Ngọc Thạch, Phường Kim Liên (quận Đống Đa cũ)","https://www.topcv.vn/viec-lam/marketing-designer/1953395.html","Thứ 2 - Thứ 7 (từ 08:30 đến 17:30)"
1,"Nhân Viên Kinh Doanh - Không Yêu Cầu Kinh Nghiệm","Công ty TMDV I-web","- Hồ Chí Minh: 17 Đường số 2, KDC Cityland Park Hills, Phường Gò Vấp (quận Gò Vấp cũ)","https://www.topcv.vn/viec-lam/nhan-vien-kinh-doanh-khong-yeu-cau-kinh-nghiem/2141223.html","Thứ 2 - Thứ 6 (từ 08:00 đến 17:00)
Thứ 7 (từ 08:00 đến 12:00)
Thời gian nghỉ trưa 1h30 phút"
1,"Nhân Viên Kinh Doanh","CÔNG TY TNHH CÔNG NGHỆ PHẦN MỀM NASANI","- Hồ Chí Minh: ầu 1 Tòa nhà Saigon ICT, Lô 46 Công viên phần mềm Quang Trung, Phường Trung Mỹ Tây (Quận 12 cũ)","https://www.topcv.vn/viec-lam/nhan-vien-kinh-doanh/2004160.html","Thứ 2 - Thứ 7 (từ 08:00 đến 17:00)
thứ 7 được nghỉ chiều"
1,"Vận Hành Và Giám Sát Hệ Thống Backup (Backup System Operator)","Ngân Hàng TMCP Việt Nam Thịnh Vượng (VPBank)","- Hà Nội: (Tất cả phường)","https://www.topcv.vn/brand/vpbank/tuyen-dung/van-hanh-va-giam-sat-he-thong-backup-backup-system-operator-j2122365.html","[""Thứ 2 - Thứ 6 (từ 08:00 đến 17:00)\nThứ 7 (từ 08:00 đến 12:00)""]"
1,"Nhân Viên Kinh Doanh Chữ Ký Số","Công ty cổ phần ICORP","- Hà Nội: Tầng 5, tòa nhà SanNam, ngõ 78 Duy Tân, Phường Cầu Giấy (quận Cầu Giấy cũ)","https://www.topcv.vn/viec-lam/nhan-vien-kinh-doanh-chu-ky-so/1918329.html","Thứ 2 - Thứ 6 (từ 08:00 đến 17:30)
Thứ 7 (từ 08:00 đến 12:00)"
1,"Nhân Viên Lập Trình PLC, Thiết Kế Điện Tự Động Hóa","Công ty Cổ phần Tập đoàn Karofi","- Hưng Yên: Xã Yên Mỹ (huyện Yên Mỹ cũ)","https://www.topcv.vn/viec-lam/nhan-vien-lap-trinh-plc-thiet-ke-dien-tu-dong-hoa/1472121.html","Thứ 2 - Thứ 6 (từ 08:00 đến 17:00)
Làm 3 thứ 7/ tháng"
1,"Thực Tập Sinh Kinh Doanh Website - Phần Mềm","CÔNG TY TNHH CÔNG NGHỆ PHẦN MỀM NASANI","- Hồ Chí Minh: Lầu 1, Tòa nhà Saigon ICT, Lô 46 Công viên phần mềm Quang Trung, Phường Trung Mỹ Tây (Quận 12 cũ)","https://www.topcv.vn/viec-lam/thuc-tap-sinh-kinh-doanh-website-phan-mem/1993194.html","Thứ 2 - Thứ 6 (từ 08:00 đến 17:00)
Thứ 7 (từ 08:00 đến 12:00)
Thứ 2 - Thứ 6: 8h - 17h
Thứ 7: 8h - 12h"
1,"Phân Tích Dữ Liệu (App AI Tử Vi)","CÔNG TY TNHH CÔNG NGHỆ NHẬN THỨC MÁY HORUS AI","- Hà Nội: VOV Mễ Trì, Phường Đại Mỗ (quận Nam Từ Liêm cũ)","https://www.topcv.vn/viec-lam/phan-tich-du-lieu-app-ai-tu-vi/2120484.html","Thứ 2 - Thứ 6 (từ 08:00 đến 17:30)
Thứ 7 (từ 08:00 đến 12:00)
Làm việc từ thứ 2 đến hết sáng thứ 7, nghỉ trưa 1h30’"
1,"Chuyên Viên Kế Hoạch/Phân Tích Tài Chính - Thu Nhập Theo Năng Lực","CÔNG TY CỔ PHẦN GC PHENIKAA","- Hà Nội: Tòa D, Bệnh viện Đại học Phenikaa, Kiều Mai, Phường Xuân Phương (quận Nam Từ Liêm cũ)","https://www.topcv.vn/viec-lam/chuyen-vien-ke-hoach-phan-tich-tai-chinh-thu-nhap-theo-nang-luc/2136730.html","Thứ 2 - Thứ 6 (từ 08:00 đến 17:00)
Thứ 7 (từ 08:00 đến 12:00)"
1,"Nhân Viên Thiết Kế","CÔNG TY TNHH KHOA HỌC VÀ KỸ THUẬT THÔNG TIN HOA THIÊN","- Bắc Ninh: Khả Lễ, Phường Võ Cường (Thành phố Bắc Ninh cũ)","https://www.topcv.vn/viec-lam/nhan-vien-thiet-ke/1983504.html","Thứ 2 - Thứ 7 (từ 08:00 đến 17:00)"
1,"Account Manager (Ngành Blockchain, Fintech)","HIỆP HỘI BLOCKCHAIN VIỆT NAM","- Hồ Chí Minh: 34 Lê Duẩn, Phường Sài Gòn (Quận 1 cũ)","https://www.topcv.vn/viec-lam/account-manager-nganh-blockchain-fintech/2145786.html","Thứ 2 - Thứ 6 (từ 09:00 đến 18:00)
Thứ 7 (từ 08:00 đến 12:00)"
1,"Graphic Designer AI-INTEGRATE","CÔNG TY TNHH THƯƠNG MẠI VÀ TRUYỀN THÔNG QUẢNG CÁO GOLDEN PHOENIX","- Hà Nội: Số 8, đường Quang Trung, Phường Hà Đông (quận Hà Đông cũ)","https://www.topcv.vn/viec-lam/graphic-designer-ai-integrate/2150467.html","Thứ 2 - Thứ 6 (từ 08:30 đến 18:00)
Từ Thứ 2 - Thứ 6, làm 2 Thứ 7 cách tuần
Làm Part time theo ca đăng ký"
1,"Account Executive Senior / Thu Nhập Từ 18 Triệu / Từ 2 Năm Kinh Nghiệm / Tại Quận 1 (Cũ), HCM","CÔNG TY CỔ PHẦN WOAY","- Hồ Chí Minh: 23 - 25 Trần Nhật Duật, Phường Tân Định (Quận 1 cũ)","https://www.topcv.vn/viec-lam/account-executive-senior-thu-nhap-tu-18-trieu-tu-2-nam-kinh-nghiem-tai-quan-1-cu-hcm/2126354.html","Thứ 2 - Thứ 6 (từ 08:30 đến 17:30)
Từ thứ 2 đến thứ 6 (mỗi ngày làm 7.5 giờ, nghỉ trưa 1.5 giờ), Thứ 7- chỉ làm việc buổi sáng và nghỉ luân phiên mỗi tuần"
1,"Nhân Viên Kỹ Thuật Phần Mềm","CÔNG TY TNHH TRUYỀN THÔNG VÀ DỊCH VỤ GOKAMEDIA","- Thái Nguyên: Xóm Sơn Cẩm, Phường Quan Triều (Thành phố Thái Nguyên cũ)","https://www.topcv.vn/viec-lam/nhan-vien-ky-thuat-phan-mem/2138481.html","Thứ 2 - Thứ 7 (từ 07:45 đến 17:30)"
1,"Chuyên Viên Thiết Kế Đồ Họa","Công ty Cổ phần Giải pháp Chuyên gia Star Global","- Hồ Chí Minh: 04 đường N8, Khu phố 2, Phường Long Trường (Thành phố Thủ Đức cũ)","https://www.topcv.vn/viec-lam/chuyen-vien-thiet-ke-do-hoa/2149640.html","Thứ 2 - Thứ 6 (từ 08:00 đến 17:30)
Thứ 7 (từ 08:00 đến 12:00)"
1,"Freelancer 3D Blender","F.O.W COMPANY LIMITED","- Hồ Chí Minh: 18 đường số 6, Phường Gò Vấp (quận Gò Vấp cũ)","https://www.topcv.vn/viec-lam/freelancer-3d-blender/2115439.html","Thứ 2 - Thứ 6 (từ 08:00 đến 17:30)
2 ngày thứ 7 trong tháng"
1,"Nhân Viên Thiết Kế Đồ Họa ( Graphic Designer)","Công Ty CP Vàng Bạc Đá Qúy Lộc Phúc","- Hồ Chí Minh: 532 Cộng Hoà, Phường Tân Bình (quận Tân Bình cũ)","https://www.topcv.vn/viec-lam/nhan-vien-thiet-ke-do-hoa-graphic-designer/2146738.html","Thứ 2 - Thứ 6 (từ 08:00 đến 17:30)
Thứ 7 (từ 07:30 đến 12:30)"
1,"Junior Full-Stack Developer","CÔNG TY CỔ PHẦN DEVBRIX","- Hồ Chí Minh: Số 02 đường 7C, Phường Bình Trưng (Thành phố Thủ Đức cũ)","https://www.topcv.vn/viec-lam/junior-full-stack-developer/2125286.html","Thứ 2 - Thứ 7 (từ 08:30 đến 17:30)"
1,"Nhân Viên Kinh Doanh Giải Pháp Công Nghệ ERP","360 CORP","- Hồ Chí Minh: 155 Nguyễn thái Học, Phường Tam Thắng (Thành phố Vũng Tàu cũ)","https://www.topcv.vn/viec-lam/nhan-vien-kinh-doanh-giai-phap-cong-nghe-erp/1584732.html","Thứ 2 - Thứ 7 (từ 08:00 đến 17:00)"
1,"Nhân Viên Kinh Doanh Giải Pháp Công Nghệ ERP","360 CORP","- Hồ Chí Minh: Phường Vũng Tàu (Thành phố Vũng Tàu cũ)","https://www.topcv.vn/viec-lam/nhan-vien-kinh-doanh-giai-phap-cong-nghe-erp/1584732.html","Thứ 2 - Thứ 7 (từ 08:00 đến 17:00)"
1,"Nhân Viên Nhập Liệu -  Xử Lý Dữ Liệu","CÔNG TY TNHH NHÂN THĂNG","- Hồ Chí Minh: 78/2A Bình Lợi, Phường Bình Lợi Trung (quận Bình Thạnh cũ)","https://www.topcv.vn/viec-lam/nhan-vien-nhap-lieu-xu-ly-du-lieu/726482.html","Thứ 2 - Thứ 6 (từ 07:00 đến 16:00)
Thứ 7 luân phiên (7:00-16:00)"
1,"Nhân Viên Media Fullstack (Video + Design)","CÔNG TY CỔ PHẦN TẬP ĐOÀN GREEN BIO","- Hồ Chí Minh: 15 đường 1, Khu phố 1 (KDC Areco), Phường Linh Xuân (Thành phố Thủ Đức cũ)","https://www.topcv.vn/viec-lam/nhan-vien-media-fullstack-video-design/2140878.html","Thứ 2 - Thứ 7 (từ 08:00 đến 17:30)
Nghỉ trưa 1.5 tiếng"
1,"Chuyên Viên Thiết Kế (Graphic Designer)","CÔNG TY CỔ PHẦN THỰC PHẨM XUXIFARM","- Hồ Chí Minh: 2A1 Nguyễn Thị Minh Khai, Phường Sài Gòn (Quận 1 cũ)","https://www.topcv.vn/viec-lam/chuyen-vien-thiet-ke-graphic-designer/1833251.html","Thứ 2 - Thứ 6 (từ 08:00 đến 17:00)
Thứ 7 là ngày làm việc dự phòng"
1,"BI & Automation Lead","CÔNG TY CỔ PHẦN TẬP ĐOÀN THIÊN Á","- Hà Nội: 92 Hạ Yên Quyết, Phường Cầu Giấy (quận Cầu Giấy cũ)","https://www.topcv.vn/viec-lam/bi-automation-lead/2149830.html","Thứ 2 - Thứ 6 (từ 08:00 đến 17:15)
Thứ 7 (từ 08:00 đến 11:45)"
1,"User Acquisition Specialist (Mobile App/Game)","CÔNG TY CỔ PHẦN TOH GROUP","- Hà Nội: 48 Tố Hữu, Phường Từ Liêm (quận Nam Từ Liêm cũ)","https://www.topcv.vn/viec-lam/user-acquisition-specialist-mobile-app-game/2140882.html","Thứ 2 - Thứ 6 (từ 08:00 đến 17:30)
Sáng thứ 7 chơi cầu lông 2h toàn cty, có hưởng lương."
1,"Trưởng Phòng Thiết Kế 2D (Sản Phẩm)","CÔNG TY CỔ PHẦN SẢN XUẤT VÀ THƯƠNG MẠI GỐM SỨ NOVITA","- Lâm Đồng: KCN Hàm Kiệm 1, Xã Tuyên Quang (huyện Hàm Thuận Nam, Thành phố Phan Thiết cũ)","https://www.topcv.vn/viec-lam/truong-phong-thiet-ke-2d-san-pham/2141638.html","Thứ 2 - Thứ 7 (từ 07:30 đến 16:30)"
1,"Thiết Kế Đồ Hoạ (Graphic Design)","Công ty TNHH Thẩm mỹ Gang Hee","- Hà Nội: 282 Nguyễn Huy Tưởng, Phường Thanh Xuân (quận Thanh Xuân cũ)","https://www.topcv.vn/viec-lam/thiet-ke-do-hoa-graphic-design/2126880.html","Thứ 2 - Thứ 7 (từ 08:00 đến 17:30)"
1,"Nhân Viên Lập Trình Máy Phay CNC","CÔNG TY CỔ PHẦN CÔNG NGHIỆP PHỤ TRỢ BBS VIỆT NAM","- Hà Nội: Thôn Yên Phú, Xã Ngọc Hồi (huyện Thanh Trì cũ)","https://www.topcv.vn/viec-lam/nhan-vien-lap-trinh-may-phay-cnc/1519567.html","Thứ 2 - Thứ 7 (từ 06:00 đến 14:30)
Thứ 2 - Thứ 7 (từ 14:00 đến 22:30)"
1,"Graphic Designer - Thiết Kế Đồ Họa","CÔNG TY TNHH TM DV TNL","- Tây Ninh: KCN Cầu Cảng Phước Đông, Ấp 5, Xã Phước Đông, Cần Đước, Long An, Xã Tân Lân (huyện Cần Đước cũ)","https://www.topcv.vn/viec-lam/graphic-designer-thiet-ke-do-hoa/1601657.html","Thứ 2 - Thứ 7 (từ 08:00 đến 17:00)"
1,"Chuyên Viên Kỹ Thuật","Công ty Cổ Phần Nội Thất DBHOMES","- Hồ Chí Minh: 40 đường số 62, khu phố 1, Phường Cát Lái (Thành phố Thủ Đức cũ)","https://www.topcv.vn/viec-lam/chuyen-vien-ky-thuat/2151593.html","Thứ 2 - Thứ 6 (từ 08:30 đến 17:30)
Thứ 7 cách tuần"
1,"Thực Tập Sinh Thiết Kế Đồ Họa","TRƯỜNG LIÊN CẤP OLYMPIA (CÔNG TY CỔ PHẦN GIÁO DỤC VÀ ĐÀO TẠO DREAM HOUSE)","- Hà Nội: Khu đô thị mới Trung Văn, Phường Hà Đông (quận Hà Đông cũ)","https://www.topcv.vn/viec-lam/thuc-tap-sinh-thiet-ke-do-hoa/2150299.html","7:45 đến 16:45, từ thứ 2 đến thứ 6, và 2 ngày thứ 7 trong một tháng (theo lịch làm việc thứ 7 cố định)"
1,"Nhân Viên Công Nghệ Thông Tin – IT","Công ty CP Giải pháp Môi trường ARES","- An Giang: Phường Long Xuyên (Thành phố Long Xuyên cũ)","https://www.topcv.vn/viec-lam/nhan-vien-cong-nghe-thong-tin-it/2114116.html","Thứ 2 - Thứ 7 (từ 07:30 đến 17:30)"
1,"Nhân Viên Triển Khai Phần Mềm Kế Toán Fast","CÔNG TY CP PHẦN MỀM QUẢN LÝ DOANH NGHIỆP FAST","- Hà Nội: Tầng 3 Tòa nhà CT1B Khu đô thị VOV Mễ Trì, Phường Đại Mỗ (quận Nam Từ Liêm cũ)","https://www.topcv.vn/viec-lam/nhan-vien-trien-khai-phan-mem-ke-toan-fast/2110090.html","Thứ 2 - Thứ 6 (từ 08:00 đến 17:00)
Thứ 7 (từ 08:00 đến 11:00)"
1,"Senior Graphic Design","Công ty Cổ phần Truyền thông SEFA Media","- Hà Nội: Số 23/28 Nguyên Hồng, Phường Láng (quận Đống Đa cũ)","https://www.topcv.vn/viec-lam/senior-graphic-design/2032886.html","Thứ 2 - Thứ 7 ()
Thứ 2 – Thứ 7 (nghỉ trưa 1h30’)"
1,"Lập Trình Viên Java - 4 Năm Kinh Nghiệm","CÔNG TY CỔ PHẦN GIẢI PHÁP CÔNG NGHỆ NVINA","- Hà Nội: Tập đoàn Gtel, 103 Nguyễn Tuân, Phường Thanh Xuân (quận Thanh Xuân cũ)","https://www.topcv.vn/viec-lam/lap-trinh-vien-java-4-nam-kinh-nghiem/2078121.html","Thứ 2 - Thứ 6 (từ 08:00 đến 17:30)
Thứ 7 (từ 08:00 đến 12:00)"
1,"Lập Trình Viên Java - 4 Năm Kinh Nghiệm","CÔNG TY CỔ PHẦN GIẢI PHÁP CÔNG NGHỆ NVINA","- Hà Nội: 15 Lê Văn Thiêm, Phường Thanh Xuân (quận Thanh Xuân cũ)","https://www.topcv.vn/viec-lam/lap-trinh-vien-java-4-nam-kinh-nghiem/2078121.html","Thứ 2 - Thứ 6 (từ 08:00 đến 17:30)
Thứ 7 (từ 08:00 đến 12:00)"
1,"Thực Tập Sinh Công Nghệ Thông Tin","Công ty Cổ phần đầu tư phát triển công nghệ ứng dụng Toàn Cầu (Hyperlogy)","- Hà Nội: Geleximco A, Xã An Khánh (huyện Hoài Đức cũ)","https://www.topcv.vn/viec-lam/thuc-tap-sinh-cong-nghe-thong-tin/2138287.html","Thứ 2 - Thứ 6 (từ 08:00 đến 17:30)
Làm 2 thứ 7 cách tuần/tháng"
1,"Thực Tập Sinh Công Nghệ Thông Tin","Công ty Cổ phần đầu tư phát triển công nghệ ứng dụng Toàn Cầu (Hyperlogy)","- Hà Nội: Lê Đại Hành, Phường Hai Bà Trưng (quận Hai Bà Trưng cũ)","https://www.topcv.vn/viec-lam/thuc-tap-sinh-cong-nghe-thong-tin/2138287.html","Thứ 2 - Thứ 6 (từ 08:00 đến 17:30)
Làm 2 thứ 7 cách tuần/tháng"
1,"Nhân Viên Thiết Kế Chỉnh Sửa Ảnh Sản Phẩm","CÔNG TY TNHH DIỆP THẢO Y ĐƯỜNG","- Hà Nội: Lô 1D Trung Yên 11C, Phường Cầu Giấy (quận Cầu Giấy cũ)","https://www.topcv.vn/viec-lam/nhan-vien-thiet-ke-chinh-sua-anh-san-pham/2115334.html","Thứ 2 - Thứ 7 (từ 08:00 đến 17:00)"
1,"Monetization (IOS Apps)","Công ty Cổ Phần Đầu tư Công nghệ Trip","- Hà Nội: Phường Từ Liêm (quận Nam Từ Liêm cũ)","https://www.topcv.vn/viec-lam/monetization-ios-apps/1963289.html","Thứ 2 - Thứ 6 (từ 08:30 đến 18:00)
2 thứ 7 trong tháng: 8:30 - 17:00"
1,"Inside Sales (Hỗ Trợ Kỹ Thuật - Postsales)","CÔNG TY CỔ PHẦN CÔNG NGHỆ GIẢI PHÁP THI THIÊN","- Hồ Chí Minh: 47 Hồ Bá Kiện, Phường Hòa Hưng (Quận 10 cũ)","https://www.topcv.vn/viec-lam/inside-sales-ho-tro-ky-thuat-postsales/2096263.html","Thứ 2 - Thứ 6 (từ 08:00 đến 17:00)
Thứ 7 (từ 08:00 đến 12:00)"
1,"Phó Phòng - Phòng Công Nghệ","CÔNG TY TNHH MỘT THÀNH VIÊN DỊCH VỤ KHO VẬN VIETTEL","- Hà Nội: số 2 Ngõ 15 Duy Tân, Phường Cầu Giấy (quận Cầu Giấy cũ)","https://www.topcv.vn/viec-lam/pho-phong-phong-cong-nghe/2141047.html","Thứ 2 - Thứ 6 (từ 08:00 đến 17:30)
Làm việc 02 buổi sáng thứ 7/tháng: từ 08h00 - 12h00"
1,"Kỹ Sư Lập Trình PLC - Thiết Kế Điện","Công Ty TNHH Đạt Vĩnh Tiến","- Tây Ninh: Đường số 6, Cụm Công nghiệp Hoàng Gia, Xã Mỹ Hạnh (huyện Đức Hòa cũ)","https://www.topcv.vn/viec-lam/ky-su-lap-trinh-plc-thiet-ke-dien/2140533.html","Thứ 2 - Thứ 7 (từ 08:00 đến 17:00)"
1,"Nhân Viên IT","CÔNG TY CỔ PHẦN SAMTEN HILLS ĐÀ LẠT","- Lâm Đồng: Thôn Kambute, Xã Đơn Dương (huyện Đơn Dương cũ)","https://www.topcv.vn/viec-lam/nhan-vien-it/2062753.html","Thứ 2 - Thứ 7 (từ 08:00 đến 17:00)
Làm xoay ca 8 tiếng"
1,"Nhân Viên Thiết Kế","CÔNG TY TNHH DƯỢC HUNMED","- Hà Nội: Số 1, Liền kề 12, KĐT Xa La, Hà Đông, Phường Hà Đông (quận Hà Đông cũ)","https://www.topcv.vn/viec-lam/nhan-vien-thiet-ke/2134397.html","Thứ 2 - Thứ 7 (từ 08:00 đến 17:30)
Từ 08:00 - 17:30 (Từ Thứ Hai đến Thứ Sáu)
Từ 08:00 - 17:30 2 Thứ 7 trong tháng"
1,"Graphic Designer / Thiết Kế Sáng Tạo","CÔNG TY TNHH CARBON BILLIARDS","- Hà Nội: 47 Nguyễn Tuân, Thanh Xuân, Phường Thanh Xuân (quận Thanh Xuân cũ)
- Hà Nội: 14 ngõ 975 Tam Trinh, Phường Hoàng Mai (quận Hoàng Mai cũ)","https://www.topcv.vn/brand/carbonbilliards/tuyen-dung/graphic-designer-thiet-ke-sang-tao-j2140885.html","[""Địa điểm làm việc\n- 47 Nguyễn Tuân, Thanh Xuân, Hà Nội\n- Thời gian làm việc: 8:00 – 17h30 (Thứ 2 - Thứ 7)""]"
1,"Thực Tập Viên Graphic Designer","CÔNG TY TNHH ZANET","- Hải Phòng: Nguyễn Sơn Hà (Cụm CN Vĩnh Niệm), Phường An Biên (quận Lê Chân cũ)","https://www.topcv.vn/viec-lam/thuc-tap-vien-graphic-designer/2099057.html","Thứ 2 - Thứ 7 (từ 08:00 đến 17:30)
Thứ 2 - Thứ 7. Sáng từ 8h-12h, chiều từ 13h30 - 17h30"
1,"Thực Tập Sinh Thiết Kế Đồ Hoạ","CÔNG TY TNHH GIẢI PHÁP CÔNG NGHỆ ECO - SMART","- Hồ Chí Minh: 16/10 Quốc lộ 13 Khu phố Đông Nhì (Thuận An, Bình Dương), Phường Lái Thiêu (Thành phố Thuận An cũ)","https://www.topcv.vn/viec-lam/thuc-tap-sinh-thiet-ke-do-hoa/2124183.html","Thứ 2 - Thứ 6 (từ 08:00 đến 17:15)
Thứ 7 (từ 08:00 đến 12:00)
Nghỉ trưa 75 phút, Nghỉ 2 ngày thứ 7 trong tháng"
1,"Chuyên Viên AI Backend Engineer (LLM Applications / RAG / Chatbot)- Thu Nhập Cạnh Tranh Theo Năng Lực - 30-50 Triệu/Tháng","CÔNG TY TNHH GIẢI PHÁP TRÍ TUỆ SỐ","- Hồ Chí Minh: 09 Dân Tộc, Phường Tân Sơn Nhì (quận Tân Phú cũ)","https://www.topcv.vn/viec-lam/chuyen-vien-ai-backend-engineer-llm-applications-rag-chatbot-thu-nhap-canh-tranh-theo-nang-luc-30-50-trieu-thang/2132775.html","Thứ 2 - Thứ 6 (từ 08:00 đến 17:00)
Thứ 7 (từ 08:00 đến 12:00)"
1,"Nhân Viên Thiết Kế Tại Công Ty Thành Viên","Công ty Cổ phần One Capital Hospitality","- Hà Nội: Trương Định, Phường Bạch Mai (quận Hai Bà Trưng cũ)","https://www.topcv.vn/viec-lam/nhan-vien-thiet-ke-tai-cong-ty-thanh-vien/2152460.html","Thứ 2 - Thứ 7 (từ 08:00 đến 17:00)
Thời gian làm việc: 8h – 17h,"
1,"Chuyên Viên Vận Hành DC-DR","Ngân Hàng TMCP Việt Nam Thịnh Vượng (VPBank)","- Hà Nội: Phường Đống Đa (quận Đống Đa cũ)","https://www.topcv.vn/brand/vpbank/tuyen-dung/chuyen-vien-van-hanh-dc-dr-j2135565.html","[""Thứ 2 - Thứ 6 (từ 08:00 đến 17:30)\nThứ 7 (từ 08:00 đến 12:00)\ntừ thứ 2 – thứ 6 & 2 sáng thứ 7/tháng""]"
1,"Middle/ Senior .NET Developer (Web & Mobile)",CELLPHONES,"- Hồ Chí Minh: Phường Cầu Ông Lãnh (Quận 1 cũ)","https://www.topcv.vn/viec-lam/middle-senior-net-developer-web-mobile/1412112.html","Thứ 2 - Thứ 6 (từ 08:30 đến 17:30)
Thứ 7 làm việc online"
1,"Quản Lý Dự Án (Project Manager)","Công ty TNHH CÔNG NGHỆ VÀ TƯ VẤN DOANH NGHIỆP INNOCOM","- Hà Nội: Tòa nhà VTC Online, 18 Tam Trinh, Phường Tương Mai (quận Hai Bà Trưng, quận Hoàng Mai cũ)","https://www.topcv.vn/viec-lam/quan-ly-du-an-project-manager/2118941.html","Thứ 2 - Thứ 6 (từ 08:30 đến 18:00)
Thứ 7: từ 8h30 - 12h"
1,"Nhân Viên Quản Trị Hệ Thông Công Nghệ (IT)","CÔNG TY CỔ PHẦN VINA ELECTRIC","- Bắc Ninh: KCN Thuận Thành 3, Phường Trí Quả (Thị xã Thuận Thành cũ)","https://www.topcv.vn/viec-lam/nhan-vien-quan-tri-he-thong-cong-nghe-it/2120594.html","Thứ 2 - Thứ 7 (từ 08:00 đến 17:00)"
1,"Sales IT Outsourcing","Công ty cổ phần TechLead","- Hà Nội: Tầng 4 số 11 Nguyển Xiển Thanh Xuân, Phường Khương Đình (quận Thanh Xuân cũ)","https://www.topcv.vn/viec-lam/sales-it-outsourcing/1215869.html","Thứ 2 - Thứ 6 (từ 08:30 đến 18:00)
và thứ 7 cách tuần"
1,"Nhân Viên Kinh Doanh ( Thiết Bị CNTT Và Phần Mềm)_ Lương Cứng 10 - 20 Triệu/Tháng - Cầu Giấy, Hà Nội","CÔNG TY CỔ PHẦN THIẾT BỊ VÀ PHÁT TRIỂN CÔNG NGHỆ TRỌNG ĐIỂM","- Hà Nội: Tầng 7, tòa Zodiac, ngõ 19 Duy Tân, Cầu Giấy, Phường Cầu Giấy (quận Cầu Giấy cũ)","https://www.topcv.vn/viec-lam/nhan-vien-kinh-doanh-thiet-bi-cntt-va-phan-mem-luong-cung-10-20-trieu-thang-cau-giay-ha-noi/2045267.html","Thứ 2 - Thứ 6 (từ 08:00 đến 17:00)
Thứ 7 (từ 08:00 đến 12:00)"
1,"Nhân Viên Marketing Ai","CÔNG TY TNHH KANACARE VIỆT NAM","- Hà Nội: Khu đô thị Phú Lương, Phường Kiến Hưng (quận Hà Đông cũ)","https://www.topcv.vn/viec-lam/nhan-vien-marketing-ai/2121567.html","Thứ 2 - Thứ 6 (từ 08:00 đến 17:00)
Thứ 7 (từ 08:00 đến 12:00)"
1,"Nhân Viên Marketing Ai","CÔNG TY TNHH KANACARE VIỆT NAM","- Hồ Chí Minh: 22 Đường 2C, KDC Belleza (Quận 7), Phường Tân Mỹ (Quận 7 cũ)","https://www.topcv.vn/viec-lam/nhan-vien-marketing-ai/2121567.html","Thứ 2 - Thứ 6 (từ 08:00 đến 17:00)
Thứ 7 (từ 08:00 đến 12:00)"
1,"UA Creative Producer (Mobile App & Game)","CÔNG TY TNHH ADTIREX","- Hà Nội: G06 - L15 Khu An Qúy Villa - Dương Nội, Phường Hà Đông (quận Hà Đông cũ)","https://www.topcv.vn/viec-lam/ua-creative-producer-mobile-app-game/2141214.html","Thứ 2 - Thứ 7 (từ 08:30 đến 17:30)
•	Thứ 2 – Thứ 7 từ 08h30 – 17h30 (nghỉ trưa 1,5h)"
1,"Nhân Viên Tư Vấn Marketing Phần Mềm","CÔNG TY TNHH CÔNG NGHỆ PHẦN MỀM NASANI","- Hồ Chí Minh: Lầu 1 Tòa nhà Saigon ICT, Lô 46 Công viên phần mềm Quang Trung, Phường Trung Mỹ Tây (Quận 12 cũ)","https://www.topcv.vn/viec-lam/nhan-vien-tu-van-marketing-phan-mem/2104976.html","Thứ 2 - Thứ 6 (từ 08:00 đến 17:00)
Thứ 7 : Từ 8:00 - 12:00"
1,"PO/PM (AI Welding Robotics)","CÔNG TY TNHH CÔNG NGHỆ NHẬN THỨC MÁY HORUS AI","- Hà Nội: VOV Mễ Trì, Phường Đại Mỗ (quận Nam Từ Liêm cũ)","https://www.topcv.vn/viec-lam/po-pm-ai-welding-robotics/2127139.html","Thứ 2 - Thứ 6 (từ 08:00 đến 17:30)
Thứ 7 (từ 08:00 đến 12:00)
nghỉ trưa 1h30’"
1,"Nhân Viên Kinh Doanh - Thực Tập Sinh","CÔNG TY TNHH CÔNG NGHỆ PHẦN MỀM NASANI","- Hồ Chí Minh: Lầu 1 Tòa nhà Saigon ICT, Lô 46 Công viên phần mềm Quang Trung Thành phố Hồ Chí Minh, Việt Nam, Phường Trung Mỹ Tây (Quận 12 cũ)","https://www.topcv.vn/viec-lam/nhan-vien-kinh-doanh-thuc-tap-sinh/2147130.html","Thứ 2 - Thứ 7 (từ 08:00 đến 17:00)
Từ thứ 2 đến trưa thứ 7"
1,"NHÂN VIÊN THIẾT KẾ - Graphic Designer","CÔNG TY CP XUẤT NHẬP KHẨU BẮC GIANG","- Bắc Ninh: Nhà máy Giấy Xương Giang, Lo B8,9,11 KCN Song Khê, Nội Hoàng, Phường Tiền Phong (Thành phố Bắc Giang cũ)","https://www.topcv.vn/viec-lam/nhan-vien-thiet-ke-graphic-designer/1990147.html","Thứ 2 - Thứ 7 (từ 08:00 đến 17:00)
7h30-17h00"
1,"Nhân Viên Design","CÔNG TY TNHH VẬN TẢI VƯƠNG KHANG LINH","- Bắc Ninh: Khu đô thị chợ Cóc Tỉnh Bắc Ninh, Việt Nam, Phường Bắc Giang (Thành phố Bắc Giang cũ)","https://www.topcv.vn/viec-lam/nhan-vien-design/2075531.html","Thứ 2 - Thứ 7 (từ 08:00 đến 17:00)"
1,"Thực Tập Sinh Design","CÔNG TY TNHH THƯƠNG MẠI - XUẤT NHẬP KHẨU HLC GROUP","- Hà Nội: B06-L16 An Vượng, Dương Nội, Phường Hà Đông (quận Hà Đông cũ)","https://www.topcv.vn/viec-lam/thuc-tap-sinh-design/2109991.html","Thứ 2 - Thứ 7 (từ 08:00 đến 17:30)
Chiều thứ 7 làm remote"
1,"Chuyên Viên Data Integration Engineer","Công ty Cổ Phần Giải Pháp Quản Lý SSG","- Hà Nội: Phòng 401, tòa nhà Savina, Số 1 Đinh Lễ, Hoàn Kiếm, Phường Hoàn Kiếm (quận Hoàn Kiếm cũ)","https://www.topcv.vn/viec-lam/chuyen-vien-data-integration-engineer/2060720.html","Thứ 2 - Thứ 6 (từ 08:00 đến 17:30)
Sáng thứ 7 theo điều động của PM (nếu phát sinh công việc)"
1,"Nhân Viên Sale Giải Pháp Chuyển Đổi Số MasterPro","CÔNG TY CỔ PHẦN HOSCO VIỆT NAM","- Hà Nội: 73 Cầu Diễn, Phường Xuân Phương (quận Nam Từ Liêm cũ)","https://www.topcv.vn/viec-lam/nhan-vien-sale-giai-phap-chuyen-doi-so-masterpro/1985858.html","Thứ 2 đến sáng thứ 7 ( từ 8h-17h30, nghỉ trưa 1h30)"
1,"Nhân Viên Sale Giải Pháp Chuyển Đổi Số MasterPro","CÔNG TY CỔ PHẦN HOSCO VIỆT NAM","- Hồ Chí Minh: 57 Bàu Cát 6, Phường Tân Bình (quận Tân Bình cũ)","https://www.topcv.vn/viec-lam/nhan-vien-sale-giai-phap-chuyen-doi-so-masterpro/1985858.html","Thứ 2 đến sáng thứ 7 ( từ 8h-17h30, nghỉ trưa 1h30)"
1,"Nhân Viên Media - Designer Full Time (Nữ)","CÔNG TY TNHH CADMAN","- Hà Nội: 34-TT6 KĐT Văn Phú, Phường Kiến Hưng (quận Hà Đông cũ)","https://www.topcv.vn/viec-lam/nhan-vien-media-designer-full-time-nu/2140390.html","Thứ 2 - Thứ 7 (từ 08:00 đến 17:00)"
1,"Nhân Viên Graphic Designer","Công ty TNHH Đầu tư Thương mại Dịch vụ Như Hoa","- Hà Nội: Số 24 phố Trung Hòa, phường Trung Hòa, Phường Cầu Giấy (quận Cầu Giấy cũ)","https://www.topcv.vn/viec-lam/nhan-vien-graphic-designer/2016152.html","Thứ 2 - Thứ 7 (từ 08:00 đến 17:00)"
1,"Nhân Viên Tư Vấn Website Marketing","CÔNG TY TNHH THƯƠNG MẠI DỊCH VỤ ANHI SOLUTION","- Hồ Chí Minh: Số 12 Đường Số 8, KDC City Land, Phường Gò Vấp (quận Gò Vấp cũ)","https://www.topcv.vn/viec-lam/nhan-vien-tu-van-website-marketing/1955410.html","Thứ 2 Đến Thứ 6 : Từ 8h00 đến 17h00
Thứ 7 : Từ 8h00 đến 12h00"
1,"Nhân Viên IT An Toàn Và Bảo Mật","CÔNG TY TNHH GIẢI PHÁP SỐ G2 VIỆT NAM","- Hải Phòng: Khu Công Nghiệp Tân Liên, Việt Tiến, Vĩnh Bảo, Xã Vĩnh Bảo (huyện Vĩnh Bảo cũ)","https://www.topcv.vn/viec-lam/nhan-vien-it-an-toan-va-bao-mat/2002852.html","Thứ 2 - Thứ 7 (từ 08:00 đến 17:30)"
1,"Trưởng Phòng Công Nghệ Thông Tin","Công ty cổ phần Bệnh viện Thuận Mỹ ITO Đồng Nai","- Đồng Nai: F99 đường Võ Thị Sáu, Phường Trấn Biên (Thành phố Biên Hòa cũ)","https://www.topcv.vn/viec-lam/truong-phong-cong-nghe-thong-tin/2146826.html","Thứ 2 - Thứ 7 (từ 07:00 đến 16:30)"
1,"Chuyên Viên Quản Trị Mạng/ IT Helpdesk","CÔNG TY CỔ PHẦN TẬP ĐOÀN MEDIPHA","- Thanh Hóa: 104-106 Trung Sơn, Bút Sơn, Xã Hoằng Hóa (huyện Hoằng Hóa cũ)","https://www.topcv.vn/viec-lam/chuyen-vien-quan-tri-mang-it-helpdesk/1944491.html","Thứ 2 - Thứ 7 (từ 07:00 đến 17:00)"
1,"Nhân Viên Thiết Kế Đồ Họa (Graphic Design) - Thu Nhập Upto 15 Triệu - Sàn TMĐT Singapore","ULTIMATE SUP","- Hà Nội: 172 Nguyễn Tuân, Phường Thanh Xuân (quận Thanh Xuân cũ)","https://www.topcv.vn/viec-lam/nhan-vien-thiet-ke-do-hoa-graphic-design-thu-nhap-upto-15-trieu-san-tmdt-singapore/2068919.html","Thứ 2 - Thứ 6 (từ 09:00 đến 18:00)
Thứ 7 (từ 08:00 đến 12:00)
Làm tại văn phòng từ thứ 2 tới thứ 6. Làm việc tại nhà sáng thứ 7."
1,"Nhân Viên Thiết Kế (Graphic Design)","CÔNG TY TNHH XUẤT NHẬP KHẨU RUTOP VIỆT NAM","- Hà Nội: 47 Phan Đình Phùng, Phường Ba Đình (quận Ba Đình cũ)","https://www.topcv.vn/viec-lam/nhan-vien-thiet-ke-graphic-design/2142163.html","Từ 8h30 – 17h30 từ Thứ 2 đến hết Thứ 6
Thứ 7 làm đến 12h00"
1,"Nhân Viên Thiết Kế Đồ Họa - Graphic Design","CÔNG TY TNHH RFC GROUP","- Hà Nội: 302 Nguyễn Trãi, Phường Thanh Xuân (quận Thanh Xuân cũ)","https://www.topcv.vn/viec-lam/nhan-vien-thiet-ke-do-hoa-graphic-design/1620311.html","Thứ 2 - Thứ 7 (từ 09:00 đến 18:00)
Nhân sự làm việc 02 ngày thứ Bảy trong tháng, theo lịch do Công ty sắp xếp"
1,"Nhân Viên Tư Vấn Triển Khai Phần Mềm","CÔNG TY TNHH CÔNG NGHỆ PHẦN MỀM NASANI","- Hồ Chí Minh: Lầu 1 Tòa nhà Saigon ICT, Lô 46 Công viên phần mềm Quang Trung, Phường Trung Mỹ Tây (Quận 12 cũ)","https://www.topcv.vn/viec-lam/nhan-vien-tu-van-trien-khai-phan-mem/2136405.html","Thứ 2 - Thứ 6 (từ 08:00 đến 17:00)
Thứ 2 - Thứ 6 (từ 08:00 đến 17:00)
Thứ 7 : Twd 8:00 - 12:00"
1,"Kỹ Thuật Viên Lập Trình Và Vận Hành CNC","Công ty TNHH Hóa Nhựa Quốc Tế","- Hồ Chí Minh: PNC Factory, DH409, Phường Vĩnh Tân (huyện Bắc Tân Uyên, Thành phố Tân Uyên cũ)","https://www.topcv.vn/viec-lam/ky-thuat-vien-lap-trinh-va-van-hanh-cnc/2124203.html","Thứ 2 - Thứ 7 (từ 08:00 đến 17:00)"
1,"Trưởng Nhóm Media (Visual) - 13-15 Tháng TN","MASUTO VIỆT NAM","- Hà Nội: Lê Trọng Tấn, Phường Phương Liệt (quận Thanh Xuân cũ)","https://www.topcv.vn/viec-lam/truong-nhom-media-visual-13-15-thang-tn/2008671.html","Thứ 2 - Thứ 6 (từ 08:30 đến 17:30)
Thứ 7 (từ 08:00 đến 12:00)"
1,"Quản Lý IT (Hệ Thống Mạng)","Công ty TNHH Bảo dưỡng Công nghệ Toàn cầu VN","- Hồ Chí Minh: 51 đường số 9, KDC Him Lam, Phường Tân Hưng (Quận 7 cũ)","https://www.topcv.vn/viec-lam/quan-ly-it-he-thong-mang/2082266.html","Thứ 2 - Thứ 7 (từ 08:00 đến 17:00)"
1,"Nhân Viên Sale Giải Pháp Chuyển Đổi Số MasterPro","CÔNG TY CỔ PHẦN HOSCO VIỆT NAM","- Hà Nội: 73 Cầu Diễn, Phường Xuân Phương (quận Nam Từ Liêm cũ)","https://www.topcv.vn/viec-lam/nhan-vien-sale-giai-phap-chuyen-doi-so-masterpro/1851906.html","Thứ 2 đến sáng thứ 7 ( từ 8h-17h30, nghỉ trưa 1h30)"
1,"Nhân Viên Sale Giải Pháp Chuyển Đổi Số MasterPro","CÔNG TY CỔ PHẦN HOSCO VIỆT NAM","- Hồ Chí Minh: 57 Bàu Cát 6, Phường Tân Bình (quận Tân Bình cũ)","https://www.topcv.vn/viec-lam/nhan-vien-sale-giai-phap-chuyen-doi-so-masterpro/1851906.html","Thứ 2 đến sáng thứ 7 ( từ 8h-17h30, nghỉ trưa 1h30)"
1,"Nhân Viên Thiết Kế Đồ Họa","Công ty Cổ Phần Cúc Phương","- Hà Nội: Tổ 15 Quận Hà Đông cũ, Phường Kiến Hưng (quận Hà Đông cũ)","https://www.topcv.vn/viec-lam/nhan-vien-thiet-ke-do-hoa/2150949.html","Thứ 2 - Thứ 7 (từ 08:00 đến 17:00)
Riêng Thứ 7, CBNV đảm bảo làm đủ tối thiểu 02 ngày/tháng"
1,"Nhân Viên Kinh Doanh Phần Mềm (Thu Nhập 15-30Tr/Tháng - Không Yêu Cầu Kinh Nghiệm)","CÔNG TY CỔ PHẦN ĐẦU TƯ CÔNG NGHỆ VÀ THƯƠNG MẠI SOFTDREAMS","- Hồ Chí Minh: H54 Đường Huỳnh Tấn Chùa, Phường Đông Hưng Thuận (Quận 12 cũ)
- Hồ Chí Minh: Tầng 2, Toà nhà Becamex Tower - 230 Đại Lộ Bình Dương, Phường Phú Lợi (Thành phố Thủ Dầu Một cũ)
- Hà Nội: Tầng 3 CT5 AB Văn Khê, Phường Hà Đông (quận Hà Đông cũ)
- Nghệ An: Số 16A đường Lê Hoàn, Phường Trường Vinh (Thành phố Vinh cũ)
- Nghệ An: Xã Diễn Châu (huyện Diễn Châu cũ)
- Nghệ An: Xã Yên Thành (huyện Yên Thành cũ)
- Nghệ An: Xã Đô Lương (huyện Đô Lương cũ)
- Nghệ An: Xã Tân Kỳ (huyện Tân Kỳ cũ)
- Nghệ An: Xã Nam Đàn (huyện Nam Đàn cũ)
- Nghệ An: Phường Thái Hòa (Thị xã Thái Hoà cũ)
- Hà Tĩnh: Số 02, đường Vũ Quang, Phường Thành Sen (Thành phố Hà Tĩnh cũ)
- Thanh Hóa: Tầng 2, số nhà 52 Lạc Long Quân, Đông Vệ, Thanh Hoá, Phường Hạc Thành (Thành phố Thanh Hóa cũ)
- Quảng Ninh: Tầng 1, Tòa nhà QIG tại Km 5, Phường Hạ Long (Thành phố Hạ Long cũ)
- Thái Nguyên: Tầng 1, 318 Quang Trung, Tân Thịnh, Phường Phan Đình Phùng (Thành phố Thái Nguyên cũ)
- Bắc Ninh: Tầng 4, toà nhà Dương Tuấn, đường Lê Thái Tổ, Phường Võ Cường (Thành phố Bắc Ninh cũ)
- Khánh Hòa: Tầng 4 tại Toà nhà VCN BUILDING thuộc Khu đô thị Vĩnh Điềm Trung Tỉnh Khánh Hoà., Phường Tây Nha Trang (Thành phố Nha Trang cũ)
- Khánh Hòa: Phường Phan Rang (Thành phố Phan Rang-Tháp Chàm cũ)
- Đồng Tháp: 61 Nguyễn Thị Thập, Tp Mỹ Tho, Tiền Giang., Phường Mỹ Tho (Thành phố Mỹ Tho cũ)
- Lâm Đồng: Số 29, Gio An, Phường Cam Ly - Đà Lạt (Thành phố Đà Lạt cũ)
- Đồng Nai: Tầng 2, Tòa nhà Nguyễn Kim, 253 Phạm Văn Thuận, Phường Tam Hiệp (Thành phố Biên Hòa cũ)
- An Giang: Phường Vĩnh Quang, Thành phố Rạch Giá, tỉnh Kiên Giang., Phường Rạch Giá (Thành phố Rạch Giá cũ)
- Cà Mau: Phường Bạc Liêu (Thành phố Bạc Liêu cũ)
- Hải Phòng: Phòng 2, Tầng 2, Toà nhà Bạch Đằng, 268 Trần Nguyên Hãn Thành phố Hải Phòng, Việt Nam, Phường An Biên (quận Lê Chân cũ)
- Hải Phòng: Số 168 đường Hoàng Quốc Việt, phường Thanh Trung, Tp. Hải Dương, Phường Hải Dương (Thành phố Hải Dương cũ)
- Phú Thọ: Tầng 2, TTTM Happy Land, số 1606A đường Hùng Vương Tỉnh Phú Thọ, Việt Nam, Phường Việt Trì (Thành phố Việt Trì cũ)
- Hưng Yên: Tầng 1 Chung cư 379, số 111 phường Trần Hưng Đạo, Phường Thái Bình (Thành phố Thái Bình, huyện Vũ Thư cũ)
- Hưng Yên: Phường Phố Hiến (Thành phố Hưng Yên cũ)
- Ninh Bình: Tầng 3, 206 Đỗ Mạnh Đạo, Thành phố Nam Định., Phường Nam Định (Thành phố Nam Định cũ)
- Ninh Bình: Tổ 6 - Phường Phù Vân – TP. Phủ Lý – Tỉnh Hà Nam, Phường Hà Nam (Thành phố Phủ Lý cũ)
- Tây Ninh: 25 Võ Văn Môn, TP.Tân An, Phường Long An (Thành phố Tân An cũ)
...và
27 địa điểm khác
Thu gọn","https://www.topcv.vn/brand/softdreams/tuyen-dung/nhan-vien-kinh-doanh-phan-mem-thu-nhap-15-30tr-thang-khong-yeu-cau-kinh-nghiem-j2075642.html","[""Thứ 2 - Thứ 6 (từ 08:00 đến 17:30)\nThứ 7 cách tuần""]"
1,"Nhân Viên Kinh Doanh/ Tư Vấn Phần Mềm Safebooks","CÔNG TY CỔ PHẦN GIẢI PHÁP CÔNG NGHỆ ARITO","- Hồ Chí Minh: 597M-597N , Tên Lửa, Phường An Lạc (quận Bình Tân cũ)","https://www.topcv.vn/viec-lam/nhan-vien-kinh-doanh-tu-van-phan-mem-safebooks/2151076.html","Thứ 2 - Thứ 6 (từ 08:00 đến 17:00)
Thứ 2 - Thứ 6 (từ 08:00 đến 11:30)
Làm việc: Thứ Hai - Thứ Sáu (08:00 - 17:00), Thứ Bảy (08:00 - 11:30) - 03 ngày thứ Bảy trong tháng."
1,"Nhân Viên Thiết Kế (Tiếng Trung)","CÔNG TY TNHH LOVE MAXX","- Hà Nội: 447 Lạc Long Quân, Phường Tây Hồ (quận Tây Hồ cũ)","https://www.topcv.vn/viec-lam/nhan-vien-thiet-ke-tieng-trung/1979552.html","Thứ 2 - Thứ 6 (từ 08:30 đến 17:30)
Từ Thứ 2 đến Thứ 6 và Xen kẽ các thứ 7 trong tháng."
1,"Backend Developer ( .NET)","CÔNG TY CỔ PHẦN YOOTEK HOLDINGS","- Hà Nội: Tầng 2, Tòa N09-B2 KĐT Dịch Vọng, Phường Cầu Giấy (quận Cầu Giấy cũ)","https://www.topcv.vn/viec-lam/backend-developer-net/2122281.html","Thứ 2 - Thứ 6 (từ 08:00 đến 17:30)
Sáng Thứ 7"
1,"Nhân Viên Data","CÔNG TY TNHH THƯƠNG MẠI VÀ VẬN TẢI PHƯƠNG ANH","- Hải Phòng: KCN Lai Cách, Phường Việt Hòa (huyện Cẩm Giàng, Thành phố Hải Dương cũ)","https://www.topcv.vn/viec-lam/nhan-vien-data/1802800.html","Thứ 2 - Thứ 7 (từ 08:00 đến 17:00)"
1,"Nhân Viên Phát Triển Sản Phẩm (Product Executive)","CÔNG TY CỔ PHẦN DƯỢC PHẨM FPT LONG CHÂU","- Hồ Chí Minh: 67 Hoàng Văn Thái, Phường Tân Mỹ (Quận 7 cũ)","https://www.topcv.vn/viec-lam/nhan-vien-phat-trien-san-pham-product-executive/2069447.html","Thứ 2 - Thứ 6 (từ 08:30 đến 18:00)
Thứ 7 (từ 08:30 đến 12:00)
Xoay ca linh hoạt"
1,"Nhân Viên Kinh Doanh (Chữ Ký Số, Phần Mềm Hoá Đơn - Data Có Sẵn) – Thu Nhập Tới 25 Triệu","CÔNG TY CỔ PHẦN ICORP","- Hà Nội: Tòa nhà SANNAM, ngõ 78 Duy Tân, Phường Cầu Giấy (quận Cầu Giấy cũ)","https://www.topcv.vn/viec-lam/nhan-vien-kinh-doanh-chu-ky-so-phan-mem-hoa-don-data-co-san-thu-nhap-toi-25-trieu/2131020.html","Thứ 2 - Thứ 6 (từ 08:00 đến 17:30)
Thứ 7 (từ 08:00 đến 12:00)"
1,"Nhân Viên Thiết Kế","CÔNG TY CỔ PHẦN DVMOTOR VIỆT NAM","- Hà Nội: 54 Mỹ Đình, Phường Từ Liêm (quận Nam Từ Liêm cũ)","https://www.topcv.vn/viec-lam/nhan-vien-thiet-ke/1987413.html","Thứ 2 - Thứ 7 (từ 08:00 đến 17:30)"
1,"NestJS Developer","CÔNG TY CỔ PHẦN TINASOFT VIỆT NAM","- Hà Nội: 110 Trần Phú Hà Đông, Phường Hà Đông (quận Hà Đông cũ)","https://www.topcv.vn/viec-lam/nestjs-developer/2118185.html","Thứ 2 - Thứ 6 (từ 08:30 đến 18:00)
Thứ 7 làm các tuần lẻ"
1,"Graphic Designer","CÔNG TY CỔ PHẦN PCM","- Hồ Chí Minh: Wiyo Complex, 46-90 đường N3C, The Global City, Phường Bình Trưng (Thành phố Thủ Đức cũ)","https://www.topcv.vn/viec-lam/graphic-designer/2141213.html","Thứ 2 - Thứ 6 (từ 08:30 đến 17:30)
Thời gian làm việc 44h/tuần. Thứ 7 làm việc cách tuần"
1,"Nhân Viên Kinh Doanh","CÔNG TY CỔ PHẦN ĐẦU TƯ KỸ THUẬT THƯƠNG MẠI NAM TRUNG","- Hồ Chí Minh: 268/34A Nguyễn Thái Bình, Phường Bảy Hiền (quận Tân Bình cũ)","https://www.topcv.vn/viec-lam/nhan-vien-kinh-doanh/2139151.html","Thứ 2 - Thứ 6 (từ 08:00 đến 17:00)
Thứ 7: 8h-12h"
1,"Nhân Viên Media (Designer & Video Editor) - Lương 12 - 25 Triệu Tại Nghĩa Đô - Hà Nội","CÔNG TY CỔ PHẦN THỰC PHẨM AN BIÊN","- Hà Nội: Phường Nghĩa Đô (quận Bắc Từ Liêm, quận Cầu Giấy cũ)","https://www.topcv.vn/viec-lam/nhan-vien-media-designer-video-editor-luong-12-25-trieu-tai-nghia-do-ha-noi/2136590.html","Thứ 2 - Thứ 6: 8:30 AM - 5:30 PM
● Thứ 7 làm cách tuần: 8:30 AM - 4:00 PM
● Nghỉ trưa từ 12:00 PM - 1:00 PM
● Công chuẩn: 24 công/tháng"
1,"Quản Lý Dự Án IT (IT Project Manager)","Viện nghiên cứu và phát triển Sản phẩm thiên nhiên","- Hà Nội: 12 Phùng Khoang 2, Trung Văn, Phường Tây Mỗ (quận Nam Từ Liêm cũ)","https://www.topcv.vn/viec-lam/quan-ly-du-an-it-it-project-manager/2001754.html","Thứ 2 - Thứ 6 (từ 08:00 đến 17:00)
Thứ 7 (từ 08:00 đến 12:00)"
1,"Nhân Viên Kỹ Thuật Lắp Đặt Camera - Mạng Tại Hồ Chí Minh","CÔNG TY TNHH CÔNG NGHỆ THÔNG TIN TRƯỜNG THỊNH","- Hồ Chí Minh: 14 Trịnh Lỗi, Phường Phú Thọ Hòa (quận Tân Phú cũ)","https://www.topcv.vn/viec-lam/nhan-vien-ky-thuat-lap-dat-camera-mang-tai-ho-chi-minh/2128310.html","Thứ 2 - Thứ 7 (từ 08:00 đến 17:30)
Nghỉ trưa 1,5 tiếng"
1,"Graphic Designer","CÔNG TY TNHH THE SENTRY","- Hồ Chí Minh: 15 Lê Thánh Tôn, Phường Sài Gòn (Quận 1 cũ)","https://www.topcv.vn/viec-lam/graphic-designer/2132494.html","Thứ 2 - Thứ 6 (từ 08:00 đến 17:00)
Thứ 7 (từ 08:00 đến 12:00)"
1,"Nhân Viên Tư Vấn Phần Mềm Marketing","CÔNG TY TNHH CÔNG NGHỆ PHẦN MỀM NASANI","- Hồ Chí Minh: Lầu 1 Tòa nhà Saigon ICT, Lô 46 Công viên phần mềm Quang Trung, Phường Trung Mỹ Tây (Quận 12 cũ)","https://www.topcv.vn/viec-lam/nhan-vien-tu-van-phan-mem-marketing/1989793.html","Thứ 2 - Thứ 6 (từ 08:00 đến 17:00)
Thứ 7 làm buổi sáng"
1,"Lập Trình Viên .Net - Upto20tr - Hoàng Mai, Hà Nội","CÔNG TY TNHH HÓA ĐƠN ĐIỆN TỬ M-INVOICE","- Hà Nội: số 12+14, ngõ 269/1 đường giáp bát, Phường Hoàng Mai (quận Hoàng Mai cũ)","https://www.topcv.vn/viec-lam/lap-trinh-vien-net-upto20tr-hoang-mai-ha-noi/2130855.html","Thứ 2 - Thứ 6 (từ 08:00 đến 17:00)
Thứ 7 (từ 08:00 đến 12:00)"
1,"Nhân Viên Thiết Kế/Designer/Editor","CÔNG TY TNHH DUDU VIỆT NAM","- Hồ Chí Minh: số 4 đường 61, Phường Tân Hưng (Quận 7 cũ)","https://www.topcv.vn/viec-lam/nhan-vien-thiet-ke-designer-editor/2140846.html","Thứ 2 - Thứ 7 (từ 09:00 đến 18:00)"
1,"Graphic Designer","CÔNG TY TNHH KIM LÂM ENJOY MART","- Hà Nội: 35 Trần Kim Xuyến, Phường Cầu Giấy (quận Cầu Giấy cũ)","https://www.topcv.vn/viec-lam/graphic-designer/2119919.html","Thứ 2 - Thứ 6 (từ 08:30 đến 17:30)
Thời gian làm việc: từ thứ 2- thứ 6+ 2 thứ 7/ tháng"
1,"Senior Tester","CÔNG TY CỔ PHẦN BUCA","- Hà Nội: Tầng 4, tòa nhà Hoa Anh Đào, ngõ 33 Lưu Hữu Phước, Từ Liêm, Phường Từ Liêm (quận Nam Từ Liêm cũ)","https://www.topcv.vn/viec-lam/senior-tester/1960943.html","Thứ 2 - Thứ 6 (từ 08:00 đến 17:00)
Thứ 7 (từ 08:00 đến 17:00)
Thứ 2 - thứ 6 và 2 ngày thứ 7 của tháng"
1,"Trưởng Phòng Kinh Doanh","CLS VIỆT NAM - CÔNG TY TNHH DỊCH VỤ QUẢN LÝ HỆ THỐNG HỌC TẬP","- Hồ Chí Minh: Số 7 Đông Sơn, Phường Tân Sơn Nhất (quận Tân Bình cũ)","https://www.topcv.vn/viec-lam/truong-phong-kinh-doanh/2138046.html","Thứ 2 - Thứ 6 (từ 08:00 đến 11:45)
Thứ 2 - Thứ 6 (từ 13:15 đến 17:30)
Thứ 7 (từ 08:00 đến 11:45)
Làm việc 2 buổi sáng trong tháng."
1,"Trưởng Phòng Kinh Doanh","CLS VIỆT NAM - CÔNG TY TNHH DỊCH VỤ QUẢN LÝ HỆ THỐNG HỌC TẬP","- Hà Nội: Tầng 13 khối A, tòa nhà Sông Đà, Phường Từ Liêm (quận Nam Từ Liêm cũ)","https://www.topcv.vn/viec-lam/truong-phong-kinh-doanh/2138046.html","Thứ 2 - Thứ 6 (từ 08:00 đến 11:45)
Thứ 2 - Thứ 6 (từ 13:15 đến 17:30)
Thứ 7 (từ 08:00 đến 11:45)
Làm việc 2 buổi sáng trong tháng."
1,"Nhân Viên Graphic Design","CÔNG TY CỔ PHẦN ĐẦU TƯ PNC GROUP","- Hà Nội: TM01-25 Khu đô thị mới Vinhomes West Point, đường Đỗ Đức Dục, Phường Từ Liêm (quận Nam Từ Liêm cũ)","https://www.topcv.vn/viec-lam/nhan-vien-graphic-design/2152889.html","Thứ 2 - Thứ 6 (từ 08:30 đến 17:30)
Thứ 2 - Thứ 6, Thứ 7 tuần 1 & tuần 3 work from home"
1,"Nhân Viên Thiết Kế 2D","Công ty TNHH KOHRO","- Hồ Chí Minh: Đường số 2, Khu phố 1, Phường An Khánh (Thành phố Thủ Đức cũ)","https://www.topcv.vn/viec-lam/nhan-vien-thiet-ke-2d/2134086.html","Thứ 2 - Thứ 7 (từ 08:00 đến 16:30)"
1,"Nhân Viên Tư Vấn Phần Mềm","Công ty Cổ phần Công nghệ Sapo - VP Thanh Hóa","- Thanh Hóa: 68 Hà Huy Tập, Phường Đông Quang (Thành phố Thanh Hóa cũ)","https://www.topcv.vn/viec-lam/nhan-vien-tu-van-phan-mem/1459474.html","Thứ 2 - Thứ 6 (từ 08:00 đến 17:00)
Thứ 7 (từ 08:00 đến 12:00)"
1,"Nhân Viên Thiết Kế","CÔNG TY TNHH TRUYỀN THÔNG BEE","- Hồ Chí Minh: 343/24 Sư Van hạnh, Phường Hòa Hưng (Quận 10 cũ)","https://www.topcv.vn/viec-lam/nhan-vien-thiet-ke/2145845.html","Thứ 2 - Thứ 6 (từ 08:30 đến 18:00)
Thứ 7 tuần làm tuần OFF"
1,"Chuyên Viên An Toàn Thông Tin","CÔNG TY CỔ PHẦN VIỄN THÔNG ACT","- Hồ Chí Minh: 2R - 2R1 Bình Giã, Phường Tân Bình (quận Tân Bình cũ)","https://www.topcv.vn/viec-lam/chuyen-vien-an-toan-thong-tin/2142841.html","Thứ 2 - Thứ 6 (từ 08:00 đến 17:00)
Thứ 7 (từ 08:00 đến 12:00)"
1,"Nhân Viên Lập Trình Và Vận Hành Máy Phay Tiện CNC","CÔNG TY TNHH ĐẦU TƯ VÀ PHÁT TRIỂN TMD VIỆT NAM","- Hà Nội: Số 25 ngõ 2 đường Cao Trung 1, Xã Hoài Đức (huyện Hoài Đức cũ)","https://www.topcv.vn/viec-lam/nhan-vien-lap-trinh-va-van-hanh-may-phay-tien-cnc/2114880.html","Thứ 2 - Thứ 7 (từ 08:00 đến 17:00)
Nghỉ 2 thứ 7 trong tháng"
1,"Chuyên Viên Tư Vấn Giải Pháp (Technical Presales)","CÔNG TY TNHH HOTX HOLDING GROUP","- Hà Nội: Ngõ 82, Duy Tân, Cầu Giấy, Phường Cầu Giấy (quận Cầu Giấy cũ)","https://www.topcv.vn/viec-lam/chuyen-vien-tu-van-giai-phap-technical-presales/2105366.html","Thứ 2 - Thứ 7 ()
Ca Sáng: 8h30 - 12h00 | Ca Chiều: 13h00 - 17h30 | Trưa nghỉ ngơi 1 (tiếng)"
1,"Nhân Viên Tư Vấn (Telesale)/ Kinh Doanh","CÔNG TY CỔ PHẦN MẠNG Y TẾ CỘNG ĐỒNG","- Hà Nội: Tòa nhà số 676 phố Hoàng Hoa Thám, Phường Tây Hồ (quận Tây Hồ cũ)","https://www.topcv.vn/viec-lam/nhan-vien-tu-van-telesale-kinh-doanh/2095678.html","Thứ 2 - Thứ 7 (từ 08:00 đến 17:30)
Từ thứ hai đến hết sáng thứ 7 : 8h-12h & 13h30-17h30"
1,"Chuyên Viên Kinh Doanh Phần Mềm","Công ty Cổ phần VietISO","- Hà Nội: Tầng 18 tòa VTC Online, 18 Tam Trinh, Tương Mai, Phường Tương Mai (quận Hai Bà Trưng, quận Hoàng Mai cũ)","https://www.topcv.vn/viec-lam/chuyen-vien-kinh-doanh-phan-mem/2065441.html","Thứ 2 - Thứ 6 (từ 08:00 đến 17:30)
Thứ 7 (từ 08:00 đến 12:00)"
1,"Chuyên Viên IT & Đào Tạo","CÔNG TY CỔ PHẦN SƠN MT","- Hà Nội: Số 9, ngách 28/76, ngõ 28 đường Xuân La. P. Xuân La, Q. Tây Hồ, Phường Tây Hồ (quận Tây Hồ cũ)","https://www.topcv.vn/viec-lam/chuyen-vien-it-dao-tao/2017150.html","Thứ 2 - Thứ 7 (từ 08:00 đến 17:30)"
1,"Chuyên Viên Thiết Kế","Công ty Cổ phần Thực phẩm Hùng Hậu","- Hồ Chí Minh: 642 Âu Cơ, Phường Bảy Hiền (quận Tân Bình cũ)","https://www.topcv.vn/viec-lam/chuyen-vien-thiet-ke/1731444.html","Thứ 2 - Thứ 6 (từ 08:00 đến 17:00)
Thứ 2 đến thứ 6. Sáng thứ 7 khi phát sinh"
1,"Nhân Viên IT Project Manager","CÔNG TY CỔ PHẦN ĐỒNG TIẾN","- Đồng Nai: Số 247, Đường 12, KCN Amata,, Phường Long Bình (Thành phố Biên Hòa cũ)","https://www.topcv.vn/viec-lam/nhan-vien-it-project-manager/2149991.html","Thứ 2 - Thứ 7 (từ 07:30 đến 16:30)"
1,"Chuyên Viên Marketing Design","CÔNG TY CỔ PHẦN SAVISTA","- Hồ Chí Minh: Phường Phú Nhuận (quận Phú Nhuận cũ)","https://www.topcv.vn/viec-lam/chuyen-vien-marketing-design/2136265.html","Thứ 2 đến sáng Thứ 7 (08h00 - 17h00)"
1,"Nhân Viên Thiết Kế (Tuyển Nam) Từ 2 Năm Kinh Nghiệm Trở Lên","CÔNG TY CỔ PHẦN ALPHA INNOVATION","- Hà Nội: BT1-12 Khu nhà ở cho CBCS Cục B42, B57 - Tổng cục V - Bộ Công an, Phường Thanh Liệt (huyện Thanh Trì cũ)","https://www.topcv.vn/viec-lam/nhan-vien-thiet-ke-tuyen-nam-tu-2-nam-kinh-nghiem-tro-len/2145796.html","Thứ 2 - Thứ 7 (từ 08:00 đến 17:00)
Thứ 7 nghỉ cách tuần"
1,"Thực Tập Sinh Lập Trình GIS","CÔNG TY CỔ PHẦN LIFETEX","- Hà Nội: HH2 Bắc Hà, 15 Tố Hữu, Phường Thanh Xuân (quận Thanh Xuân cũ)","https://www.topcv.vn/viec-lam/thuc-tap-sinh-lap-trinh-gis/1839014.html","Thứ 2 - Thứ 6 (từ 08:00 đến 17:00)
Thứ 7 (từ 08:00 đến 12:00)"
1,"Chuyên Viên Thiết Kế 2D - Bất Động Sản","CÔNG TY CỔ PHẦN TẬP ĐOÀN HẢI PHÁT LAND","- Hà Nội: Tòa nhà The Pride, Phường Hà Đông (quận Hà Đông cũ)","https://www.topcv.vn/viec-lam/chuyen-vien-thiet-ke-2d-bat-dong-san/2116749.html","Thứ 2 - Thứ 7 (từ 08:00 đến 17:00)
Từ thứ 2 đến hết sáng Thứ 7"
1,"Nhân Viên Kinh Doanh Phần Mềm Marketing","CÔNG TY TNHH CÔNG NGHỆ PHẦN MỀM NASANI","- Hồ Chí Minh: Lầu 1 Tòa nhà Saigon ICT, Lô 46 Công viên phần mềm Quang Trung, Phường Trung Mỹ Tây (Quận 12 cũ)","https://www.topcv.vn/viec-lam/nhan-vien-kinh-doanh-phan-mem-marketing/2004143.html","Thứ 2 - Thứ 6 (từ 08:00 đến 17:00)
Thứ 7 làm buổi sáng"
1,"Nhân Viên Chế Bản / Prepress Executive","CÔNG TY TNHH JANG TRIM","- Hồ Chí Minh: 66/13 Khu phố Tây, Vĩnh Phú 35, Phường Lái Thiêu (Thành phố Thuận An cũ)","https://www.topcv.vn/viec-lam/nhan-vien-che-ban-prepress-executive/1980922.html","Thứ 2 - Thứ 7 (từ 07:30 đến 16:30)"
1,"Chuyên Viên Thiết Kế Đồ Họa Xây Dựng & Nội Thất","CÔNG TY TNHH LATA HOLDINGS","- Hà Nội: Số 29, Central Street Sunrise A, Phường Đại Kim, Phường Hoàng Mai (quận Hoàng Mai cũ)","https://www.topcv.vn/viec-lam/chuyen-vien-thiet-ke-do-hoa-xay-dung-noi-that/1996259.html","Thứ 2 - Thứ 6 (từ 08:00 đến 17:30)
Thứ 2 - Thứ 6 (từ 08:00 đến 17:00), Thứ 7 : 08:00 - 12:00"
1,"Python Developer (Lập Trình Viên Python)","Công ty Cổ phần Xây dựng và Lắp đặt Viễn thông","- Hà Nội: Số 26, Ngõ 371, Phố Kim Mã, Phường Giảng Võ (quận Ba Đình cũ)","https://www.topcv.vn/viec-lam/python-developer-lap-trinh-vien-python/2119252.html","Thứ 2 - Thứ 7 (từ 08:00 đến 17:00)
(Thứ 7 nếu không có việc cần lên vp thì CBNV được nghỉ)"
1,"Senior Creative Designer","CÔNG TY CỔ PHẦN TẬP ĐOÀN SENGROUP","- Hồ Chí Minh: số 11 Nguyễn Công Trứ, Phường Sài Gòn (Quận 1 cũ)","https://www.topcv.vn/viec-lam/senior-creative-designer/1847153.html","Thứ 2 - Thứ 6 (từ 08:00 đến 17:30)
Thứ 7: 8h00 - 12h00"
1,"Nhân Viên IT Helpdesk","CÔNG TY CỔ PHẦN NEOFLOOR","- Hải Phòng: Lô 4.3 KCN MP Đình Vũ, Phường Đông Hải (quận Hải An cũ)","https://www.topcv.vn/viec-lam/nhan-vien-it-helpdesk/2137485.html","Thứ 2 - Thứ 7 (từ 08:00 đến 17:00)"
1,"Nhân Viên Tư Vấn Và Kinh Doanh Dịch Vụ Gis","CÔNG TY CỔ PHẦN CÔNG NGHỆ MOBIWORK VIỆT NAM","- Hà Nội: Khu văn phòng tầng 3, Tòa nhà CT1, Khu nhà ở Bộ Công An, Đường Phạm Văn Đồng, Phường Đông Ngạc (quận Bắc Từ Liêm cũ)","https://www.topcv.vn/viec-lam/nhan-vien-tu-van-va-kinh-doanh-dich-vu-gis/2123078.html","Thứ 2 - Thứ 6 (từ 08:00 đến 17:00)
Làm việc từ thứ 2 đến thứ 6 và thứ 7 cách tuần (1 tuần làm thứ 7, 1 tuần nghỉ thứ 7)"
1,"Trợ Lý Công Nghệ (Senior BA)","Công ty Cổ phần đầu tư Giáo dục và phát triển công nghệ Quốc tế Langmaster","- Hà Nội: 201 Cầu Giấy, Phường Cầu Giấy (quận Cầu Giấy cũ)","https://www.topcv.vn/viec-lam/tro-ly-cong-nghe-senior-ba/1882058.html","Thứ 2 - Thứ 6 (từ 08:30 đến 17:30)
02 thứ 7/tháng (tuần 1 & tuần 3)"
1,"AI Product Builder","CÔNG TY TNHH LEVER SPHERE VIỆT NAM","- Hà Nội: Tập đoàn SHG, số 8 đường Quang Trung, Phường Hà Đông (quận Hà Đông cũ)","https://www.topcv.vn/viec-lam/ai-product-builder/2141528.html","Thứ 2 - Thứ 7 (từ 08:30 đến 18:00)
Làm thứ 7 cách tuần
Nghỉ trưa từ 12h - 13h30"
1,"[HCM] Chuyên Viên IT Vận Hành Hệ Thống","CÔNG TY CỔ PHẦN KAPLA VIETNAM","- Hồ Chí Minh: 78-80-82 Đường số 17A, Phường Bình Trị Đông B, Quận Bình Tân, Phường Bình Tân (quận Bình Tân cũ)","https://www.topcv.vn/brand/kaplavietnam/tuyen-dung/hcm-chuyen-vien-it-van-hanh-he-thong-j2152048.html","[""Thứ 2 - Thứ 6 (từ 09:00 đến 18:00)\nThứ 7 (từ 08:00 đến 12:00)""]"
1,"Graphic Designer","HỆ THỐNG Y KHOA CHUYÊN SÂU QUỐC TẾ BERNARD (BERNARD HEALTHCARE)","- Hồ Chí Minh: 201 nam kỳ khởi nghĩa, Phường Xuân Hòa (Quận 3 cũ)","https://www.topcv.vn/viec-lam/graphic-designer/1818304.html","Thứ 2 - Thứ 6 (từ 08:00 đến 17:00)
Thứ Bảy làm tuần 1,3,5. Nghỉ tuần 2,4"
1,"Nhân Viên Tư Vấn Triển Khai Phần Mềm","CÔNG TY TNHH CÔNG NGHỆ PHẦN MỀM NASANI","- Hồ Chí Minh: Phường Trung Mỹ Tây (Quận 12 cũ)","https://www.topcv.vn/viec-lam/nhan-vien-tu-van-trien-khai-phan-mem/2087878.html","Thứ 2 - Thứ 6 (từ 08:00 đến 17:00)
Thứ 7 (từ 08:00 đến 12:00)"
1,Modeling,"CÔNG TY TNHH MTV NIA-STUDIO","- Hà Nội: 48 Tố Hữu, Nam Từ Liêm., Phường Đại Mỗ (quận Nam Từ Liêm cũ)","https://www.topcv.vn/viec-lam/modeling/2152236.html","Thứ 2 - Thứ 6 (từ 09:00 đến 18:30)
Từ thứ 2 đến thứ 6, thứ 7 (1 tháng 1 buổi)
Buổi sáng: 9:00 - 11:30
Buổi chiều: 13:00 - 18:30"
1,"Senior Business Analyst","CÔNG TY TNHH THƯƠNG MẠI VÀ TRUYỀN THÔNG QUẢNG CÁO GOLDEN PHOENIX","- Hà Nội: Toà SHG, số 8 đường Quang Trung, Phường Hà Đông (quận Hà Đông cũ)","https://www.topcv.vn/viec-lam/senior-business-analyst/2113268.html","Thứ 2 - Thứ 7 (từ 08:30 đến 18:00)
Làm thứ 7 cách tuần
Nghỉ trưa từ 12h - 13h30"
1,"Team Leader Java","Công ty cổ phần TechLead","- Hà Nội: Tầng 4 số 11 Nguyển Xiển Thanh Xuân, Phường Khương Đình (quận Thanh Xuân cũ)","https://www.topcv.vn/viec-lam/team-leader-java/1888456.html","Thứ 2 - Thứ 6 (từ 08:30 đến 18:00)
và thứ 7 cách tuần"
1,"IOS Developer - Swift - Từ 3 Năm Kinh Nghiệm Trở Lên","CÔNG TY CỔ PHẦN TOH GROUP","- Hà Nội: 48 Tố Hữu, Phường Đại Mỗ (quận Nam Từ Liêm cũ)","https://www.topcv.vn/viec-lam/ios-developer-swift-tu-3-nam-kinh-nghiem-tro-len/2122963.html","Thứ 2 - Thứ 6 (từ 08:00 đến 17:30)
Sáng thứ 7 chơi cầu lông 2h toàn cty, có hưởng lương."
1,"Nhân Viên Kinh Doanh Phần Mềm (B2B) - Lương Cứng Upto 12M + Hoa Hồng Không Giới Hạn","Abenla Co,.Ltd","- Hồ Chí Minh: Số 3 đường 7a, Phường Bình Thới (Quận 11 cũ)","https://www.topcv.vn/viec-lam/nhan-vien-kinh-doanh-phan-mem-b2b-luong-cung-upto-12m-hoa-hong-khong-gioi-han/2123062.html","Thứ 2 - Thứ 6 (từ 08:30 đến 17:30)
Nghỉ trưa: 12h -13h30
1 tháng làm 2 ngày thứ 7"
1,"Nhân Viên Triển Khai Dự Án","CÔNG TY CỔ PHẦN GIẢI PHÁP CÔNG NGHỆ SỐ ICT VIỆT NAM","- Hà Nội: Tòa Rox Tower -136 Hồ Tùng Mậu, Phường Phú Diễn (quận Bắc Từ Liêm, quận Cầu Giấy cũ)","https://www.topcv.vn/viec-lam/nhan-vien-trien-khai-du-an/1988150.html","Thứ 2 - Thứ 7 (từ 08:00 đến 17:00)"
1,"Kỹ Sư Lập Trình AI Vision","CÔNG TY CỔ PHẦN RTC TECHNOLOGY VIỆT NAM","- Hà Nội: Tầng 1, Tòa CT1B Hateco Apollo, Đường 70, Phường Xuân Phương (quận Nam Từ Liêm cũ)","https://www.topcv.vn/viec-lam/ky-su-lap-trinh-ai-vision/2106966.html","Thứ 2 - Thứ 6 (từ 08:00 đến 17:30)
Từ Thứ 2 - Thứ 6, Thứ 7 làm việc/nghỉ cách tuần (8H00 - 12H00; 13H00 - 17H30)."
1,"Nhân Viên Tư Vấn  Marketing","CÔNG TY TNHH THƯƠNG MẠI DỊCH VỤ ANHI SOLUTION","- Hồ Chí Minh: 12 Đường Số 8, KDC CityLand,, Phường Gò Vấp (quận Gò Vấp cũ)","https://www.topcv.vn/viec-lam/nhan-vien-tu-van-marketing/2024090.html","Thứ 2 - Thứ 7 (từ 08:00 đến 17:00)"
1,"CTV Kỹ Thuật Viễn Thông","CHI NHÁNH CÔNG TRÌNH VIETTEL CÀ MAU - TỔNG CÔNG TY CỔ PHẦN CÔNG TRÌNH VIETTEL","- Cà Mau: (Tất cả phường)","https://www.topcv.vn/viec-lam/ctv-ky-thuat-vien-thong/1737984.html","Thứ 2 - Thứ 7 (từ 08:00 đến 17:00)"
1,"Nhân Viên Thiết Kế Đồ Họa","CÔNG TY TNHH THƯƠNG MẠI DỊCH VỤ KHA LINH","- Hồ Chí Minh: 54/7A Tô Ngọc Vân, Khu phố 1, Thới An, Hồ Chí Minh, Việt Nam, Phường Thới An (Quận 12 cũ)","https://www.topcv.vn/viec-lam/nhan-vien-thiet-ke-do-hoa/1923923.html","Thứ 2 - Thứ 7 (từ 07:30 đến 17:00)
Sáng 7h30 - 11h30
Chiều 13h30 - 17h
Sẽ thống nhất khi phỏng vấn trực tiếp"
1,"Nhân Viên Kinh Doanh / Nhân Viên Tư Vấn / Telesales - Thu Nhập Không Giới Hạn (Không Yêu Cầu Kinh Nghiệm)","CÔNG TY CỔ PHẦN PRENY.AI","- Hồ Chí Minh: 183/38 Bến Vân Đồn, Phường Khánh Hội (Quận 4 cũ)","https://www.topcv.vn/viec-lam/nhan-vien-kinh-doanh-nhan-vien-tu-van-telesales-thu-nhap-khong-gioi-han-khong-yeu-cau-kinh-nghiem/2115485.html","Thứ 2 - Thứ 6 (từ 09:00 đến 18:00)
Thứ 7 làm online tại nhà"
1,"Nhân Viên Thiết Kế Đồ Họa","CÔNG TY CỔ PHẦN TRUYỀN THÔNG THƯƠNG MẠI DỊCH VỤ BEYONDK","- Hồ Chí Minh: 48-50 Châu Văn Liêm, Phường Chợ Lớn (Quận 5 cũ)","https://www.topcv.vn/viec-lam/nhan-vien-thiet-ke-do-hoa/1992462.html","Thứ 2 - Thứ 6 (từ 09:00 đến 18:00)
Thứ 7 - WFH"
1,"Nhân Viên Thiết Kế Đồ Họa","CÔNG TY CỔ PHẦN CÔNG NGHỆ TÀI CHÍNH APEX","- Hà Nội: BTT8-03, Khu đô thị Him Lam Vạn Phúc, Phường Hà Đông (quận Hà Đông cũ)","https://www.topcv.vn/viec-lam/nhan-vien-thiet-ke-do-hoa/2126757.html","Thứ 2 - Thứ 6 (từ 08:00 đến 17:00)
Thứ 7 (từ 08:00 đến 17:00)
Làm 2 Thứ 7/Tháng"
1,"Kỹ Sư Mạng, Bảo Mật","CÔNG TY TNHH CÔNG NGHỆ THÔNG TIN VÀ TRUYỀN THÔNG GTEL","- Hà Nội: Phường Thanh Xuân (quận Thanh Xuân cũ)","https://www.topcv.vn/viec-lam/ky-su-mang-bao-mat/1710682.html","Thứ 2 - Thứ 6 (từ 08:00 đến 17:30)
Sáng thứ 7 hàng tuần"
1,"Chuyên Viên Tư Vấn Phần Mềm Sapo","Công ty Cổ phần Công nghệ Sapo","- Huế: Số 6, Đường số 4, Khu dự án Phú Xuân City, Phường An Cựu (Thành phố Huế cũ)","https://www.topcv.vn/viec-lam/chuyen-vien-tu-van-phan-mem-sapo/2123902.html","Thứ 2 - Thứ 6 (từ 08:00 đến 17:30)
Thứ 7 (từ 08:00 đến 12:00)"
1,"Chuyên Viên Tư Vấn Phần Mềm Sapo","Công ty Cổ phần Công nghệ Sapo","- Quảng Trị: Phường Quảng Trị (Thị xã Quảng Trị cũ)","https://www.topcv.vn/viec-lam/chuyen-vien-tu-van-phan-mem-sapo/2123902.html","Thứ 2 - Thứ 6 (từ 08:00 đến 17:30)
Thứ 7 (từ 08:00 đến 12:00)"
1,"Chuyên Viên Tư Vấn Phần Mềm Sapo","Công ty Cổ phần Công nghệ Sapo","- Quảng Trị: Phường Đồng Hới (Thành phố Đồng Hới cũ)","https://www.topcv.vn/viec-lam/chuyen-vien-tu-van-phan-mem-sapo/2123902.html","Thứ 2 - Thứ 6 (từ 08:00 đến 17:30)
Thứ 7 (từ 08:00 đến 12:00)"
1,"Chuyên Viên Tư Vấn Phần Mềm Sapo","Công ty Cổ phần Công nghệ Sapo","- Đà Nẵng: 83 Xô Viết Nghệ Tĩnh, Phường Cẩm Lệ (quận Cẩm Lệ cũ)","https://www.topcv.vn/viec-lam/chuyen-vien-tu-van-phan-mem-sapo/2123902.html","Thứ 2 - Thứ 6 (từ 08:00 đến 17:30)
Thứ 7 (từ 08:00 đến 12:00)"
1,"Nhân Viên Kinh Doanh Phần Mềm - Quận Thanh Xuân (Hà Nội)","CÔNG TY TNHH CÔNG NGHỆ THIÊN AN","- Hà Nội: 275 Nguyễn Trãi, Phường Thanh Xuân (quận Thanh Xuân cũ)","https://www.topcv.vn/viec-lam/nhan-vien-kinh-doanh-phan-mem-quan-thanh-xuan-ha-noi/2136582.html","Thứ 2 - Thứ 7 (từ 00:00 đến 00:00)
Làm việc giờ hành chính từ thứ Hai đến hết thứ Bảy (cách 1 tuần được nghỉ 1 ngày thứ Bảy)"
1,"Nhân Viên Thiết Kế Đồ Họa","Công Ty Cổ Phần Kiến Trúc I Cộng","- Hà Nội: Tòa UDIC 122-124 Vĩnh Tuy, Phường Hoàng Mai (quận Hoàng Mai cũ)","https://www.topcv.vn/viec-lam/nhan-vien-thiet-ke-do-hoa/2118587.html","Thứ 2 - Thứ 6 (từ 08:00 đến 17:30)
2 ngày Thứ 7/tháng"
1,"Quản Lý Dự Án Tự Động Hóa","CÔNG TY TNHH CÔNG NGHỆ NHẬN THỨC MÁY HORUS AI","- Hà Nội: VOV Mễ Trì, Phường Đại Mỗ (quận Nam Từ Liêm cũ)","https://www.topcv.vn/viec-lam/quan-ly-du-an-tu-dong-hoa/2070239.html","Thứ 2 - Thứ 6 (từ 08:00 đến 17:30)
Thứ 7 (từ 08:00 đến 12:00)
nghỉ trưa từ 12h- 13h30’"
1,"Quản Lý Dự Án ERP","CÔNG TY CỔ PHẦN CƠ ĐIỆN LẠNH HOÀNG ĐẠT","- Hà Nội: G2 Vinhomes Green Bay Mễ Trì, Phường Đại Mỗ (quận Nam Từ Liêm cũ)","https://www.topcv.vn/viec-lam/quan-ly-du-an-erp/2088286.html","Thứ 2 - Thứ 7 (từ 08:00 đến 17:00)
Một tháng nghỉ 2 chiều thứ 7. Thử việc có 2 ngày phép."
1,"Nhân Viên IT","Công ty cổ phần Tổng công ty PGS","- Nghệ An: Số 45 Quang Trung, Phường Thành Vinh (Thành phố Vinh cũ)","https://www.topcv.vn/viec-lam/nhan-vien-it/2148561.html","Thứ 2 - Thứ 7 (từ 08:00 đến 17:30)"
1,"Graphic Designer","CÔNG TY CỔ PHẦN Y TẾ 315","- Hồ Chí Minh: 207B Hoàng Văn Thụ, Phường Phú Nhuận (quận Phú Nhuận cũ)","https://www.topcv.vn/viec-lam/graphic-designer/2144909.html","Thứ 2 - Thứ 6 (từ 08:00 đến 17:00)
Thứ Hai - Thứ Sáu (8h00 - 17h00) & Sáng Thứ Bảy (8h00 - 12h00)"
1,"Nhân Viên Thiết Kế Làm Việc Tại Nha Khoa","CÔNG TY TNHH DỊCH VỤ NHA KHOA QUỐC TẾ SÀI GÒN","- Hồ Chí Minh: 132 Đường 3/2, Phường Hòa Hưng (Quận 10 cũ)","https://www.topcv.vn/viec-lam/nhan-vien-thiet-ke-lam-viec-tai-nha-khoa/1681806.html","Thứ 2 - Thứ 7 (từ 08:30 đến 18:00)"
1,"Nhân Viên Kinh Doanh Phần Mềm ERP","Công Ty Cổ Phần Công Nghệ Cloudify Việt Nam","- Hồ Chí Minh: C.A.M Space Building - Tầng 2, Số 169 Nguyễn Văn Hưởng, Phường An Khánh (Thành phố Thủ Đức cũ)","https://www.topcv.vn/viec-lam/nhan-vien-kinh-doanh-phan-mem-erp/1426765.html","Thứ 2 - Thứ 6 (từ 08:30 đến 18:00)
Thứ 7 (từ 08:30 đến 17:30)
- Văn phòng HCM: T2 - T6: 08h30 - 18h00; Thứ 7 8h30-17h30 làm việc online, xen kẽ cách tuần"
1,"Nhân Viên Kinh Doanh Phần Mềm ERP","Công Ty Cổ Phần Công Nghệ Cloudify Việt Nam","- Hà Nội: Tầng 3 Tòa nhà Dolphin Plaza, Số 6 Nguyễn Hoàng, Phường Từ Liêm (quận Nam Từ Liêm cũ)","https://www.topcv.vn/viec-lam/nhan-vien-kinh-doanh-phan-mem-erp/1426765.html","Thứ 2 - Thứ 6 (từ 08:30 đến 18:00)
Thứ 7 (từ 08:30 đến 17:30)
- Văn phòng HCM: T2 - T6: 08h30 - 18h00; Thứ 7 8h30-17h30 làm việc online, xen kẽ cách tuần"
1,"Nhân Viên Thiết Kế - Designer POD","CÔNG TY TNHH VINASIGNS","- Hồ Chí Minh: Số 15, đường số 10, Phường Tân Hưng (Quận 7 cũ)","https://www.topcv.vn/viec-lam/nhan-vien-thiet-ke-designer-pod/2049010.html","Thứ 2 - Thứ 6 (từ 08:00 đến 17:00)
Thứ 7 làm việc Online"
1,"Project Manager (Dự Án Khối Chính Phủ), Lương Từ 25-35 Triệu, Tại Hà Nội, Đi Làm Nay","CÔNG TY CỔ PHẦN BUCA","- Hà Nội: Tòa nhà Đa năng Hoa Anh Đào, Ngõ 33 Lưu Hữu Phước, Phường Từ Liêm (quận Nam Từ Liêm cũ)","https://www.topcv.vn/viec-lam/project-manager-du-an-khoi-chinh-phu-luong-tu-25-35-trieu-tai-ha-noi-di-lam-nay/1898906.html","Thứ 2 - Thứ 6 (từ 08:00 đến 17:00)
Thứ 7 (từ 08:00 đến 17:00)
Thứ 2 - thứ 6 và 2 ngày thứ 7 trong tháng"
1,"Nhân Viên Design","Brushie Official","- Hà Nội: Tsol Building - Số 36 37 38 Khu TT 1 Kiều Mai, Phường Phú Diễn (quận Bắc Từ Liêm, quận Cầu Giấy cũ)","https://www.topcv.vn/viec-lam/nhan-vien-design/2126912.html","Thứ 2 - Thứ 7 (từ 08:30 đến 18:00)
Thứ 7 về sớm 16h"
1,"Senior Backend Developer (Java) - ID1818","Ngân Hàng TMCP Việt Nam Thịnh Vượng (VPBank)","- Hà Nội: 89 Láng Hạ, Phường Đống Đa (quận Đống Đa cũ)","https://www.topcv.vn/brand/vpbank/tuyen-dung/senior-backend-developer-java-id1818-j2128077.html","[""Thứ 2 - Thứ 6 (từ 08:00 đến 17:30)\nThứ 7 (từ 08:00 đến 12:00)""]"
1,"Sales Phần Mềm JEGA Cloud Design","CÔNG TY CỔ PHẦN JEGA VIỆT NAM","- Hồ Chí Minh: Lầu 6, Tòa nhà PBS Building, Số 6-6A Đường D52 Tân Bình, Phường Bảy Hiền (quận Tân Bình cũ)","https://www.topcv.vn/viec-lam/sales-phan-mem-jega-cloud-design/1890942.html","Thứ 2 - Thứ 7 (từ 08:00 đến 17:00)
Từ thứ 2 đến sáng thứ 7"
1,"Chuyên Viên Phát Triển Sản Phẩm Ứng Dụng","CÔNG TY CỔ PHẦN SALE PLUS","- Hà Nội: Tòa Imperia Garden, 143 Nguyễn Tuân, Thanh Xuân, Phường Thanh Xuân (quận Thanh Xuân cũ)","https://www.topcv.vn/viec-lam/chuyen-vien-phat-trien-san-pham-ung-dung/2119662.html","Thứ 2 - Thứ 7 (từ 08:30 đến 18:00)
Từ T2- sáng T7 hoặc 2 thứ 7 trong tháng , hoặc tự đăng ký lịch T7 miễn đủ tổng công T7."
1,"Nhân Viên Graphic Design","CÔNG TY CỔ PHẦN LUKLAK ARCHITECTS HÀ NỘI","- Hà Nội: Tầng 5, Ngọc Khánh Plaza, Số 1, Phạm Huy Thông, Phường Ba Đình (quận Ba Đình cũ)","https://www.topcv.vn/viec-lam/nhan-vien-graphic-design/1942309.html","Thứ 2 - Thứ 6 (từ 08:30 đến 17:30)
- Thời gian làm việc: Thứ 2 - Sáng Thứ 7"
1,"Nhân Viên Thiết Kế","Công ty TNHH Tín Sinh Phát","- Đồng Nai: Tổ 8c, khu phố 3, Phường Trảng Dài (Thành phố Biên Hòa, huyện Vĩnh Cửu cũ)","https://www.topcv.vn/viec-lam/nhan-vien-thiet-ke/1883089.html","Thứ 2 - Thứ 7 (từ 07:30 đến 17:00)"
1,"ERP Business Analyst","Công ty Cổ phần New Retail CPG","- Hồ Chí Minh: 457 - 459A đường Nguyễn Đình Chiểu (P.5, Q.3 cũ), Phường Bàn Cờ (Quận 3 cũ)","https://www.topcv.vn/viec-lam/erp-business-analyst/2122354.html","Thứ 2 - Thứ 7 (từ 08:30 đến 17:30)
Thứ 7 làm việc tại nhà"
1,"Nhân Viên Kinh Doanh Bán Lẻ","CÔNG TY CỔ PHÂN THƯƠNG MẠI AN VIỆT THỊNH","- Hà Nội: Số 55, Phan Trọng Tuệ, Thanh Liệt, Phường Thanh Liệt (huyện Thanh Trì cũ)","https://www.topcv.vn/viec-lam/nhan-vien-kinh-doanh-ban-le/1974945.html","Thứ 2 - Thứ 7 (từ 09:00 đến 18:00)"
1,"Senior Business Development (Sales B2B Outbound | Hoa Hồng 8 - 21%)","Công ty Cổ Phần Base Enterprise","- Hồ Chí Minh: Jasmine 1 - Hado Centrosa, Phường Hòa Hưng (Quận 10 cũ)","https://www.topcv.vn/viec-lam/senior-business-development-sales-b2b-outbound-hoa-hong-8-21/2070043.html","Thứ 2 - Thứ 6 (từ 08:30 đến 18:00)
Thứ 7 (từ 08:00 đến 12:00)
Thứ Hai – Sáng thứ Bảy (08h30 – 18h00, nghỉ trưa 1,5 tiếng)"
1,"Senior Business Development (Sales B2B Outbound | Hoa Hồng 8 - 21%)","Công ty Cổ Phần Base Enterprise","- Hà Nội: Tầng 16, Tòa HUD số 37 Lê Văn Lương, Phường Thanh Xuân (quận Thanh Xuân cũ)","https://www.topcv.vn/viec-lam/senior-business-development-sales-b2b-outbound-hoa-hong-8-21/2070043.html","Thứ 2 - Thứ 6 (từ 08:30 đến 18:00)
Thứ 7 (từ 08:00 đến 12:00)
Thứ Hai – Sáng thứ Bảy (08h30 – 18h00, nghỉ trưa 1,5 tiếng)"
1,"Database Engineer (PostgreSQL / Optimization)","Công ty TNHH Aziworld","- Hồ Chí Minh: 284/41/2 Lý Thường Kiệt, Phường Diên Hồng (Quận 10 cũ)","https://www.topcv.vn/viec-lam/database-engineer-postgresql-optimization/2130764.html","Thứ 2 - Thứ 6 (từ 08:00 đến 17:00)
Thứ 7 (từ 08:00 đến 12:00)"
1,"Thực Tập Sinh IT","Tập Đoàn Novaon","- Hà Nội: Tầng 27, tòa nhà Central Point, 219 Trung Kính, Yên Hòa, Cầu Giấy, Phường Cầu Giấy (quận Cầu Giấy cũ)","https://www.topcv.vn/viec-lam/thuc-tap-sinh-it/1881906.html","Thứ 2 - Thứ 6 (từ 08:00 đến 17:00)
Thứ 2 đến thứ 6 và 1 buổi sáng thứ 7 đầu tiên của tháng
Buổi sáng checkin linh hoạt từ 07h30 - 09h00"
1,"Nhân Viên Thiết Kế - Designer","Công ty TNHH Liên Kết Thương Mại Toàn Cầu","- Hồ Chí Minh: 290/68 Nhị Bình 7, Ấp 117, Xã Đông Thạnh (huyện Hóc Môn cũ)","https://www.topcv.vn/viec-lam/nhan-vien-thiet-ke-designer/2055060.html","Thứ 2 - Thứ 6 (từ 08:00 đến 17:00)
Thứ 7 (từ 08:00 đến 12:00)"
1,"Nhân Viên Nhập Liệu","Công Ty TNHH Đầu Tư Xây Dựng Và Công Nghệ Môi Trường Dương Nhật","- Hồ Chí Minh: 599 Hoàng Văn Thụ, Phường Tân Sơn Nhất (quận Tân Bình cũ)","https://www.topcv.vn/viec-lam/nhan-vien-nhap-lieu/2123817.html","Thứ 2 - Thứ 6 (từ 08:00 đến 17:30)
Thứ 7 (từ 08:00 đến 12:00)"
1,"Internship Game Designer (Kịch Bản Game)","Công ty cổ phần Công nghệ và Dịch vụ XGame","- Hà Nội: Toà The Nine, số 9 Phạm Văn Đồng, Phường Phú Diễn (quận Bắc Từ Liêm, quận Cầu Giấy cũ)","https://www.topcv.vn/viec-lam/internship-game-designer-kich-ban-game/1969936.html","Thứ 2 - Thứ 6 (từ 08:30 đến 18:00)
Thêm 1 thứ bảy linh hoạt trong tháng"
1,"Nhân Viên Kinh Doanh Thiết Bị Smart Home","CÔNG TY CỔ PHẦN CÔNG NGHỆ TAM MINH - CHI NHÁNH SÀI GÒN","- Hồ Chí Minh: Sarimi Building, 72 Nguyễn Cơ Thạch, Phường An Khánh (Thành phố Thủ Đức cũ)","https://www.topcv.vn/viec-lam/nhan-vien-kinh-doanh-thiet-bi-smart-home/1690658.html","Thứ 2 - Thứ 7 (từ 08:00 đến 17:30)"
1,"Nhân Viên Kinh Doanh Thiết Bị Smart Home","CÔNG TY CỔ PHẦN CÔNG NGHỆ TAM MINH - CHI NHÁNH SÀI GÒN","- Hà Nội: C’Land Tower, Xã Đàn 2, Phường Đống Đa (quận Đống Đa cũ)","https://www.topcv.vn/viec-lam/nhan-vien-kinh-doanh-thiet-bi-smart-home/1690658.html","Thứ 2 - Thứ 7 (từ 08:00 đến 17:30)"
1,"Nhân Viên Designer","CÔNG TY TNHH ICOMIFY","- Hà Nội: Số 82 ngõ 116 Nhân Hòa, Nhân Chính, Thanh Xuân,, Phường Thanh Xuân (quận Thanh Xuân cũ)","https://www.topcv.vn/viec-lam/nhan-vien-designer/2118307.html","Từ Thứ 2 – thứ 6: 08:00-17:00
Sáng thứ 7: 08:00-12:00
Được nghỉ 1 ngày thứ 7 tùy chọn hàng tháng"
1,"Senior AI","CÔNG TY CỔ PHẦN DƯỢC PHẨM FPT LONG CHÂU","- Hồ Chí Minh: Tòa nhà 678, 67 Hoàng Văn Thái, Phường Tân Mỹ (Quận 7 cũ)","https://www.topcv.vn/viec-lam/senior-ai/2122062.html","Thứ 2 - Thứ 6 (từ 08:30 đến 18:30)
Thứ 7 (từ 08:30 đến 12:00)"
1,"Chuyên Viên Tư Vấn Giải Pháp Công Nghệ","CÔNG TY CỔ PHẦN HOSCO VIỆT NAM","- Hà Nội: 73 Cầu Diễn, Phường Xuân Phương (quận Nam Từ Liêm cũ)","https://www.topcv.vn/viec-lam/chuyen-vien-tu-van-giai-phap-cong-nghe/1853350.html","Từ thứ 2 đến sáng thứ 7: 8h - 17h30, nghỉ trưa 12h-13h30"
1,"Chuyên Viên Tư Vấn Giải Pháp Công Nghệ","CÔNG TY CỔ PHẦN HOSCO VIỆT NAM","- Hồ Chí Minh: 57 Bàu Cát 6, Phường Tân Bình (quận Tân Bình cũ)","https://www.topcv.vn/viec-lam/chuyen-vien-tu-van-giai-phap-cong-nghe/1853350.html","Từ thứ 2 đến sáng thứ 7: 8h - 17h30, nghỉ trưa 12h-13h30"
1,"Graphic Design","CÔNG TY CP ĐẦU TƯ Y TẾ RECOVER","- Hồ Chí Minh: 260-262A Điện Biên Phủ, Phường Xuân Hòa (Quận 3 cũ)","https://www.topcv.vn/viec-lam/graphic-design/2063337.html","Thứ 2 - Thứ 6 (từ 08:00 đến 17:30)
Thứ 7 (từ 08:00 đến 12:00)"
1,"Thực Tập Sinh Kiểm Thử","CÔNG TY CỔ PHẦN LIFETEX","- Hà Nội: 15 Tố Hữu, Phường Thanh Xuân (quận Thanh Xuân cũ)","https://www.topcv.vn/viec-lam/thuc-tap-sinh-kiem-thu/1758945.html","Thứ 2 - Thứ 6 (từ 08:00 đến 17:00)
Thứ 7 (từ 08:00 đến 12:00)"
1,"Leader Graphic Designer - Thu Nhập 12-15 Triệu (Chưa Bao Gồm Thưởng) - Đi Làm Ngay","CÔNG TY TNHH THỜI TRANG ADAM","- Hà Nội: 81A Phố Huế, Phường Hai Bà Trưng (quận Hai Bà Trưng cũ)","https://www.topcv.vn/viec-lam/leader-graphic-designer-thu-nhap-12-15-trieu-chua-bao-gom-thuong-di-lam-ngay/2125345.html","Thứ 2 - Thứ 6 (từ 08:30 đến 17:30)
Làm Sáng Thứ 7"
1,"Nhân Viên Quản Lý Chất Lượng (QA/QC/QE)","CÔNG TY CỔ PHẦN ZIONCOM (VIETNAM)","- Hồ Chí Minh: 2A VSIP II-A Đường số 22, Khu công nghiệp Việt Nam – Singapore II-A, Phường Vĩnh Tân (huyện Bắc Tân Uyên, Thành phố Tân Uyên cũ)","https://www.topcv.vn/viec-lam/nhan-vien-quan-ly-chat-luong-qa-qc-qe/2136025.html","Thứ 2 - Thứ 7 (từ 08:00 đến 17:00)"
1,"Chuyên Viên An Toàn Thông Tin (Cyber Security )",EDUPIA,"- Hà Nội: Tầng 6 Tòa Comatce Tower - 61 Ngụy Như Kon Tum, Thanh Xuân, Phường Thanh Xuân (quận Thanh Xuân cũ)","https://www.topcv.vn/brand/educa/tuyen-dung/chuyen-vien-an-toan-thong-tin-cyber-security-j2133103.html","[""Thứ 2 - Thứ 6 (từ 08:00 đến 17:30)\nThứ 7 (từ 08:00 đến 12:00)""]"
